PokemonId,MoveIds
1,14;22;33;34;36;38;45;73;74;75;76;77;79;80;92;156;164;174;182;188;202;203;204;206;214;230;235;241;263;270;275;282;311;331;345;388;402;412;437;438;447;474;491;520;580;803;851;885
2,14;22;33;34;36;38;45;46;73;74;75;76;77;79;80;92;156;164;174;182;188;202;203;204;206;214;230;235;241;263;270;275;282;311;331;345;388;402;412;437;438;447;474;491;520;580;803;851;885
3,14;34;38;46;63;73;74;76;77;79;80;89;92;113;133;156;164;173;174;182;184;188;200;202;203;204;214;230;235;241;263;270;275;282;311;331;338;388;398;402;412;414;416;437;438;447;474;482;491;496;523;572;580;707;803;805;885
4,7;9;10;14;34;36;44;45;46;52;53;68;83;91;108;126;129;156;157;163;164;182;184;187;200;203;206;214;225;231;232;241;242;246;257;261;263;264;270;280;311;315;317;337;349;374;394;406;407;411;421;424;488;517;519;525;784;851;915
5,7;9;10;14;34;36;44;45;46;52;53;68;83;91;108;126;129;156;157;163;164;182;184;187;200;203;206;214;225;231;232;241;242;246;257;261;263;264;270;280;311;315;317;337;349;374;394;406;407;411;421;424;488;517;519;525;784;851;915
6,7;9;14;19;25;34;38;44;46;53;63;68;76;83;89;91;126;156;157;164;173;182;184;187;200;201;203;211;214;231;241;242;246;251;257;261;263;264;270;280;307;311;314;315;317;332;337;349;355;374;394;403;406;407;411;416;421;424;488;496;512;517;523;525;535;542;693;784;799;815;913;915
7,8;33;34;36;38;39;44;54;55;56;57;58;59;91;110;114;156;164;175;182;196;203;214;229;240;243;250;252;263;264;270;280;281;311;323;330;334;341;352;360;374;392;401;428;453;504;518;710;791;812;834;851;861;886
8,8;33;34;36;38;39;44;54;55;56;57;58;59;91;110;114;156;164;175;182;196;203;214;229;240;243;250;252;263;264;270;280;281;311;323;330;334;341;352;360;374;392;401;428;453;504;518;710;791;812;834;851;861;886
9,8;25;34;38;44;46;56;57;58;59;63;89;91;114;127;156;157;164;173;175;182;184;196;200;203;214;229;231;240;242;243;250;252;263;264;270;280;281;291;308;311;317;323;330;334;341;352;360;374;392;396;399;401;406;411;416;419;428;430;442;453;479;496;504;523;710;776;791;805;812;834;861;886
15,14;38;42;63;76;81;92;97;103;116;156;164;168;173;182;188;202;203;213;214;226;241;263;280;282;283;314;332;334;369;371;372;390;398;404;405;416;440;450;458;474;496;512;527;529;565;675;676;679;693;806;814;884
18,18;19;63;97;98;143;156;164;168;173;182;203;211;213;214;240;241;253;257;263;297;332;355;366;369;403;413;416;496;542;814
23,35;36;38;40;43;44;51;89;91;92;103;114;137;141;156;157;164;168;180;182;184;188;189;202;203;214;240;241;242;254;255;256;263;282;305;317;341;342;380;389;390;398;399;402;415;424;441;474;482;489;491;555;562;706;799;806;808;851;885
24,34;35;38;44;63;89;91;92;103;114;137;141;156;157;164;168;173;180;182;184;188;189;202;203;214;220;231;240;241;242;251;254;255;256;263;282;305;317;341;371;380;389;390;398;399;402;415;416;422;423;424;441;474;482;489;491;496;523;525;555;562;675;693;706;707;784;799;806;808;885
25,9;25;34;57;85;86;87;91;97;98;104;113;115;156;164;168;173;175;179;182;186;192;203;204;214;227;231;240;252;263;264;268;270;273;280;282;283;313;321;344;364;374;417;435;447;451;486;496;521;527;528;577;583;598;604;609;804;885;914;918
26,9;25;34;57;63;85;86;87;91;97;98;104;113;115;156;164;168;173;175;179;182;186;192;203;204;214;227;231;240;252;263;264;268;270;273;280;282;283;313;321;344;364;374;409;411;416;417;435;447;451;486;496;521;527;528;577;583;598;604;605;609;693;804;885;914;918
27,10;14;28;34;36;38;40;67;68;89;91;97;111;129;133;141;154;156;157;162;163;164;168;174;175;182;189;191;201;203;205;206;210;214;229;232;241;263;264;280;282;283;317;328;332;341;360;374;398;400;404;414;421;444;446;468;479;523;667;675;707;815;851
28,10;14;28;34;36;38;40;63;67;68;89;91;97;111;129;133;141;154;156;157;162;163;164;168;174;175;182;189;191;201;203;205;206;210;214;229;232;241;263;264;280;282;283;306;317;328;332;341;360;374;398;400;404;411;414;416;421;441;444;446;468;479;523;529;667;675;707;815;851
35,1;7;8;9;34;36;38;45;47;53;58;59;60;76;85;86;87;91;94;101;111;113;115;118;126;129;133;150;156;164;168;182;186;196;203;204;214;217;226;227;236;240;241;244;247;253;263;264;266;270;271;273;280;282;283;285;286;304;309;313;321;322;345;347;352;356;361;374;383;409;428;446;447;451;473;495;500;505;574;577;581;583;585;605;791;800;802;814;851;886;914
36,7;8;9;34;38;47;53;58;59;63;76;85;86;87;91;94;101;113;115;126;133;156;161;164;168;173;182;186;196;203;204;214;219;226;227;236;240;241;244;247;248;253;263;264;266;270;271;273;280;282;283;285;286;304;309;313;321;322;340;347;352;356;361;374;383;403;409;411;416;428;446;447;451;472;473;495;496;500;505;577;581;583;585;595;605;791;800;802;814;886;914
37,34;36;38;39;46;50;52;53;83;91;95;97;98;109;126;129;156;164;175;180;182;203;204;214;219;220;226;227;241;244;257;261;262;263;270;286;311;315;326;336;361;394;399;412;417;428;488;492;506;510;517;555;608;807;851
38,34;38;46;50;53;63;76;83;91;95;97;98;101;109;126;156;164;173;175;180;182;203;204;213;214;219;220;226;227;231;241;244;247;257;261;262;263;270;286;311;313;315;326;336;347;361;371;384;394;399;412;416;417;428;473;488;492;496;500;506;517;541;555;595;608;807;815
39,1;7;8;9;34;36;38;47;50;53;58;59;76;85;86;87;91;94;102;111;113;115;118;126;129;133;156;164;168;182;186;196;201;203;204;214;220;226;227;240;241;244;247;253;254;255;256;263;264;269;270;280;282;283;285;304;313;343;345;347;352;356;360;374;383;399;409;412;417;428;446;447;473;496;497;500;528;574;577;581;583;605;776;802;851;861;885;886;914;917
40,1;7;8;9;34;36;38;47;50;53;58;59;63;76;85;86;87;91;94;102;111;113;115;118;126;129;133;156;164;168;182;186;196;201;203;204;214;220;226;227;240;241;244;247;253;254;255;256;263;264;269;270;280;282;283;285;304;313;343;345;347;352;356;360;374;383;399;409;411;412;416;417;428;446;447;473;496;497;500;528;574;577;581;583;605;776;797;802;851;861;885;886;914;917
43,14;51;71;72;73;74;75;76;77;78;79;80;92;156;164;175;182;188;202;203;204;214;230;235;236;241;263;270;275;298;321;331;345;402;412;437;447;474;491;495;580;585;668;803;851;885
44,14;51;71;72;73;74;75;76;77;78;79;80;92;156;164;175;182;188;202;203;204;214;230;235;236;241;263;270;275;298;321;331;345;402;412;437;447;474;491;495;572;580;585;668;676;803;851;885
45,14;34;63;73;74;76;77;78;79;80;92;156;164;173;175;182;188;202;203;204;213;214;230;235;236;241;263;270;275;298;311;321;331;374;402;412;416;437;447;474;482;491;495;496;572;580;585;605;668;669;676;803;810;885
48,33;36;48;50;60;76;77;78;79;92;93;94;97;101;103;109;129;141;156;164;168;182;188;202;203;214;226;234;241;263;283;285;305;390;405;412;428;450;474;476;491;522;679;806;851;884;917
49,33;36;38;48;50;60;63;76;77;78;79;92;93;94;97;101;109;129;141;156;164;168;182;188;202;203;214;226;241;263;283;285;305;314;369;390;403;405;412;416;428;450;474;482;483;491;512;522;679;806;851;884;917
50,10;14;28;29;34;36;38;45;89;90;91;97;156;157;163;164;168;174;179;182;188;189;201;203;204;214;241;246;253;262;263;270;283;310;317;328;341;350;389;414;421;444;446;468;479;492;515;523;675;707;815;851
51,10;14;28;34;36;38;45;63;89;90;91;97;156;157;161;163;164;168;174;179;182;188;189;201;203;204;214;241;253;263;283;310;317;328;341;350;389;400;414;416;421;444;446;479;482;492;523;675;707;815;851
52,6;10;34;36;38;39;44;45;85;86;87;91;95;97;103;129;133;154;156;163;164;168;175;180;182;196;203;204;206;214;220;232;240;241;244;247;252;263;269;270;282;283;304;313;332;343;364;369;372;387;399;402;408;417;421;441;492;555;583;675;808;851;885;886
53,6;10;34;36;38;44;45;46;63;85;86;87;91;97;103;129;133;154;156;163;164;168;180;182;196;203;204;206;214;220;232;240;241;244;247;252;263;269;270;282;283;304;313;332;364;369;372;399;402;408;415;416;417;421;441;492;555;583;675;806;808;851;885;886
54,8;10;34;36;38;39;50;55;56;57;58;59;60;67;91;93;94;95;103;109;113;114;118;127;129;133;154;156;164;168;182;196;203;214;227;238;240;244;250;263;264;269;270;280;281;282;283;285;330;341;347;352;374;401;410;417;421;428;472;473;487;490;493;499;710;812;851;885;886;917
55,8;10;34;36;38;39;50;55;56;57;58;59;60;63;67;91;93;94;103;109;113;114;118;127;129;133;154;156;164;168;182;196;203;214;227;240;244;248;250;263;264;269;270;280;282;283;285;330;341;347;352;374;401;408;410;411;416;417;421;428;447;453;472;473;487;490;710;812;851;885;886;917
56,7;8;9;10;34;36;37;38;43;67;68;69;85;89;91;103;116;118;129;154;156;157;164;168;174;179;180;182;184;200;203;207;214;227;238;240;241;251;253;263;264;269;270;280;283;315;317;339;343;369;370;372;374;398;400;402;409;411;421;441;444;490;512;515;523;675;707;808;851
57,7;8;9;10;34;36;37;38;43;63;67;69;85;87;89;91;103;116;118;129;154;156;157;164;168;174;179;180;182;184;200;203;207;214;227;238;240;241;253;263;264;269;270;280;283;315;317;339;369;370;372;374;398;402;409;410;411;416;421;441;444;446;479;490;512;515;523;675;707;808;851;889
58,24;34;36;37;38;43;44;46;52;53;83;91;97;126;129;156;164;168;172;174;179;182;184;200;203;204;214;234;241;242;257;261;263;270;315;336;343;370;394;422;424;488;514;528;555;583;706;833;851;915
59,34;37;38;44;46;53;63;76;83;91;97;126;156;164;168;173;174;179;182;184;200;203;204;214;231;234;241;242;245;257;261;263;270;304;315;332;336;343;370;394;406;416;422;424;442;488;496;523;528;535;555;583;682;706;815;833;915
60,1;34;36;38;54;55;56;57;58;59;61;67;91;94;95;114;127;129;133;150;156;164;168;182;187;189;196;203;214;227;240;250;263;264;270;283;311;330;341;352;414;523;710;851;886
61,1;8;34;36;38;54;55;56;57;58;59;61;67;89;91;94;95;114;118;127;129;133;150;156;164;168;182;187;189;196;203;214;227;240;244;250;263;264;270;280;283;311;330;341;352;374;414;490;523;710;851;886
62,1;8;34;36;38;54;55;56;57;58;59;61;63;67;89;91;94;95;114;118;127;129;133;150;156;157;164;168;179;182;184;187;189;196;203;214;223;226;227;240;244;250;263;264;269;270;280;282;283;311;317;330;339;341;352;370;374;398;409;410;411;414;416;490;509;523;667;675;710;811;851;886;918
65,7;8;9;25;34;50;63;86;94;104;105;113;115;156;161;164;168;173;182;203;213;214;219;227;231;240;241;247;248;263;269;271;272;285;286;347;374;384;385;409;411;412;416;417;427;428;433;447;470;472;473;478;492;496;500;502;605;678;683;797
68,7;8;9;25;34;38;53;63;67;68;69;89;91;113;116;126;156;157;164;168;173;179;182;184;197;203;213;214;223;227;238;240;241;263;270;276;280;282;317;321;339;350;370;371;372;374;398;409;411;416;418;440;444;469;480;484;490;496;501;523;663;667;675;693;707;811
69,14;21;22;35;51;74;75;76;77;78;79;92;115;141;156;164;168;182;188;202;203;214;227;230;235;241;263;275;282;311;321;331;345;380;388;389;398;402;412;437;438;447;474;482;491;499;580;668;679;803;851;884;885
70,14;21;22;34;35;51;74;75;76;77;78;79;92;115;129;141;156;164;168;182;188;202;203;214;227;230;235;241;263;275;282;311;321;331;345;380;388;389;398;402;412;437;438;447;450;474;482;491;499;580;668;679;803;851;884;885
71,14;34;35;63;74;76;77;78;79;92;115;141;156;164;168;173;182;184;188;202;203;214;227;230;235;241;254;255;256;263;275;282;311;321;331;348;380;388;389;390;398;402;412;416;437;438;447;450;474;482;491;496;499;580;668;679;803;884;885
72,14;35;40;48;51;55;56;57;58;59;61;62;92;103;109;114;129;151;156;164;168;182;188;196;202;203;214;229;240;243;250;263;282;321;330;341;352;367;390;392;398;441;474;482;491;506;605;675;710;812;851;884;886
73,14;35;40;48;51;55;56;57;58;59;61;62;63;92;103;109;114;129;151;156;164;168;182;184;188;196;202;203;214;229;240;243;250;263;282;311;321;330;341;352;367;390;392;398;416;441;474;482;491;506;513;605;675;710;806;812;851;884;886
74,5;7;9;33;34;36;38;53;88;89;91;111;118;120;126;153;156;157;164;174;175;182;184;189;201;203;205;214;223;241;263;264;280;317;334;335;341;350;359;360;374;397;414;444;446;469;479;523;667;707;851
75,5;7;9;33;34;36;38;53;88;89;91;111;118;120;126;153;156;157;164;174;175;182;184;189;201;203;205;214;223;241;263;264;280;317;334;335;341;350;359;360;374;397;411;414;442;444;446;469;479;484;523;667;707;776;851;912
76,5;7;9;33;34;36;38;46;53;63;88;89;91;111;118;120;126;153;156;157;164;174;175;182;184;189;201;203;214;223;241;263;264;280;317;334;335;341;350;359;360;374;397;411;414;416;442;444;446;469;479;484;523;667;707;776;851;912
79,23;29;33;34;36;45;50;53;55;56;57;58;59;60;86;89;91;93;94;113;126;127;129;133;156;164;174;182;187;196;203;214;240;241;244;247;250;263;270;271;281;285;286;303;311;335;341;347;352;419;428;433;447;473;492;500;505;523;562;678;710;797;851;883;886
80,8;34;50;53;56;57;58;59;63;86;89;91;94;113;126;127;133;156;161;164;173;174;182;187;196;203;214;219;231;240;241;244;247;248;250;263;264;270;271;280;281;285;286;291;303;311;330;334;335;341;347;352;374;409;411;416;417;419;428;433;447;472;473;492;496;500;503;505;523;534;562;678;710;776;797;883;886;917
81,33;36;48;84;85;86;87;103;109;113;115;129;153;156;164;182;192;199;201;203;209;214;240;241;263;268;270;319;334;356;360;393;430;435;442;451;484;486;521;527;528;598;604;796;851
82,33;36;48;63;84;85;86;87;103;109;113;115;129;156;161;164;182;192;199;201;203;209;214;240;241;263;268;270;319;334;356;360;393;430;435;442;451;484;486;521;527;528;598;604;796;851
84,14;18;31;34;36;37;38;45;64;65;67;97;98;129;143;156;164;168;175;182;189;203;214;226;240;241;253;263;270;282;283;297;332;365;366;367;372;413;458;512;675;679;851
85,14;18;19;31;34;36;37;38;45;63;64;65;67;97;98;129;143;156;161;164;168;175;182;184;189;203;214;226;240;241;253;263;269;270;282;283;297;332;365;366;367;372;413;416;458;512;529;675;679;707;851;884;885
86,29;32;34;36;38;45;50;56;57;58;59;62;114;122;127;156;164;168;174;182;195;196;203;204;214;219;227;240;250;252;253;254;255;256;263;270;291;311;330;333;352;362;374;392;401;419;420;453;494;529;562;684;812;813;851;861;883;886
87,29;32;34;36;38;45;50;56;57;58;59;62;63;114;122;127;156;164;168;174;182;195;196;203;204;214;219;227;240;250;252;253;254;255;256;263;270;282;283;291;311;329;330;333;352;362;374;392;401;416;419;420;453;494;529;562;583;684;710;812;813;851;861;883;886;914
88,1;7;8;9;34;36;50;53;85;87;91;92;103;106;107;109;114;118;124;126;139;151;156;157;164;168;174;182;184;188;189;201;202;203;212;214;220;240;241;247;254;255;256;262;263;269;270;286;317;325;341;374;398;409;425;428;441;474;482;491;506;562;851
89,1;7;8;9;34;36;50;53;63;85;87;91;92;103;106;107;109;114;118;124;126;129;139;151;156;157;164;168;174;180;182;184;188;189;201;202;203;214;220;240;241;247;262;263;264;269;270;280;282;286;317;341;374;390;398;399;409;411;416;428;441;474;482;491;506;562;679;808;851
90,33;36;43;48;55;56;57;58;59;61;62;110;127;129;156;164;182;191;196;203;214;240;250;263;270;333;334;341;350;352;390;392;419;420;504;534;710;791;851;861;883;886
91,33;34;36;43;48;55;56;57;58;59;62;63;110;113;127;129;156;164;182;184;191;196;203;214;240;250;263;270;311;333;334;341;350;352;390;398;416;419;420;504;529;534;556;684;710;851;861;883;886
92,7;8;9;50;85;87;92;94;95;101;109;114;122;123;138;156;164;168;174;180;182;184;188;194;195;196;202;203;212;214;220;240;241;244;247;261;263;269;271;285;286;310;371;389;398;399;412;417;433;441;474;482;491;492;499;506;513;605;806;809;851
93,7;8;9;85;87;92;94;95;101;109;114;118;122;138;156;164;168;174;180;182;184;188;194;196;202;203;212;214;220;227;240;241;244;247;261;263;269;271;285;286;325;371;374;389;390;398;399;411;412;417;421;433;441;474;482;491;492;506;566;605;806;809;851
94,7;8;9;34;50;63;85;86;87;92;94;95;101;109;114;120;156;164;168;173;174;180;182;184;188;194;195;196;202;203;212;214;220;240;241;244;247;261;263;264;269;271;280;282;285;286;325;371;374;389;390;398;399;409;411;412;416;417;421;433;441;472;474;482;491;492;496;499;506;513;566;605;806;809;810;917
96,1;7;8;9;29;34;36;38;50;60;67;86;92;93;94;95;101;113;114;115;118;129;139;156;164;168;174;182;203;207;214;227;240;241;244;247;248;260;263;264;269;270;271;272;280;282;283;285;286;347;374;385;409;411;417;427;428;433;447;471;473;490;492;500;577;605;678;797;851;885;917
97,1;7;8;9;29;34;36;38;50;60;63;67;86;92;93;94;95;101;109;113;114;115;118;129;139;156;164;168;174;182;184;203;207;214;226;227;240;241;244;247;248;263;264;269;270;271;280;282;283;285;286;347;374;409;411;415;416;417;428;433;447;473;490;492;500;506;577;605;678;776;797;851;885;917
100,33;36;38;84;85;86;87;97;103;113;120;129;153;156;164;168;182;203;205;209;214;240;243;263;268;269;270;278;319;360;393;435;451;486;492;521;527;528;598;604;851
101,33;36;38;63;84;85;86;87;97;103;113;120;129;153;156;164;168;174;182;184;203;205;209;214;240;243;263;268;269;270;319;360;393;416;435;451;486;492;521;527;528;598;602;604;851;916
102,14;60;71;72;73;76;77;78;79;93;94;95;113;115;156;164;168;174;182;188;202;203;214;235;236;241;244;246;253;263;270;271;275;285;286;326;331;335;388;402;412;428;437;447;473;500;580;803;851;917
103,14;23;34;36;38;60;63;67;71;72;73;76;89;93;94;95;113;115;156;164;168;174;182;188;202;203;214;235;241;244;248;253;263;270;271;285;286;326;331;345;347;356;388;402;412;416;428;433;437;447;452;473;500;523;580;678;707;797;803;851;917
106,14;24;25;33;34;36;38;67;68;89;116;118;129;136;156;157;164;168;179;182;183;184;189;203;214;226;229;240;241;252;253;263;269;270;280;282;283;299;317;339;364;370;374;389;396;398;410;411;416;418;444;469;490;523;675;679;707;811;851;853;918
107,5;7;8;9;14;33;34;36;38;67;68;89;97;116;118;129;136;156;157;164;168;179;182;183;184;189;197;203;214;226;227;229;240;241;252;253;263;264;269;270;280;282;283;317;339;364;370;374;396;398;409;410;411;416;418;444;490;501;523;675;811;851;885;918
109,33;34;36;53;60;85;87;92;108;114;120;123;124;126;139;153;156;164;168;174;180;182;184;188;194;203;214;220;240;241;247;254;255;256;261;262;263;269;360;372;390;399;441;474;482;491;499;562;851
110,33;34;36;53;60;63;85;87;92;108;114;120;123;124;126;139;153;156;164;168;174;180;182;184;188;194;203;214;220;240;241;247;257;261;262;263;269;360;372;390;399;416;441;458;474;482;491;499;562;851
111,14;23;30;32;33;34;36;38;39;46;53;58;59;68;85;87;89;91;126;156;157;164;168;174;179;182;184;189;196;201;203;214;224;240;241;242;253;263;283;317;341;350;368;397;398;406;407;414;422;423;424;444;446;470;479;484;523;529;667;684;707;776;815;851;916
112,7;8;9;14;23;30;32;33;34;36;38;39;46;53;56;57;58;59;63;68;85;87;89;91;126;156;157;164;168;174;179;182;184;189;196;200;201;203;214;224;240;241;242;253;263;264;270;280;283;317;334;341;350;359;368;374;397;398;406;407;411;414;416;419;421;422;423;424;444;446;470;479;484;523;529;535;667;684;707;776;784;800;815;851;916
113,1;7;8;9;34;36;38;39;47;53;58;59;63;69;76;85;86;87;89;94;111;113;118;126;129;135;156;157;164;168;182;186;196;201;203;204;214;215;217;240;241;247;263;270;280;283;285;304;317;343;347;352;356;361;374;383;387;409;411;416;428;446;447;497;500;505;523;528;574;604;605;707;791;851;883;885;886
115,7;8;9;25;34;38;44;50;53;56;57;58;59;63;67;68;76;85;87;89;91;116;126;156;157;164;168;173;179;182;196;200;201;203;213;214;219;223;231;240;241;242;247;250;251;252;253;263;270;280;283;317;359;372;374;387;389;409;411;416;419;421;458;496;509;523;805
116,43;50;55;56;57;58;59;61;62;97;108;116;127;129;150;156;164;175;182;196;200;203;214;225;239;240;250;263;311;330;349;352;406;430;499;710;799;812;851;886
117,43;50;55;56;57;58;59;61;62;63;97;108;116;127;129;150;156;164;175;182;184;196;200;203;214;225;239;240;250;263;311;330;349;352;406;416;430;499;710;799;812;851;883;886
121,38;56;57;58;59;63;85;86;87;94;97;105;107;109;113;115;120;127;156;161;164;173;182;196;203;214;219;229;240;246;250;263;271;285;291;322;339;352;356;360;408;416;419;427;428;430;433;447;451;453;472;473;496;502;503;605;710;797;800;812;861;886
123,14;17;36;43;63;68;97;98;104;113;116;129;156;163;164;168;179;182;184;203;206;210;214;226;240;241;263;270;280;314;332;364;366;369;370;400;403;404;405;410;416;432;450;458;501;512;522;679;806;814;851;884;885
125,7;8;9;34;36;38;43;63;67;84;85;86;87;94;98;103;113;118;129;156;164;168;182;203;214;223;238;240;253;263;264;266;268;269;270;280;282;319;339;351;359;364;374;411;416;435;451;486;490;521;527;528;598;604;851;885;916
126,7;9;34;36;38;43;46;52;53;63;67;83;94;108;109;118;123;126;156;164;168;172;174;182;183;184;187;203;214;223;238;241;253;257;261;263;264;266;269;270;280;282;315;374;394;398;411;416;436;488;490;491;499;535;562;807;815;851;915
127,12;14;20;34;37;63;69;89;91;98;116;156;157;164;168;173;175;179;182;197;203;213;214;240;241;263;270;276;280;317;332;334;339;364;370;374;404;411;416;444;446;450;458;480;496;509;523;667;675;679;693;884;912
128,34;37;38;53;57;58;59;63;76;85;87;89;91;126;156;157;164;168;173;174;179;182;184;196;200;201;203;207;214;224;231;240;241;247;250;253;263;270;283;317;370;371;372;416;428;442;444;496;523;528;667;675;684;707;808;873;885
129,33;150;175
130,34;37;38;44;46;53;56;57;58;59;63;85;86;87;89;126;127;156;164;173;175;180;182;184;196;200;201;203;207;214;231;240;241;242;250;253;263;269;270;283;291;330;340;349;352;371;399;401;406;407;416;419;423;438;442;444;496;503;523;525;542;693;799;808;886;913;915
131,32;34;36;38;45;47;54;55;56;57;58;59;63;85;87;89;90;94;109;114;115;127;156;164;174;182;195;196;200;203;204;214;240;246;250;263;270;304;311;321;329;330;333;349;352;362;406;416;419;420;428;442;523;529;573;574;664;684;710;776;791;851;883;886;913;914;917
132,144
133,24;28;33;34;36;38;39;44;45;46;91;98;129;156;164;174;175;182;189;197;203;204;214;226;240;241;247;263;270;273;281;304;311;313;321;343;347;383;387;500;608;851;885;914
134,34;38;44;46;56;57;58;59;63;91;98;114;116;127;151;156;164;173;174;175;182;189;196;197;203;204;214;226;231;240;241;247;250;263;270;273;281;291;304;311;313;321;330;343;347;352;383;387;392;416;496;500;503;608;710;812;885;886;914
135,34;38;42;44;46;63;85;86;87;91;97;98;113;116;156;164;173;174;175;182;189;197;203;204;214;226;240;241;247;263;268;270;273;281;304;311;313;319;321;343;347;383;387;416;422;435;451;486;496;500;521;527;528;598;604;608;804;885;914
136,34;38;44;46;53;63;83;91;98;116;126;156;164;173;174;175;182;184;189;197;203;204;214;226;240;241;247;257;261;263;270;273;276;281;283;304;311;313;315;321;343;347;383;387;394;416;424;436;488;496;500;608;807;815;885;914;915
137,33;36;38;58;59;60;63;76;84;85;86;87;94;97;105;129;156;160;161;164;168;176;182;192;196;199;203;214;240;241;247;263;268;271;278;356;393;416;428;433;435;451;473;492;527;598;851
142,18;19;44;46;53;63;89;97;126;143;156;157;164;168;173;174;182;184;201;203;207;211;213;214;231;240;241;242;246;257;263;269;317;332;337;349;350;355;366;371;372;406;414;416;422;423;424;442;444;446;469;496;523;542;693;706;800;814
143,7;8;9;34;38;44;53;56;57;58;59;63;68;76;85;87;89;90;91;103;120;126;133;156;157;164;173;174;175;182;187;189;196;200;201;203;204;213;214;227;240;241;242;247;253;254;256;263;264;270;276;278;280;281;304;317;335;343;359;374;380;387;402;411;416;428;441;442;479;484;496;523;528;535;562;667;707;776;805;885;886;912;916
144,16;19;36;38;46;54;58;59;63;97;113;114;115;129;156;164;181;182;196;201;203;214;240;241;246;263;270;297;311;314;329;332;333;352;355;366;369;403;413;416;419;420;542;573;813;814;851;861;883
145,19;36;63;64;65;84;85;86;87;97;113;129;156;164;182;192;197;201;203;214;226;240;241;246;257;263;268;270;311;314;319;332;355;365;366;369;413;416;435;486;512;521;528;542;598;602;604;814;851;916
146,16;17;19;36;38;43;46;52;53;63;76;83;97;126;129;143;156;164;182;201;203;214;219;240;241;246;257;261;263;270;311;314;315;332;355;366;369;394;403;413;416;488;510;512;542;807;814;815;851;915
147,21;34;35;36;43;48;53;54;56;57;58;59;63;83;85;86;87;97;113;114;126;127;129;156;164;182;196;200;203;214;219;225;239;240;241;245;263;270;349;352;401;406;407;416;434;442;453;525;784;799;851;886;913
148,21;34;35;36;43;53;56;57;58;59;63;83;85;86;87;97;113;114;126;127;129;156;164;182;196;200;203;214;219;239;240;241;263;270;311;349;352;401;406;407;416;434;442;525;784;799;851;886;913
149,7;8;9;18;19;25;34;35;46;53;56;57;58;59;63;67;83;85;86;87;89;97;113;114;126;127;156;157;164;173;182;184;196;200;201;203;211;214;219;231;240;241;245;257;263;264;270;276;280;291;311;314;317;332;337;349;352;355;366;374;401;403;406;407;411;416;434;442;444;453;496;523;525;542;693;707;776;784;799;861;883;886;913
150,7;8;9;34;36;38;50;53;54;58;59;60;63;67;76;85;86;87;89;93;94;97;101;105;109;113;115;118;126;129;133;156;157;164;174;179;180;182;184;196;201;203;214;219;240;241;244;246;247;248;261;263;264;269;270;271;280;282;285;286;311;317;339;347;356;374;384;385;396;398;399;408;409;411;412;414;416;417;419;427;428;433;444;447;473;486;490;492;500;506;523;540;542;678;707;791;797;808;851;885;886;917
151,1;7;8;9;14;19;34;36;38;46;53;56;57;58;59;60;63;67;76;83;85;86;87;89;91;92;94;97;101;109;113;114;115;118;126;127;129;133;141;144;156;157;162;164;168;174;179;180;182;184;188;189;191;196;200;201;202;203;204;206;214;220;226;227;232;240;241;242;244;246;247;248;250;253;257;261;263;264;268;269;270;271;280;282;283;285;286;297;304;307;308;311;313;314;315;317;319;328;330;331;332;333;334;337;338;339;341;342;345;347;349;350;352;356;360;366;369;370;374;390;394;396;398;399;402;403;404;405;406;408;409;410;411;412;413;414;416;417;419;421;422;423;424;428;430;433;434;437;441;442;444;446;447;450;451;473;474;479;482;484;486;488;490;491;492;500;503;506;512;513;518;519;520;521;522;523;525;527;528;529;535;542;555;566;572;574;577;580;581;583;598;604;605;667;669;675;676;678;679;684;706;707;710;776;784;791;796;797;799;800;802;803;806;807;808;809;811;812;813;814;815;851;861;883;884;885;886;912;913;914;915;916;917;918
152,14;22;33;34;36;38;45;68;73;75;76;77;113;115;156;164;174;175;182;189;202;203;204;214;219;227;230;235;241;246;263;270;275;313;331;345;402;412;437;447;505;520;580;669;803;851;885
153,14;22;33;34;36;38;45;68;73;75;76;77;113;115;156;164;174;175;182;189;202;203;204;214;219;227;230;235;241;246;263;270;275;282;313;331;345;402;412;437;447;505;520;580;669;707;803;851;885
154,14;34;38;63;68;73;76;77;80;89;113;115;156;164;173;174;175;182;189;200;202;203;204;214;219;227;230;231;235;241;246;263;270;275;282;283;311;313;331;338;348;402;412;414;416;428;437;447;496;505;523;525;572;580;605;669;676;707;776;803;885
155,24;33;34;36;38;43;46;52;53;83;91;98;108;111;126;129;156;164;172;174;179;182;203;205;214;241;257;261;263;284;315;326;332;336;343;394;424;428;436;442;488;517;519;528;583;807;851;915
156,24;33;34;36;38;43;46;52;53;83;91;98;108;111;126;129;156;164;172;174;179;182;203;205;214;241;257;261;263;280;283;284;315;326;332;336;343;394;424;428;436;442;488;517;519;528;583;807;851;915
157,7;9;25;34;38;46;53;63;67;76;83;89;91;98;126;156;157;164;173;174;179;182;203;214;241;247;257;261;263;264;270;280;283;284;307;315;317;326;332;336;343;360;374;394;411;416;421;424;428;436;442;488;496;517;523;528;583;675;682;707;807;815;915
158,8;10;14;36;37;38;43;44;55;56;57;58;59;67;68;91;103;127;156;157;163;164;168;174;175;180;182;184;189;196;203;214;232;240;242;246;250;253;260;263;264;276;280;283;313;317;330;332;335;337;349;352;374;401;421;423;453;518;710;784;812;851;885;886
159,8;10;14;36;37;38;43;44;46;55;56;57;58;59;67;68;91;103;127;156;157;163;164;168;174;175;180;182;184;189;196;203;214;232;240;242;246;250;253;260;263;264;276;280;283;313;317;330;332;335;337;349;352;374;401;421;423;453;518;706;710;784;812;851;885;886
160,8;14;25;34;37;38;44;46;56;57;58;59;63;67;68;89;91;97;103;127;156;157;164;168;173;174;175;180;182;184;189;196;200;203;214;231;240;242;246;250;253;260;263;264;270;276;280;283;291;308;313;317;330;332;335;337;341;349;352;374;401;406;411;416;419;421;423;453;496;523;525;555;693;706;707;710;784;799;808;812;885;886
161,7;8;9;10;21;34;36;38;53;57;58;59;76;85;87;91;98;111;116;129;133;154;156;162;163;164;168;179;182;203;204;214;226;240;241;247;253;263;264;266;270;271;280;282;283;304;352;369;374;387;389;402;421;447;451;583;608;851;882;885;886
162,7;8;9;10;21;34;36;38;53;57;58;59;63;76;85;87;91;97;98;111;116;129;133;154;156;162;163;164;168;179;182;203;204;214;226;240;241;247;253;263;264;266;270;271;280;282;283;304;352;369;374;387;389;402;411;416;421;428;447;451;489;583;608;851;882;885;886
163,17;18;19;33;36;45;48;60;64;93;94;95;97;101;109;114;115;129;133;138;156;164;168;180;182;203;214;240;241;244;247;253;257;263;285;286;297;304;314;326;332;347;355;366;403;413;417;428;432;497;500;512;542;585;814;851
164,17;18;19;33;34;36;38;45;48;60;63;64;93;94;95;97;101;109;114;115;129;133;138;143;156;164;168;174;180;182;184;203;214;240;241;244;247;248;253;257;263;285;286;297;304;314;326;332;347;355;366;403;413;416;417;428;497;500;512;542;585;814;851;917
167,40;42;50;71;76;81;91;92;94;97;101;141;154;156;164;168;180;182;184;188;202;203;214;224;226;241;263;282;389;390;398;400;404;405;425;440;450;474;476;482;491;492;506;522;527;564;611;672;679;806;851;884;885
168,14;34;42;50;63;76;81;91;92;94;97;101;103;116;141;156;164;168;173;180;182;184;188;202;203;214;224;226;241;263;282;340;372;389;390;398;400;404;405;416;425;440;450;474;476;482;491;492;496;506;522;527;564;565;611;660;672;675;679;684;707;806;884;885
170,36;38;48;54;55;56;57;58;59;60;61;85;86;87;97;109;127;133;156;164;174;175;182;196;203;209;214;240;250;263;268;330;352;389;392;435;451;486;487;503;521;527;528;598;604;605;710;812;851;886
171,36;38;48;54;55;56;57;58;59;60;61;63;85;86;87;97;109;127;133;156;164;174;175;182;196;203;209;214;240;250;254;255;256;263;268;330;352;389;392;416;435;451;486;487;503;521;527;528;598;604;605;710;812;851;886
172,9;34;36;39;57;84;85;86;87;113;115;129;156;164;175;179;182;186;203;204;214;217;227;240;252;263;268;270;273;321;374;417;447;486;521;527;528;574;583;589;604;609;851;885
173,1;34;47;53;60;76;86;91;94;113;115;118;126;129;133;150;156;164;182;186;196;203;204;214;217;227;240;241;247;253;263;270;271;273;283;304;313;321;345;347;352;356;374;383;428;447;473;500;505;574;577;581;583;605;851;886;914
174,1;34;36;38;47;50;53;76;86;91;94;111;113;115;126;129;156;164;182;186;195;196;203;204;205;214;217;220;227;240;241;244;247;263;270;273;283;304;313;343;356;374;383;387;447;505;528;574;577;581;583;605;851;885;914
179,33;34;36;38;45;84;85;86;87;91;97;109;113;115;156;164;178;182;203;214;240;241;260;263;268;270;283;408;435;451;486;495;521;527;528;538;598;604;605;851;885
180,7;8;9;33;34;36;38;45;46;67;84;85;86;87;91;97;109;113;115;129;156;164;178;182;203;214;240;241;263;264;268;270;280;283;374;408;435;451;486;521;527;528;538;598;604;605;851;885
181,7;8;9;25;34;38;46;63;67;85;86;87;91;97;103;109;113;115;156;164;173;178;182;192;200;203;214;219;231;240;241;260;263;264;268;270;280;283;374;406;408;411;416;435;451;486;495;496;521;523;525;527;528;538;570;598;602;604;605;693;707;784;800;804;885;913;916
182,14;51;63;71;72;73;74;75;76;77;78;79;80;92;156;164;175;182;188;202;203;204;214;226;227;230;235;236;241;253;263;270;275;283;298;311;321;331;345;374;402;409;412;416;437;447;474;483;491;495;572;580;583;585;605;668;669;676;803;813;851;885
183,8;21;33;34;36;38;39;55;56;57;58;59;61;91;111;113;118;127;129;133;156;164;182;189;196;203;204;205;214;227;240;250;263;264;270;276;280;282;304;313;330;340;341;352;374;392;401;447;523;574;577;581;583;710;802;851;861;883;885;886;914
184,8;34;38;47;56;57;58;59;63;91;113;127;133;156;164;173;182;187;189;195;196;203;204;214;227;231;240;248;250;253;263;264;270;276;280;282;291;304;313;321;330;340;341;352;374;383;392;401;411;416;447;453;487;496;523;577;581;583;693;710;802;861;883;885;886;914
185,7;8;9;21;34;36;38;63;67;68;88;89;91;102;156;157;164;168;174;175;182;189;191;201;203;214;241;244;263;264;269;270;280;283;313;317;328;334;335;341;347;350;359;374;383;389;408;409;414;416;444;446;447;452;457;479;490;492;523;667;707;715;776;800;851;885
186,1;8;34;38;56;57;58;59;63;67;89;91;94;95;103;114;127;133;156;164;168;173;182;187;189;195;196;203;207;213;214;227;240;244;250;253;263;264;270;280;283;291;304;311;330;340;341;352;374;411;414;416;490;496;523;710;886
187,14;33;36;38;39;71;72;73;76;77;78;79;113;115;150;156;164;168;178;182;202;203;204;214;226;227;235;240;241;262;263;270;331;332;340;345;366;369;374;388;402;412;415;437;447;476;512;538;580;584;605;668;676;679;851;885
188,14;33;36;38;39;71;72;73;76;77;78;79;113;115;150;156;164;168;178;182;202;203;204;214;226;227;235;241;262;263;270;283;331;332;340;345;366;369;374;402;412;437;447;512;580;584;605;676;679;851;885
189,14;33;36;38;39;63;71;72;73;76;77;78;79;113;115;150;156;164;168;178;182;202;203;204;214;226;227;235;240;241;262;263;270;283;331;332;340;345;366;369;374;402;412;416;437;447;512;580;584;605;676;679;851;885
190,7;8;9;10;21;28;36;38;39;67;68;76;85;86;87;91;97;103;118;129;154;156;164;168;180;182;189;203;214;226;231;240;241;247;251;252;263;264;269;270;280;282;283;310;321;332;340;341;343;352;369;374;387;402;415;417;421;441;447;458;479;490;492;501;512;675;851;885;886;918
191,33;36;38;71;72;73;74;75;76;113;156;164;174;182;202;203;214;227;234;235;240;241;263;270;275;283;311;331;345;388;402;412;414;437;447;580;851;885
192,1;14;33;36;38;63;71;72;73;74;75;76;80;113;156;164;174;182;188;202;203;214;227;240;241;263;270;275;283;311;331;345;388;402;412;414;416;437;447;572;580;605;803;851;885
193,14;17;18;33;36;38;48;76;94;95;98;103;104;129;141;156;164;168;179;182;197;202;203;214;241;244;246;247;253;263;314;332;364;366;369;403;405;450;522;679;806;851;884;917
194,21;24;34;36;38;39;54;55;56;57;58;59;68;89;91;92;105;114;127;133;156;157;164;174;182;188;189;191;196;201;203;214;227;240;246;250;254;255;256;263;270;281;317;330;341;352;401;414;419;444;446;482;491;495;523;707;710;851;883;885;886
195,8;21;34;36;38;39;54;55;56;57;58;59;63;89;91;92;114;127;133;156;157;164;168;174;182;188;189;191;196;201;203;214;227;240;250;263;264;270;280;281;317;330;341;352;374;390;401;409;411;414;416;419;444;446;482;491;523;598;667;707;710;776;851;883;885;886
196,34;38;44;46;63;86;91;94;98;109;113;115;116;156;164;173;174;175;182;189;197;203;204;214;219;226;234;240;241;244;247;248;263;270;271;273;281;285;286;304;311;313;321;343;347;356;383;384;387;408;416;428;433;447;473;478;496;500;577;605;608;678;706;797;885;914;917
197,34;38;44;46;63;86;91;92;94;98;103;109;113;115;116;156;164;168;173;174;175;180;182;184;189;197;203;204;207;212;214;226;236;240;241;242;244;247;259;263;269;270;273;281;285;304;311;313;321;343;347;371;372;383;385;387;399;416;492;496;500;555;608;675;808;885;914
198,16;17;18;19;36;38;63;64;65;86;94;101;103;109;114;143;156;164;168;180;182;184;189;195;196;203;212;214;240;241;247;253;257;259;260;263;269;297;310;314;332;347;366;369;372;389;399;403;413;416;417;492;506;511;512;542;555;808;814;851;917
199,7;8;9;34;50;53;56;57;58;59;63;86;89;91;94;113;115;126;127;133;156;157;161;164;173;174;182;187;196;203;207;214;219;231;240;241;244;247;248;250;263;264;270;271;280;281;285;286;291;303;311;317;330;334;335;341;347;352;374;408;409;411;416;417;419;428;433;447;472;473;492;496;500;503;505;523;534;562;678;710;797;881;883;886;917
200,45;60;63;85;86;87;93;94;101;103;109;129;156;164;168;174;180;182;184;194;195;196;203;204;212;214;220;240;241;244;247;248;261;262;263;269;270;271;285;286;304;310;313;345;347;371;389;399;408;412;416;417;425;433;447;451;472;473;492;500;506;566;577;605;807;809;851;883;917
203,23;24;33;34;36;38;45;60;63;67;85;86;87;89;93;94;97;109;113;115;129;133;156;164;168;182;203;212;214;226;240;241;242;243;244;247;248;251;253;263;270;271;273;283;285;286;304;310;347;356;372;384;385;412;416;417;428;433;447;451;458;473;492;500;502;523;605;667;678;706;707;797;851;885;888;917
204,33;34;36;38;42;68;76;91;113;115;120;129;153;156;157;164;174;175;179;182;191;201;202;203;205;214;220;229;240;241;263;270;317;328;334;350;356;360;371;379;390;398;402;405;446;450;474;522;523;529;679;851;861;884
205,34;38;42;63;68;76;86;89;91;113;115;120;153;156;157;164;173;174;175;179;182;191;192;201;202;203;214;220;229;240;241;263;270;317;319;328;334;350;356;360;371;379;390;393;398;402;405;414;416;430;442;444;446;450;474;484;496;521;522;523;529;679;684;776;796;798;861;884;912
206,29;34;36;38;44;53;58;59;63;76;85;87;89;91;92;97;103;111;126;133;137;156;157;164;168;174;175;180;182;184;189;201;203;205;214;220;226;240;241;244;246;247;253;263;270;281;283;304;310;317;341;342;347;355;360;387;398;401;403;407;414;416;428;444;446;489;500;506;523;528;529;679;684;707;784;799;806;851;861;884;886;887
207,14;17;28;36;38;40;68;89;92;97;98;103;106;129;152;156;157;163;164;168;182;184;188;189;191;201;203;206;210;214;226;232;240;241;242;263;269;280;282;317;328;332;341;342;364;366;369;374;390;398;399;400;404;414;422;423;424;440;441;444;446;474;512;522;523;667;675;679;706;784;799;806;814;851
208,20;34;38;63;89;90;91;103;120;156;157;164;173;174;175;182;184;201;203;213;214;231;241;242;246;263;269;317;328;334;335;349;350;360;371;393;397;399;406;414;416;422;423;424;430;442;444;446;457;469;479;484;496;523;525;529;667;693;706;707;776;784;796;798;800;815
209,7;8;9;29;33;34;36;38;39;44;45;46;53;67;68;76;85;86;87;89;91;102;118;122;126;156;162;164;168;173;174;179;180;182;184;188;189;203;204;214;217;227;240;241;242;247;253;263;264;269;270;280;283;304;313;315;339;352;370;371;374;387;422;423;424;514;523;528;555;583;605;706;707;808;851;885;915
210,7;8;9;29;33;34;36;38;39;44;45;46;53;63;67;68;76;85;86;87;89;91;102;118;122;126;156;157;162;164;168;173;174;179;180;182;184;188;189;200;203;204;214;217;227;240;241;242;247;253;263;264;269;270;280;283;304;313;315;317;339;352;370;371;374;387;411;416;422;423;424;444;490;514;523;528;555;583;605;706;707;808;851;885;915
211,14;38;42;56;57;58;59;86;92;97;107;114;120;127;156;164;173;174;175;179;180;182;184;188;191;194;196;203;214;220;240;242;247;250;254;255;263;269;291;341;352;360;367;371;372;390;398;401;416;441;453;474;482;491;496;506;565;675;710;798;799;812;839;886
212,14;38;63;68;97;98;104;113;116;156;164;168;173;174;179;182;184;201;203;211;214;226;240;241;263;270;276;280;282;314;332;334;355;364;366;369;370;372;374;400;403;404;405;410;416;418;427;430;432;442;450;458;496;501;512;522;679;693;796;806;814;884;885;912
214,14;34;37;38;42;63;67;68;69;89;91;156;157;164;168;173;174;175;179;182;191;197;203;214;224;240;241;263;264;270;280;282;283;317;331;332;334;339;350;364;370;372;374;400;405;410;411;416;421;444;450;479;496;509;522;523;667;675;679;684;693;806;811;884;885;918
215,8;10;14;36;43;44;57;58;59;67;68;91;97;98;103;129;154;156;163;164;168;179;180;182;184;196;203;206;214;232;240;241;247;251;252;263;264;269;270;280;282;313;332;333;347;352;364;374;398;399;404;416;417;419;420;421;458;468;490;492;555;556;675;808;813;851;883;885;918
216,7;8;9;10;14;34;36;37;38;67;68;69;89;91;118;122;129;154;156;157;163;164;168;173;182;187;203;204;210;214;230;232;238;240;241;242;253;263;264;269;270;280;281;304;313;317;332;339;343;370;371;374;400;402;419;421;441;479;523;583;589;608;851;885
217,7;8;9;10;14;34;36;37;38;43;63;67;89;91;118;122;129;154;156;157;163;164;168;173;182;184;203;204;214;230;232;240;241;242;253;263;264;269;270;280;304;313;317;332;339;343;359;370;371;374;402;416;419;421;441;444;479;523;583;589;667;675;707;851;885
218,34;36;52;53;83;88;89;105;106;108;113;115;123;126;133;151;156;157;164;174;182;189;201;203;205;214;220;241;246;254;257;261;262;263;281;315;317;334;341;350;385;408;414;436;444;446;479;488;499;510;517;523;535;667;851;915
219,34;36;52;53;63;76;83;88;89;105;106;108;113;115;123;126;133;151;156;157;164;174;182;189;201;203;205;214;220;241;246;254;257;261;262;263;281;315;317;328;334;341;350;360;385;394;408;414;416;436;444;446;479;488;499;504;510;517;523;535;707;807;815;851;915
220,33;34;36;38;44;46;54;58;59;89;90;91;114;133;156;157;164;174;175;179;181;182;184;189;196;201;203;204;214;240;246;263;283;317;328;333;341;414;419;420;423;444;446;479;523;556;573;667;707;851;883;885
221,33;34;36;37;38;44;46;54;58;59;63;89;90;91;114;133;156;157;164;174;175;179;181;182;184;189;196;201;203;204;214;240;246;263;283;317;328;333;341;414;416;419;420;423;444;446;479;523;556;573;667;675;707;851;883;885
225,8;19;34;36;58;59;62;63;65;68;97;98;114;129;150;156;164;168;179;182;191;194;196;203;214;217;226;229;240;252;262;263;264;270;280;283;297;311;314;332;333;352;366;374;402;403;413;416;419;420;441;492;512;529;573;694;813;814;851;861;883;885;886
227,14;18;19;46;63;65;97;143;156;157;164;168;173;174;179;182;191;196;201;203;211;214;241;263;269;314;317;319;328;332;334;355;364;366;371;372;399;400;403;404;413;416;430;442;446;496;529;542;776;796;814
228,34;36;38;43;44;46;52;53;68;76;83;92;123;126;156;162;164;168;179;180;182;184;188;189;194;203;214;220;240;241;242;247;251;257;259;261;263;269;270;304;315;336;341;364;389;394;399;417;422;424;488;492;510;517;555;706;807;808;851;885;894;915
229,34;38;44;46;53;63;68;76;83;92;126;156;162;164;168;173;179;180;182;184;188;189;194;203;207;214;220;231;240;241;242;247;251;253;257;259;261;263;269;270;283;304;315;336;341;364;371;389;394;399;416;417;422;424;488;492;496;517;555;675;706;807;808;815;885;894;915
230,34;36;38;43;50;55;56;57;58;59;61;62;63;97;108;116;127;129;150;156;164;175;182;184;196;200;203;214;225;239;240;250;263;281;311;330;349;352;406;416;430;434;442;499;503;542;710;784;799;812;834;851;883;886
231,21;33;34;36;38;45;46;68;89;90;91;111;116;156;157;164;168;173;174;175;182;189;201;203;204;205;214;227;240;241;246;263;270;282;283;304;317;328;341;387;402;414;420;441;442;444;446;457;479;484;523;583;667;707;851;885
232,21;30;31;34;36;38;45;46;63;89;91;111;156;157;164;168;174;182;184;189;201;203;204;205;214;227;229;240;241;263;270;282;283;304;317;328;334;341;360;372;398;402;414;416;422;423;424;441;442;444;446;479;484;523;583;667;675;684;707;776;851;861;885
233,33;36;38;58;59;60;63;76;84;85;86;87;94;97;105;111;129;156;160;161;164;168;176;182;192;196;199;203;214;240;241;247;263;268;271;278;356;393;416;428;433;435;451;473;492;527;598;851
234,23;24;28;33;34;36;37;38;43;44;46;50;60;63;76;85;86;87;89;91;94;95;97;109;113;115;129;156;164;168;174;180;182;184;203;214;224;240;241;244;247;248;253;263;270;271;272;285;286;310;326;347;356;412;414;416;428;433;451;473;500;523;528;675;679;828;851;885
235,166
236,33;34;36;67;68;116;129;136;156;157;164;168;182;183;203;214;229;240;241;252;253;263;270;280;339;364;410;418;490;523;851;918
237,33;34;36;38;67;68;89;91;97;98;116;129;136;156;157;164;167;168;179;182;183;197;201;203;214;226;229;240;241;252;253;263;270;280;283;332;339;360;364;370;389;410;411;416;418;444;469;490;501;523;529;811;813;851;861;918
239,7;8;9;34;36;38;43;67;84;85;86;87;94;98;103;113;129;156;164;168;182;203;214;223;238;240;253;263;264;266;268;269;270;280;282;319;351;359;364;374;411;435;451;486;521;527;528;598;604;851;885;916
240,7;9;34;36;38;43;52;53;67;83;94;108;109;123;126;156;164;168;172;174;182;183;184;187;203;214;223;238;241;257;261;263;264;266;270;280;315;374;394;398;436;488;491;499;562;807;851;915
242,1;7;8;9;34;36;38;39;47;53;58;59;63;69;76;85;86;87;89;94;111;113;118;126;129;135;156;157;164;168;182;186;196;201;203;204;214;215;217;240;241;244;247;263;264;270;271;280;283;285;304;317;343;347;352;356;361;374;383;387;409;411;416;419;428;446;447;497;500;505;523;528;574;604;605;707;791;851;883;885;886;914
243,34;36;38;43;44;46;63;84;85;86;87;97;98;113;115;129;156;164;182;184;189;192;201;203;209;214;240;241;242;245;247;263;268;270;311;326;336;347;396;416;422;435;442;451;486;503;521;527;528;555;598;604;675;851;885;916
244,23;34;36;38;43;44;46;52;53;63;76;83;91;97;108;126;129;156;164;172;179;182;184;201;203;207;214;221;240;241;242;245;247;257;261;263;270;284;311;315;326;347;394;416;424;436;442;444;488;523;555;707;815;851;885
245,16;34;36;38;43;44;46;54;55;56;57;58;59;63;97;127;129;156;164;182;196;201;203;214;240;242;243;245;247;250;263;270;311;326;329;347;352;366;403;416;419;423;442;503;555;710;851;883;885;886
246,23;33;34;36;37;38;43;44;63;88;89;91;103;116;156;157;164;174;180;182;184;189;200;201;203;214;240;241;242;246;263;269;270;280;317;328;334;341;349;350;371;372;399;414;416;442;444;446;479;523;555;707;851
247,33;34;36;37;38;43;44;63;88;89;91;103;156;157;164;174;180;182;184;189;200;201;203;214;240;241;242;263;269;270;280;317;328;332;334;341;349;350;371;399;414;416;442;444;446;479;523;555;667;707;808;851
248,7;8;9;25;34;37;38;44;46;53;56;57;58;59;63;67;85;86;87;89;91;103;116;126;156;157;164;173;174;180;182;184;189;196;200;201;203;207;214;231;240;241;242;246;253;263;264;269;270;276;280;282;317;328;330;332;334;337;341;349;350;371;372;374;399;406;408;411;414;416;419;421;422;423;424;442;444;446;479;484;492;496;523;525;555;667;693;707;776;784;808;912
249,16;18;19;34;36;38;54;56;57;58;59;63;85;87;89;94;105;113;115;127;129;143;156;164;174;177;182;184;196;201;202;203;214;219;240;241;244;246;247;248;250;263;270;271;285;286;304;311;314;326;332;347;352;366;403;406;407;413;414;416;419;428;442;451;473;512;525;542;710;799;814;851;886;917
250,16;18;19;34;36;38;53;63;76;83;85;87;89;94;105;113;115;126;129;143;156;164;182;201;202;203;214;219;221;240;241;244;246;247;248;257;261;263;270;286;304;311;314;315;326;332;347;366;394;403;413;414;416;428;442;451;488;542;791;814;815;851
252,1;9;14;21;24;36;43;67;71;72;73;76;91;97;98;103;104;129;156;157;163;164;168;182;197;202;203;214;225;235;241;242;263;270;280;283;317;331;332;345;372;374;388;400;402;409;412;437;447;501;512;520;525;580;670;784;803;851;885;918
253,1;9;14;21;24;36;43;67;71;72;73;76;91;97;98;103;104;129;156;157;163;164;168;182;197;202;203;206;210;214;225;235;241;242;263;264;270;280;283;317;331;332;345;348;372;374;388;400;402;404;409;410;412;437;447;490;501;512;520;525;580;670;784;803;851;885;918
254,9;14;25;34;38;46;63;67;73;76;89;91;97;98;103;104;156;157;164;168;173;182;197;200;202;203;214;231;235;241;242;263;264;270;280;283;317;331;332;337;338;348;349;372;374;388;400;402;404;406;407;409;410;411;412;414;416;437;440;447;490;496;501;512;523;525;580;669;675;693;784;799;803;880;885;913;918
255,10;14;28;34;36;38;45;52;53;64;67;68;83;91;97;98;116;126;129;156;157;163;164;174;179;182;197;203;214;226;241;253;257;261;263;270;297;306;315;317;332;340;364;387;394;400;421;488;519;851;915
256,7;9;10;14;24;28;34;36;38;45;52;53;64;67;68;83;91;97;98;116;126;129;156;157;163;164;168;174;179;182;197;203;214;226;241;253;257;261;263;264;270;280;297;299;306;315;317;332;339;340;364;370;374;387;394;398;400;410;411;421;488;490;519;811;851;915
257,7;9;14;25;34;38;46;53;63;67;68;76;83;89;91;97;98;116;126;136;156;157;164;168;173;174;179;182;189;197;203;214;226;241;253;257;261;263;264;270;276;280;282;297;299;306;307;315;317;332;339;340;364;369;370;372;374;387;394;396;398;400;410;411;413;416;421;444;488;490;496;512;523;535;811;815;915;918
258,23;33;34;36;38;44;45;46;48;55;56;57;58;59;67;68;88;91;103;124;127;133;156;157;164;174;182;189;196;203;214;240;243;246;249;250;253;263;281;283;317;330;341;352;414;419;469;482;518;710;851;886
259,8;23;33;34;36;38;44;45;46;48;55;56;57;58;59;67;68;88;89;91;103;124;127;133;156;157;164;174;182;189;196;203;214;240;243;246;249;250;253;263;264;270;280;281;283;317;328;330;341;352;374;414;419;446;469;482;518;523;710;851;886
260,8;25;34;38;44;46;56;57;58;59;63;67;68;89;91;103;127;133;156;157;164;173;174;182;184;188;189;196;200;203;214;231;240;243;246;250;253;263;264;270;276;280;281;282;283;291;308;311;317;328;330;339;341;352;359;374;392;398;411;414;416;419;444;446;469;479;482;496;523;667;707;710;776;812;834;886;912
261,28;33;36;38;43;44;46;91;156;162;164;168;180;182;184;189;203;204;207;214;240;241;242;247;253;263;269;270;281;283;304;305;310;336;343;372;389;399;417;422;423;424;492;555;583;706;808;851;885
262,28;33;34;36;38;43;44;46;63;91;156;162;164;168;180;182;184;189;203;204;207;214;240;241;242;247;253;263;269;270;281;283;304;305;310;336;343;372;389;399;416;417;422;423;424;492;555;583;675;706;808;851;885
270,14;34;36;38;45;54;55;57;58;59;61;68;71;72;73;75;76;156;164;168;175;182;196;202;203;214;230;235;240;241;250;253;263;298;310;311;321;330;331;345;352;402;412;428;447;574;580;803;851;885;886
271,7;8;9;14;34;36;38;45;54;55;56;57;58;59;61;68;71;72;73;75;76;118;127;154;156;164;168;175;182;196;202;203;214;227;230;235;240;241;250;252;253;263;280;282;298;304;310;311;321;330;331;341;345;352;374;402;409;412;428;447;574;580;803;851;885;886
272,7;8;9;14;34;36;38;45;54;55;56;57;58;59;61;63;68;71;72;75;76;118;127;129;133;154;156;164;168;175;182;196;202;203;214;227;230;235;240;241;250;252;253;263;264;280;282;298;304;310;311;321;330;331;341;345;352;374;402;409;411;412;416;428;437;447;574;580;803;851;861;885;886
273,29;33;34;36;38;71;72;73;74;76;91;98;106;133;153;156;164;174;180;182;202;203;205;206;214;235;240;241;247;263;283;310;331;345;371;388;389;400;402;412;417;432;437;447;492;580;803;851;885
274,14;33;34;36;38;67;71;72;73;74;75;76;91;98;106;129;133;153;156;157;164;168;174;180;182;184;202;203;205;206;207;214;235;240;241;244;247;252;253;259;263;280;282;283;310;311;314;317;326;331;345;348;371;374;388;389;399;400;402;412;417;432;437;447;490;492;555;580;669;803;808;851;885;886
275,14;18;33;34;36;38;63;67;71;72;73;74;75;76;91;98;106;109;129;133;153;156;157;164;168;174;179;180;182;184;196;202;203;205;206;207;214;235;240;241;244;247;251;252;253;257;259;261;263;269;280;282;283;286;310;311;314;317;326;331;332;345;348;366;371;374;388;389;390;399;400;402;403;404;410;411;412;416;417;432;437;447;490;492;506;542;555;572;580;669;675;803;808;851;885;886;918
278,16;17;19;36;45;48;54;55;56;57;58;59;97;98;127;129;156;164;168;182;196;203;214;239;240;250;263;270;282;297;314;330;332;352;355;366;369;392;403;413;469;487;512;542;710;814;851;883;886
279,19;34;56;57;58;59;63;97;98;127;156;164;168;173;182;196;203;211;214;240;250;253;254;255;256;263;270;282;297;311;314;330;332;352;355;366;369;374;392;402;403;413;416;441;469;487;496;512;542;710;814;883;886
280,7;8;9;34;45;50;60;85;86;93;94;95;100;104;109;113;115;118;129;138;156;164;168;182;194;196;203;204;212;214;220;227;240;241;244;247;248;261;262;263;269;270;271;282;285;286;304;345;347;374;425;428;433;447;451;473;500;505;574;577;581;595;605;678;791;797;851;914
281,7;8;9;34;45;60;63;85;86;93;94;95;100;104;109;113;115;118;129;138;156;164;168;182;196;203;204;214;220;227;240;241;244;247;248;261;263;269;270;271;282;285;286;304;345;347;374;428;433;447;451;473;500;505;574;577;581;605;678;791;797;813;851;914
282,7;8;9;34;50;63;85;86;94;95;101;104;109;113;115;156;164;168;173;182;194;196;203;204;207;212;214;219;220;227;240;241;244;247;248;261;262;263;269;270;271;273;282;285;286;304;347;356;361;374;384;385;396;410;411;412;416;425;428;433;447;451;472;473;478;496;500;505;577;581;585;595;605;678;791;797;802;813;914;917
283,36;54;55;56;57;58;59;60;61;76;97;98;114;127;141;156;164;168;182;189;196;202;203;214;226;230;240;241;244;247;263;270;341;352;405;450;453;471;487;512;522;564;565;679;710;806;851;884;886
284,16;18;36;55;56;57;58;59;60;63;76;78;97;98;114;127;129;141;156;164;168;182;184;189;196;202;203;214;226;230;240;241;244;247;263;270;311;314;332;341;352;366;369;403;405;412;416;450;483;487;492;512;522;542;679;710;806;814;851;884;886
285,29;33;34;36;71;72;73;74;76;77;78;92;129;147;156;164;182;188;202;203;204;206;214;240;241;263;270;313;331;345;388;402;409;412;428;441;447;474;580;851;884
286,9;14;29;33;34;36;63;67;68;71;72;73;74;76;77;78;91;92;129;156;157;164;179;182;183;188;189;202;203;204;206;214;223;240;241;263;264;270;280;313;317;331;332;339;341;345;364;370;374;388;395;398;402;409;411;412;416;428;437;441;444;447;474;490;523;580;851;884
287,7;8;9;10;29;34;36;53;58;59;68;76;85;87;118;126;133;156;157;163;164;168;173;174;175;182;189;196;203;206;214;227;232;240;241;247;263;264;270;280;281;303;306;317;321;332;339;341;343;359;374;398;400;402;404;421;428;441;495;583;675;851;886
288,7;8;9;10;34;36;38;46;53;58;59;67;68;76;85;86;87;89;91;116;118;126;133;154;156;157;163;164;168;174;179;182;184;189;196;200;203;206;214;227;232;240;241;247;253;263;264;269;270;280;282;283;304;317;332;339;341;374;398;402;404;409;411;421;428;441;490;523;583;675;707;808;851;885;886
289,7;8;9;10;25;34;36;38;46;53;58;59;63;67;68;76;85;86;87;89;91;118;126;133;156;157;164;168;174;175;179;182;184;189;196;200;203;206;207;214;227;232;240;241;247;253;263;264;269;270;280;281;282;283;303;304;317;332;339;341;343;359;374;389;398;402;404;409;411;416;421;428;441;479;484;490;523;528;583;667;675;707;776;808;851;884;885;886;912
296,7;8;9;18;28;33;34;36;38;57;67;68;69;89;91;116;118;129;156;157;164;168;179;182;187;189;197;203;214;223;238;240;241;252;263;264;269;270;280;282;292;317;339;341;364;370;374;395;398;409;410;411;418;428;444;469;479;484;490;523;707;776;811;851;886;918
297,7;8;9;18;28;33;34;36;38;57;63;67;69;89;91;116;118;129;156;157;164;168;174;179;182;184;187;189;197;203;214;240;241;252;263;264;269;270;280;282;292;317;339;341;362;370;374;395;398;409;410;411;416;428;442;444;479;484;490;523;675;707;776;808;811;838;851;886;918
298,21;34;36;39;47;48;55;57;58;59;61;113;127;150;156;164;182;187;189;195;196;203;204;214;217;227;240;263;270;304;313;321;340;341;383;453;487;577;851;914
299,7;8;9;33;34;36;38;85;86;87;88;89;106;156;157;164;174;182;192;199;201;203;205;209;214;220;241;263;269;270;317;328;334;335;350;356;408;414;430;435;444;446;457;469;479;484;521;523;605;667;707;776;796;800;851
302,7;8;9;25;34;50;63;67;86;91;94;101;105;109;113;115;156;164;168;173;180;182;189;196;197;202;203;207;212;214;219;220;227;240;241;244;247;252;259;260;261;263;264;269;270;271;280;282;285;286;317;325;332;339;341;347;356;360;364;368;371;374;389;398;399;400;404;408;409;412;416;417;421;425;428;472;490;492;496;506;511;555;566;605;675;806;808;809
303,8;9;14;25;34;38;44;53;58;63;69;76;126;156;157;164;173;182;188;196;201;203;207;213;214;223;226;230;240;241;242;246;247;254;255;256;263;269;270;280;282;305;313;317;321;334;371;372;374;385;389;399;411;416;422;423;424;430;442;444;446;447;492;496;583;693;706;796
306,7;8;9;25;34;38;46;53;56;57;58;59;63;67;76;85;86;87;89;91;103;126;156;157;164;173;174;179;182;184;189;196;200;201;203;207;213;214;231;240;241;242;246;250;253;263;269;276;280;283;317;319;328;334;337;350;368;371;374;399;406;407;411;414;416;419;421;430;442;444;446;457;484;496;523;667;684;693;707;776;796;798;800
307,7;8;9;34;36;60;67;68;93;94;101;105;113;115;118;129;136;156;157;164;168;179;182;197;203;214;220;223;226;240;241;244;247;252;263;264;269;270;271;280;285;286;317;332;339;347;364;367;370;374;379;384;385;395;398;409;411;418;427;428;433;447;473;490;500;501;526;678;797;851;885;918
308,7;8;9;25;34;63;67;68;94;97;101;105;113;115;136;156;157;164;168;173;179;182;197;203;214;220;223;226;240;241;244;247;252;263;264;269;270;271;280;285;286;299;317;332;339;347;356;364;367;370;374;379;384;385;396;398;409;410;411;412;416;418;427;428;433;447;473;490;496;500;501;678;797;811;853;885;918
310,34;44;46;53;63;85;86;87;97;98;113;156;164;168;173;174;182;184;203;213;214;231;240;242;253;263;268;304;315;336;415;416;422;423;424;435;451;486;496;521;528;555;598;604;706;804;884;885;916
311,9;45;47;85;86;87;97;98;113;129;156;162;164;182;186;189;203;204;209;214;226;227;240;253;263;268;270;273;283;285;313;374;383;387;415;417;435;447;451;486;494;521;527;528;583;589;598;604;609;851;885;914
312,9;45;47;85;86;87;97;98;113;129;156;162;164;182;186;189;203;204;209;214;226;227;240;253;263;268;270;273;283;313;374;383;387;415;417;435;447;451;486;494;521;527;528;583;589;604;609;851;885;914
313,8;9;33;34;36;38;68;69;76;86;87;98;104;109;113;118;129;156;164;168;182;189;202;203;207;214;226;227;236;240;241;247;263;264;269;270;271;280;283;294;314;332;352;355;366;369;374;403;405;428;450;451;512;522;583;605;611;679;806;851;884;885;886
314,8;9;33;36;38;74;76;85;86;87;98;109;113;118;129;156;164;168;182;189;202;203;204;213;214;226;227;230;236;240;241;244;247;260;263;264;270;271;273;280;283;313;314;332;352;355;366;369;374;403;405;428;450;451;512;522;574;577;583;589;605;611;806;851;884;885
316,1;7;8;9;14;34;36;58;76;86;92;123;124;133;139;151;156;164;168;174;182;188;189;194;202;203;214;220;227;240;241;247;254;255;256;263;270;281;331;341;352;374;380;390;398;402;441;474;482;491;499;562;747;851
317,1;7;8;9;14;34;36;38;58;63;76;86;89;92;118;124;133;139;156;164;168;174;182;188;189;202;203;214;220;227;240;241;247;254;255;256;263;270;280;281;282;331;341;352;374;380;390;398;402;416;428;441;474;482;491;523;562;776;851
319,37;38;44;56;57;58;59;63;89;97;103;116;127;156;164;168;173;182;184;194;196;203;207;213;214;240;242;246;250;253;263;269;291;305;317;340;352;370;371;372;398;399;400;416;419;423;428;453;496;503;523;555;706;710;799;812;886
322,23;33;34;36;38;45;46;52;53;74;83;89;91;111;116;126;133;156;157;164;174;182;184;189;201;203;204;205;214;240;241;246;254;255;256;257;261;263;270;281;283;315;317;336;341;394;414;428;430;436;442;444;446;484;488;510;523;535;667;707;776;808;815;851;885;915
323,34;38;46;53;63;74;76;83;89;90;91;116;120;126;133;156;157;164;173;174;182;184;189;201;203;204;214;240;241;246;254;255;256;257;261;263;270;281;283;284;315;317;336;341;394;414;416;428;430;436;442;444;446;479;484;488;496;523;535;667;707;776;807;808;815;885;915
324,34;38;53;63;76;83;89;90;120;126;133;156;157;164;173;174;175;182;188;201;203;214;229;241;246;257;261;263;270;276;281;284;311;315;317;334;360;394;414;416;428;436;444;446;484;488;496;499;504;517;523;535;707;776;807;815;915
325,18;34;36;45;60;86;93;94;101;109;113;115;129;133;150;156;164;168;173;182;196;203;214;227;240;241;243;244;247;248;253;263;269;270;271;283;285;286;326;340;347;371;408;428;430;433;447;451;473;493;500;555;605;678;679;797;851;883;885;886
326,7;8;9;34;36;60;63;67;86;91;93;94;101;109;113;115;118;129;133;150;156;164;168;173;182;189;196;203;214;227;240;241;244;247;248;253;263;264;269;270;271;280;283;285;286;298;304;340;341;347;371;374;402;408;409;411;412;414;416;417;428;430;433;447;451;473;490;500;523;555;562;605;678;679;707;776;797;851;883;885;886;917
328,16;28;34;36;44;63;89;90;91;98;156;157;164;175;182;189;201;202;203;210;214;241;242;263;276;310;317;328;341;364;414;444;446;450;522;523;660;815;851
329,16;19;28;34;36;44;48;63;76;89;90;91;98;103;129;156;157;164;175;182;189;200;201;202;203;210;214;225;241;242;253;257;263;276;310;314;317;328;332;337;341;364;366;369;403;405;406;407;414;416;434;444;446;450;522;523;525;586;660;675;814;815;851
330,7;9;16;19;28;34;36;38;44;48;53;63;76;83;89;90;91;97;98;103;126;129;156;157;164;175;182;189;200;201;202;203;210;214;225;241;242;253;257;263;270;276;310;314;317;328;332;337;341;349;364;366;369;403;405;406;407;410;414;416;434;444;446;450;522;523;525;586;660;675;784;799;814;815;851;913;914;917
331,9;14;28;34;36;40;42;43;50;51;67;68;71;73;74;76;91;129;156;164;168;174;178;180;182;184;191;194;201;202;203;214;227;240;241;263;264;270;275;280;283;298;331;335;345;371;374;389;390;398;399;402;409;412;415;417;437;447;474;492;523;562;565;580;675;681;803;806;851;885
332,9;14;28;34;36;40;42;43;63;67;71;73;74;76;91;129;156;164;168;174;178;180;182;184;191;194;201;202;203;214;227;240;241;247;263;264;269;270;275;280;282;283;331;345;371;374;389;390;398;399;402;409;411;412;416;417;428;437;447;474;492;523;580;596;675;679;681;707;803;806;808;851;885
333,19;31;34;36;45;47;54;58;64;76;97;114;129;156;164;168;182;195;203;214;219;225;240;241;257;263;270;283;297;304;310;332;355;366;406;407;413;432;496;512;538;542;574;583;585;605;814;851;885;913
334,19;34;38;46;47;53;58;63;76;83;89;97;114;126;143;156;164;168;173;182;195;200;203;211;214;219;240;241;253;257;261;263;270;283;297;304;311;332;337;349;355;365;366;384;406;407;413;416;432;434;472;496;512;523;538;542;583;585;605;784;814;883;885;913;914
335,7;8;9;10;14;24;34;36;38;43;46;50;53;57;58;59;63;67;68;76;85;86;87;91;97;98;126;129;154;156;157;163;164;168;174;175;179;182;187;196;197;203;206;210;214;226;232;240;241;247;263;264;269;270;280;282;283;306;317;332;364;370;374;396;398;400;402;404;411;415;416;421;428;441;447;458;468;490;501;515;675;681;851;918
336,14;34;35;36;38;44;53;63;89;91;92;103;114;122;137;156;164;168;174;179;182;184;188;202;203;207;214;240;241;242;254;255;256;263;269;270;280;282;283;305;342;364;372;380;398;399;400;402;404;415;416;422;423;424;428;441;442;474;482;489;491;515;523;555;562;675;706;784;806;808;851;884;885
339,36;37;38;55;56;57;58;59;89;90;127;129;133;156;157;164;173;175;182;189;196;200;201;203;209;214;240;241;248;250;263;270;317;330;341;349;352;401;414;428;444;446;523;667;707;710;851;886
340,34;36;37;38;55;56;57;58;59;63;89;90;127;129;133;156;157;164;173;174;182;184;189;191;196;200;201;203;214;240;241;248;250;263;270;311;317;321;328;330;341;349;352;401;414;416;428;444;446;523;562;667;707;710;851;886
341,12;14;34;36;38;43;55;56;57;58;59;61;91;106;127;152;156;157;163;164;168;182;188;196;203;206;214;232;240;242;246;250;263;269;280;282;283;317;330;334;341;349;352;374;400;404;415;453;458;534;710;851;886
342,12;14;34;36;38;43;55;56;57;58;59;61;63;91;106;127;129;152;156;157;163;164;168;180;182;184;188;196;203;206;214;232;240;242;246;250;263;269;280;282;283;317;330;334;341;349;352;370;374;399;400;404;415;416;417;419;453;458;482;534;555;710;808;851;886;912
349,33;38;54;57;58;59;95;109;113;114;127;129;150;156;164;175;182;196;203;214;225;240;243;250;263;321;330;341;352;406;799;851;886
350,34;35;38;56;57;58;59;63;95;105;109;113;114;127;156;164;173;175;182;196;203;213;214;219;231;240;243;244;250;263;270;286;291;311;321;330;341;349;352;392;401;406;416;419;442;489;496;503;523;525;577;693;784;791;799;806;812;813;886;913;914
351,34;53;56;58;59;76;85;86;87;126;133;156;164;168;173;182;196;201;203;213;214;240;241;247;248;263;311;322;385;412;419;496;503;506;542;883;886
353,50;60;85;86;87;94;101;103;109;118;156;164;168;174;180;182;184;194;196;203;214;220;227;240;241;244;247;261;263;269;270;271;272;285;286;310;347;389;399;417;425;433;441;451;492;506;566;605;806;808;809;851;884
354,14;50;63;85;86;87;94;101;103;109;156;164;168;173;174;180;182;184;194;196;203;207;214;220;227;240;241;244;247;259;261;263;269;270;271;272;282;285;286;325;347;371;374;389;399;416;417;421;425;428;433;441;451;478;492;496;506;566;605;675;806;807;808;809;884;885
355,43;50;58;59;94;101;109;114;141;156;164;168;174;180;182;196;203;212;214;220;240;241;244;247;248;261;262;263;269;270;271;285;286;310;347;356;371;374;399;425;433;451;506;566;806;809;851
356,7;8;9;20;34;43;50;58;59;63;94;101;109;114;118;141;156;164;168;174;180;182;196;203;212;214;220;240;241;244;247;248;261;262;263;264;269;270;271;280;285;286;310;325;347;356;371;374;399;416;425;433;451;506;566;806;809;851
357,14;16;18;19;21;23;29;34;36;38;43;46;63;73;74;75;76;89;156;164;174;180;182;200;202;203;214;230;235;240;241;263;270;314;331;332;345;348;349;366;369;402;403;406;412;416;428;437;447;469;523;525;542;572;580;669;707;776;814;851;885
358,35;38;50;86;94;95;103;105;113;115;120;156;164;173;174;182;196;203;204;214;215;219;226;227;240;241;244;247;248;253;263;269;270;271;273;278;281;282;285;286;304;313;319;322;326;347;356;361;412;428;430;433;447;451;473;496;500;502;505;555;577;586;605;797;917
359,14;34;38;44;53;58;59;63;85;86;87;98;104;109;116;126;156;157;164;168;173;174;182;195;196;197;201;203;212;213;214;224;226;231;240;241;247;248;261;263;269;276;282;317;332;340;347;364;370;371;372;389;399;400;403;404;416;421;425;427;428;444;492;496;506;555;566;583;675;693;885
361,29;34;36;43;44;50;58;59;104;113;156;164;180;181;182;191;196;203;205;214;240;242;247;263;270;310;311;313;333;335;352;415;419;420;423;506;524;556;851;861;883;885;886
362,34;44;50;58;59;63;89;104;113;120;153;156;164;173;180;182;184;191;196;203;214;240;242;247;263;269;270;311;313;329;333;335;352;360;371;399;415;416;419;420;423;442;492;496;506;523;524;556;573;798;861;883;885;886
370,33;36;48;55;56;57;58;59;97;127;150;156;164;175;182;186;196;203;204;213;214;219;240;244;250;263;273;283;352;392;453;487;494;577;608;710;799;812;851;883
371,29;34;36;37;38;43;44;46;52;53;56;83;111;116;126;156;157;164;182;184;189;200;203;214;225;239;240;241;242;263;270;280;304;317;334;337;349;406;407;421;422;424;428;434;442;525;851;913
372,29;34;36;38;43;44;46;52;53;56;83;116;126;156;157;164;182;184;189;200;203;214;225;240;241;242;263;270;280;304;317;334;337;349;406;421;422;424;428;434;442;525;851;913;915
373,19;29;34;36;38;43;44;46;52;53;56;63;83;89;116;126;129;156;157;164;182;184;189;200;203;214;225;240;241;242;257;263;270;280;304;317;332;334;337;349;355;366;403;406;416;421;422;424;428;434;442;444;523;525;542;706;784;814;851;913;915
374,33;36;334;428;442;796;851
375,8;9;33;34;36;38;63;89;93;94;97;113;115;129;156;157;164;182;184;188;196;201;203;214;232;240;241;244;247;248;263;264;271;280;309;317;332;334;356;360;393;416;418;428;430;442;446;447;468;473;484;523;796;797;800;851;885;912;917
376,8;9;34;38;63;89;94;97;113;115;120;153;156;157;164;173;182;184;188;189;196;201;203;207;214;240;241;244;247;248;263;264;271;280;309;317;322;325;332;334;356;359;360;393;416;418;421;427;428;430;442;444;446;447;473;496;523;693;706;707;776;796;797;798;800;885;912;917
377,7;8;9;23;34;36;38;63;85;86;87;88;89;91;153;156;157;164;174;182;192;199;201;203;214;241;246;263;264;276;280;317;328;334;350;356;359;374;408;409;411;414;416;430;442;444;446;451;479;484;523;707;776;800;851;912
378,8;9;23;34;58;59;63;85;86;87;89;133;153;156;157;164;174;182;192;196;199;203;214;240;246;263;264;276;280;317;333;356;359;374;411;416;419;430;442;451;484;523;707;776;851;861;883
379,8;9;23;34;36;38;63;85;86;87;89;133;153;156;157;164;174;182;192;199;201;203;214;232;240;241;246;263;264;276;280;317;319;328;334;356;359;374;411;416;421;430;442;446;451;484;523;707;776;796;800;851;861;912
380,19;34;36;38;46;57;58;63;76;85;86;87;89;93;94;97;105;113;115;127;129;156;164;182;196;200;201;203;204;214;225;226;240;241;244;247;248;250;263;270;271;273;296;311;314;332;337;347;349;352;361;366;396;403;406;412;416;421;428;434;447;451;470;473;500;505;513;523;574;577;710;784;799;814;851;886;913;914
381,19;34;36;38;46;57;58;63;76;85;86;87;89;93;94;97;105;113;115;127;129;156;164;182;196;200;201;203;214;225;226;240;241;244;247;248;262;263;270;271;295;311;314;332;337;347;349;352;366;396;403;406;412;416;421;428;434;447;451;471;473;493;500;502;505;523;710;784;799;812;814;851;886;913;917
382,34;36;38;46;56;57;58;59;63;85;86;87;89;127;156;157;164;182;184;196;203;214;240;246;250;263;270;280;317;323;329;330;347;352;392;401;416;419;442;484;523;618;710;851;886
383,7;9;14;34;36;38;46;53;63;76;85;86;87;89;90;91;126;156;157;164;182;184;189;191;201;203;214;232;241;242;246;257;261;263;264;270;280;284;315;317;328;332;337;339;341;350;359;374;406;411;414;416;421;424;428;436;442;444;446;479;484;523;535;619;667;707;776;815;851
384,14;19;34;36;38;46;53;56;57;58;59;63;76;85;86;87;89;126;127;129;156;157;164;182;184;196;200;201;203;214;239;240;241;242;245;246;250;263;270;280;304;315;317;332;337;339;349;360;366;369;374;403;406;411;412;414;416;419;421;434;442;444;446;523;525;528;542;620;784;799;800;851;913
385,7;8;9;34;38;60;63;85;86;87;93;94;109;113;115;118;129;133;156;164;182;189;196;201;203;204;214;226;227;240;241;244;247;248;263;270;271;273;285;286;309;313;319;322;334;347;352;353;356;361;369;374;387;396;409;412;416;428;430;433;442;446;447;451;473;500;583;605;791;796;797;800;851;917
386,7;8;9;35;36;43;58;60;63;67;76;85;86;87;94;97;100;101;105;113;115;129;156;157;164;182;184;196;203;214;220;240;241;244;247;248;263;271;280;282;285;286;317;322;332;347;352;354;356;374;398;399;409;411;412;416;417;428;430;433;446;447;451;473;490;500;675;678;707;797;800;851;917
387,14;33;34;36;37;38;44;46;71;72;73;74;75;76;110;113;115;133;156;164;174;182;189;202;203;214;235;241;242;254;255;256;263;276;321;328;331;341;345;388;402;412;414;428;437;442;446;447;469;479;484;504;520;523;580;803;851;885
388,14;33;34;36;37;38;44;46;71;72;73;74;75;76;110;113;115;133;156;164;174;182;189;202;203;214;235;241;242;254;255;256;263;276;321;328;331;341;345;388;402;412;414;428;437;442;446;447;469;479;484;504;520;523;580;803;851;885
389,14;34;37;38;44;46;63;73;74;76;89;113;115;133;156;157;164;173;174;182;184;189;200;201;202;203;213;214;235;241;242;254;255;256;263;276;304;317;321;328;331;334;338;341;350;388;402;412;414;416;428;437;442;444;446;447;452;469;479;484;496;504;523;580;667;707;776;803;815;838;885;912
390,7;9;10;14;24;36;38;43;52;53;67;68;83;91;97;116;118;126;129;154;156;157;164;168;172;182;189;203;214;227;241;244;252;253;257;259;261;263;264;269;270;280;282;283;303;313;315;317;339;369;374;394;398;410;415;417;421;428;441;446;447;488;490;512;519;807;851;915
391,7;9;10;14;24;36;38;43;52;53;67;68;83;91;97;116;118;126;129;154;156;157;164;168;172;179;182;183;189;203;214;227;241;244;252;253;257;259;261;263;264;269;270;280;282;283;303;313;315;317;339;364;369;370;374;394;398;409;410;411;415;417;421;428;441;446;447;479;488;490;512;519;807;808;851;915;918
392,7;9;14;34;38;46;53;63;67;68;76;83;89;91;97;116;126;156;157;164;168;173;179;182;183;184;189;203;213;214;227;231;241;244;252;253;257;259;261;263;264;269;270;280;282;283;299;303;307;313;315;317;332;339;347;364;369;370;374;394;396;398;409;410;411;415;416;417;421;428;441;444;446;447;479;488;490;496;512;523;675;807;808;811;815;833;915;918
393,1;31;45;48;54;55;56;57;58;59;61;64;65;97;114;127;129;156;164;173;182;196;203;204;207;214;240;244;250;263;270;280;281;297;311;317;332;352;355;362;374;392;447;518;574;681;710;812;813;851;861;883;886
394,31;33;36;38;45;48;54;55;56;57;58;59;61;64;65;97;114;127;129;156;164;173;182;196;203;204;207;214;232;240;244;250;263;270;280;281;297;311;317;332;352;355;362;374;392;421;447;518;574;681;710;812;813;851;861;883;886
395,14;34;38;46;56;57;58;59;63;65;89;91;97;114;127;156;157;164;173;182;184;189;196;203;204;207;211;213;214;240;244;250;253;263;270;280;281;282;291;297;308;311;314;317;319;332;334;352;355;374;392;403;410;416;419;421;430;446;447;453;496;523;675;681;710;796;808;812;813;814;834;861;883;886
396,17;18;19;28;31;33;36;38;45;97;98;104;129;156;164;168;182;203;214;240;241;253;257;263;270;283;297;310;314;332;366;369;403;413;512;515;542;814;851
397,17;18;19;33;36;38;45;97;98;104;129;156;164;168;182;203;214;240;241;253;257;263;270;283;297;314;332;366;369;403;413;512;515;542;814;851
398,18;19;38;63;97;98;104;143;156;164;168;173;182;203;207;211;214;240;241;253;257;263;270;280;283;297;299;314;332;339;355;366;369;370;403;411;413;416;496;512;515;542;814
401,33;45;283;450;522;679;806;851
402,14;33;36;45;47;63;71;103;116;141;156;163;164;182;195;202;203;206;210;214;226;240;241;253;263;269;270;280;282;283;304;332;400;404;405;416;450;522;564;565;675;679;806;851;884;885
403,24;33;36;38;43;44;46;84;85;86;87;98;109;113;129;156;164;168;182;184;203;207;209;214;240;241;242;263;268;270;313;336;351;400;422;423;424;435;451;486;521;527;528;555;583;598;604;608;706;851;885
404,33;36;38;43;44;46;84;85;86;87;109;113;129;156;164;168;182;184;203;207;209;214;240;241;242;263;268;270;313;422;423;424;435;451;486;521;527;528;555;583;598;604;706;851;885
405,34;38;44;46;63;85;86;87;97;98;109;113;156;164;168;173;182;184;203;207;214;231;240;241;242;263;268;270;276;313;336;400;416;422;423;424;435;451;486;496;521;527;528;555;583;598;604;608;675;706;804;885;916
407,14;34;42;63;73;74;76;78;79;80;92;156;164;173;178;182;188;191;202;203;204;213;214;230;235;240;241;247;253;263;275;311;326;331;388;390;398;402;412;416;437;438;447;474;496;572;580;605;791;803;885
408,7;9;14;18;21;23;29;34;36;37;38;43;46;53;58;59;85;87;89;91;103;116;126;156;157;164;168;174;182;184;189;201;203;214;240;241;242;246;249;253;263;283;317;350;359;372;374;406;414;428;442;444;446;457;479;523;707;851;885;913
409,7;9;14;18;34;37;38;46;53;57;58;59;63;85;87;89;91;103;116;126;156;157;164;168;173;174;182;184;189;200;201;203;213;214;231;240;241;242;246;253;263;264;276;280;283;317;337;350;359;371;372;374;406;411;414;416;419;428;442;444;446;457;479;484;496;523;525;707;776;784;800;885;913;916
410,29;33;34;36;38;46;53;58;59;68;85;87;89;90;91;103;116;126;156;157;164;174;182;184;189;201;203;207;214;240;241;246;263;269;317;319;328;334;350;368;408;414;430;442;444;446;470;479;484;523;707;796;815;851;885;912
411,34;38;46;53;58;59;63;68;85;87;89;90;91;103;115;116;126;156;157;164;173;174;179;182;184;189;200;201;203;207;213;214;231;240;241;246;263;269;317;319;328;334;335;350;368;408;414;416;419;430;442;444;446;469;470;479;484;492;496;523;707;776;796;798;800;815;885;912
415,16;214;230;283;405;450;522;679;806;851
416,16;36;40;63;92;97;109;129;154;156;163;164;168;179;180;182;184;188;191;194;203;207;210;214;230;240;241;263;269;270;283;332;355;369;374;390;403;404;405;408;416;450;454;455;474;506;512;522;542;565;597;676;679;806;814;851;884;917
417,9;36;39;44;45;63;84;85;86;87;91;97;98;111;113;129;156;162;164;168;175;182;186;189;203;204;205;209;214;227;240;241;253;260;263;266;268;270;283;313;332;341;343;369;374;387;402;416;422;435;441;447;451;486;521;527;528;583;598;604;608;609;851;885;914
418,8;29;33;36;44;45;46;55;56;57;58;59;67;91;97;98;127;129;154;156;163;164;168;182;189;196;203;210;214;226;240;242;250;263;264;269;270;280;317;339;352;374;392;401;423;453;458;487;490;710;812;834;851;861;886
419,8;34;36;38;44;45;46;55;56;57;58;59;63;67;91;97;98;118;127;129;156;164;168;182;184;189;196;203;214;226;240;242;250;263;264;269;270;280;317;330;339;352;374;401;411;416;423;453;458;487;490;555;710;812;834;851;861;886
422,34;36;54;55;56;57;58;59;68;105;106;124;127;133;151;156;157;164;174;182;189;196;201;203;214;220;240;243;246;250;254;255;256;262;263;270;281;317;330;341;352;414;444;446;499;523;710;806;851;883;886
423,34;36;55;56;57;58;59;63;89;91;105;106;127;133;156;157;164;174;182;188;189;191;196;201;203;214;220;240;246;250;262;263;270;311;317;328;330;341;350;352;414;416;444;446;482;523;707;710;806;851;883;886
424,7;8;9;10;21;28;36;38;39;63;67;68;76;85;86;87;91;97;103;118;129;154;156;164;168;180;182;189;203;214;226;231;240;241;247;251;252;263;264;269;270;280;282;283;310;321;332;340;341;343;352;369;374;387;402;415;416;417;421;441;447;458;479;490;492;501;512;675;813;851;885;886;918
425,16;19;50;60;85;86;87;94;95;101;107;114;116;120;129;133;153;156;164;168;174;180;182;194;196;203;214;220;226;240;241;247;254;255;256;261;262;263;270;271;282;285;286;310;311;314;332;347;360;366;371;432;433;499;500;506;512;566;851;915
426,16;19;34;60;63;85;86;87;94;101;107;114;116;120;129;133;153;156;164;168;174;180;182;194;196;203;214;220;226;240;241;247;254;255;256;261;263;270;271;282;285;286;310;311;314;332;347;360;366;371;374;403;416;433;500;506;512;566;668;851;915
428,7;8;9;14;25;58;59;63;67;76;85;86;87;91;97;98;136;156;164;173;175;179;182;183;186;203;204;213;214;223;226;227;231;240;241;243;247;252;253;260;263;264;270;298;304;313;322;340;361;369;370;371;372;374;383;396;409;411;415;416;447;458;490;494;495;496;509;512;538;577;583;608;693;813;884;885
429,45;60;63;85;86;87;94;101;109;129;156;164;168;174;180;182;184;196;203;204;214;220;240;241;244;247;248;261;263;269;270;271;285;286;304;310;313;345;347;399;408;412;416;417;433;447;451;473;492;500;506;566;577;595;605;807;808;809;851;883;917
430,17;19;36;38;63;86;94;101;109;114;156;164;168;180;182;184;189;196;203;207;214;240;241;244;247;253;257;263;269;270;283;297;310;314;332;347;366;369;389;399;400;403;413;416;417;492;506;511;512;542;555;808;814;851;886;894;917
433,35;38;45;50;86;93;94;95;105;113;115;156;164;174;182;196;203;214;226;240;241;244;247;248;253;263;269;270;271;273;278;281;282;285;304;310;322;347;356;387;412;428;433;447;451;473;494;500;502;605;851;917
434,10;34;36;38;43;44;46;53;91;92;103;108;114;116;123;126;129;139;153;154;156;163;164;168;182;184;188;203;214;240;241;242;247;262;263;269;270;282;310;342;364;389;390;398;399;400;417;421;441;474;482;491;492;506;555;562;583;675;808;851;885;915
435,10;34;36;38;44;46;53;63;83;91;92;103;108;114;116;126;129;139;153;154;156;162;164;168;182;184;188;203;214;240;241;242;247;262;263;269;270;282;283;342;364;389;390;398;399;400;416;417;421;441;474;482;491;492;506;555;562;583;675;807;808;851;885;915
436,33;34;36;76;89;93;94;95;109;113;115;156;157;164;182;201;203;214;219;240;241;244;247;248;263;270;271;278;285;286;317;319;326;334;347;350;356;360;371;408;428;430;433;442;446;447;451;473;484;500;506;523;678;707;796;797;851;861
437,33;34;36;60;63;76;89;93;94;95;101;109;113;115;156;157;164;182;201;203;214;219;240;241;244;247;248;263;270;271;285;286;311;317;319;326;334;335;347;350;356;360;371;408;416;428;430;433;442;446;447;451;473;484;500;506;523;678;707;776;796;797;800;851;861;912;917
438,29;34;36;38;67;68;88;89;91;102;106;111;156;157;164;168;174;175;182;189;191;201;203;205;214;241;244;263;270;280;313;317;328;335;341;347;350;383;389;397;408;414;444;446;447;479;492;523;707;715;851;885
440,1;36;69;76;86;94;111;113;118;156;164;182;186;196;203;204;214;215;217;240;241;247;263;270;304;343;356;374;383;428;447;500;574;851;883
442,34;50;63;92;94;95;101;109;156;164;168;173;174;180;182;184;194;196;203;214;220;240;241;247;253;261;262;263;269;270;271;285;286;317;347;371;389;399;416;417;425;433;472;473;492;496;500;502;506;555;566;807;808;809
443,14;28;33;34;36;37;38;44;53;89;91;126;129;156;157;163;164;182;184;200;201;203;206;214;225;232;239;240;241;263;270;317;328;337;341;406;407;414;421;422;424;434;442;444;446;523;525;799;815;851;913
444,14;28;33;34;36;38;44;53;89;91;126;129;156;157;163;164;182;184;200;201;203;206;214;225;232;240;241;242;263;270;317;328;332;337;341;406;407;408;414;421;422;424;434;442;444;446;523;525;784;799;815;851;913
445,14;34;37;38;44;53;57;63;89;91;126;156;157;164;173;182;184;191;200;201;203;214;231;240;241;242;263;270;280;317;328;332;337;341;374;398;406;407;408;414;416;421;422;424;434;442;444;446;496;523;525;693;707;710;784;799;815;913
446,7;8;9;33;34;36;38;44;53;57;58;59;68;76;85;87;89;90;91;103;111;118;122;126;133;156;157;164;174;175;182;187;189;196;201;203;204;214;227;240;241;242;247;253;254;256;263;264;270;278;280;304;317;343;374;387;402;416;428;441;523;562;707;851;885;886
447,8;9;14;36;44;67;68;89;91;97;98;103;129;136;156;157;164;179;182;197;203;214;232;238;240;241;242;244;249;263;264;270;280;317;332;336;339;364;370;374;383;395;398;409;410;411;417;418;421;428;490;501;509;515;523;526;811;851;885;918
448,8;9;14;25;34;44;46;63;67;68;89;91;94;97;98;103;116;136;156;157;164;173;179;182;184;197;198;203;214;231;238;240;241;242;244;245;247;263;264;270;280;299;309;317;319;332;334;336;339;347;352;364;370;371;374;383;396;398;399;406;409;410;411;416;417;418;421;428;430;444;490;496;501;505;509;515;523;791;796;805;811;885;918
449,18;28;33;34;36;38;44;46;89;90;91;133;156;157;164;174;182;189;201;203;214;241;242;254;255;256;263;270;281;303;317;328;330;341;414;422;423;424;444;446;523;667;707;776;815;851
450,18;34;38;44;46;63;89;90;91;133;156;157;164;173;174;182;189;201;203;214;241;242;254;255;256;263;270;276;281;303;304;317;328;330;341;414;416;422;423;424;442;444;446;484;496;523;667;707;776;815;912
453,8;9;29;36;40;67;68;89;91;92;156;157;162;164;168;179;180;182;184;188;189;196;203;207;214;223;226;227;238;240;241;247;252;260;263;264;269;270;280;282;310;317;332;339;341;364;374;389;398;404;409;410;411;417;418;421;441;474;482;490;491;492;501;523;562;808;811;851;886;918
454,8;9;14;25;63;67;68;89;91;92;103;156;157;162;164;168;173;179;180;182;184;188;189;196;203;207;214;223;226;227;238;240;241;247;252;260;263;264;269;270;280;282;317;332;339;340;341;364;370;371;372;374;389;398;399;404;409;410;411;416;417;418;421;440;441;444;474;482;490;491;492;496;501;523;562;675;808;810;811;886;918
456,1;16;36;55;56;57;58;59;60;62;97;109;127;129;156;164;168;175;182;186;196;203;204;213;214;219;240;244;250;263;270;321;340;352;366;369;392;401;487;512;605;812;851;886;914
457,1;16;36;55;56;57;58;59;60;63;97;109;127;129;156;164;168;182;196;203;204;213;214;219;227;240;244;250;263;270;314;340;352;366;369;392;403;416;487;512;605;812;851;886;914
459,8;14;23;34;36;38;43;54;58;59;73;74;75;76;156;164;174;181;182;189;196;202;203;207;214;240;263;270;275;311;329;331;333;345;352;402;412;419;420;437;447;452;670;803;851;861;883;885;886
460,8;14;25;34;38;58;59;63;67;73;74;76;89;156;157;164;173;174;182;184;189;196;200;202;203;207;214;231;240;247;263;264;270;275;280;311;317;329;331;333;352;374;402;411;412;414;416;419;420;437;447;452;496;523;524;665;694;707;776;803;861;883;885;886;912
461,8;14;25;44;57;58;59;63;67;68;91;97;98;103;115;156;164;168;173;179;180;182;184;196;203;214;226;240;241;247;251;252;263;264;269;270;280;282;313;332;333;347;352;364;371;372;374;398;399;400;404;411;416;417;419;420;421;427;458;490;492;496;555;556;675;808;813;861;883;885;886;918
462,33;34;36;38;48;63;84;85;86;87;103;109;113;115;129;156;161;164;182;192;199;201;203;209;214;240;241;243;263;268;270;319;334;356;360;393;416;430;435;442;451;484;486;521;527;528;598;602;604;776;796;851;912;916
464,7;8;9;14;25;32;34;38;46;53;56;57;58;59;63;68;85;87;89;91;126;156;157;164;168;173;174;179;182;184;189;196;200;201;203;214;224;231;240;241;242;253;263;264;270;276;280;283;317;334;341;350;359;368;371;374;397;398;406;407;411;414;416;419;421;422;423;424;430;439;442;444;446;470;479;484;496;523;525;529;535;667;684;693;707;776;784;800;815;915;916
466,7;8;9;34;36;38;43;53;63;67;84;85;86;87;89;91;94;98;103;113;115;118;129;156;157;164;168;182;203;214;223;238;240;253;263;264;266;268;269;270;280;282;311;317;319;339;351;359;364;374;411;416;435;451;486;490;521;523;527;528;598;604;707;851;885;916
467,7;9;34;36;38;43;46;52;53;63;67;76;83;85;89;94;108;109;118;123;126;156;157;164;168;172;174;182;183;184;187;203;214;223;238;241;253;257;261;263;264;266;269;270;280;282;304;311;315;317;374;394;398;411;416;436;488;490;491;499;523;535;562;707;807;815;851;915
469,14;18;33;36;38;48;63;76;94;98;103;104;129;141;156;163;164;168;179;182;184;197;202;203;214;241;242;244;246;247;253;263;314;332;364;366;369;400;403;405;416;450;522;679;806;814;851;884;917
470,14;34;38;44;46;63;73;76;91;98;116;156;164;173;174;175;182;189;197;202;203;204;214;226;235;240;241;247;263;270;273;281;282;304;311;313;321;331;332;341;343;347;348;383;387;402;404;412;416;437;447;496;500;608;669;803;885;914
471,34;38;44;46;58;59;63;91;98;114;116;156;164;173;174;175;182;189;196;197;203;204;214;226;240;241;243;247;263;270;273;281;304;311;313;321;333;341;343;347;352;356;383;387;416;419;420;423;496;500;524;573;608;813;883;885;886;914
472,14;38;42;63;68;89;91;92;97;98;103;152;156;157;164;168;173;182;184;188;189;191;201;203;211;213;214;226;231;240;241;242;263;280;282;317;328;332;341;364;366;369;371;372;374;390;398;399;400;404;414;416;422;423;424;438;440;441;444;446;474;496;512;522;523;667;675;679;693;706;784;799;806;814
473,34;37;38;44;46;58;59;63;89;90;91;114;115;133;156;157;164;173;174;175;179;182;184;189;196;201;203;204;213;214;240;246;263;276;282;283;317;328;333;341;350;414;416;419;420;423;442;444;446;458;479;484;496;523;556;573;667;675;707;776;883;885;912
474,33;36;38;58;59;60;63;76;84;85;86;87;94;97;105;111;129;156;160;161;164;168;176;182;192;196;199;203;214;240;241;247;253;263;268;271;278;356;393;399;416;417;428;433;435;451;473;492;527;598;851
475,7;8;9;14;25;34;50;63;67;85;86;89;94;95;97;101;104;109;113;115;156;157;164;168;173;179;182;194;196;203;204;212;214;219;220;227;240;241;244;247;248;261;262;263;264;269;270;271;280;282;285;286;304;317;332;339;347;348;364;370;374;396;398;400;403;404;409;410;411;412;416;421;425;427;428;433;444;447;451;469;472;473;478;490;496;500;501;505;506;523;533;577;581;595;605;669;675;678;791;797;811;813;895;914;918
476,7;8;9;33;34;36;38;63;85;86;87;89;156;157;161;164;174;182;192;199;201;203;205;209;214;220;241;263;269;270;317;319;328;334;335;350;356;393;408;414;416;430;435;442;444;446;457;469;479;484;521;523;602;605;667;707;776;796;800;851;912;916
477,7;8;9;20;34;43;50;58;59;63;89;94;101;109;114;118;129;141;156;157;164;168;174;180;182;194;196;203;212;214;220;240;241;244;247;248;261;262;263;264;269;270;271;280;285;286;310;317;325;347;356;371;374;399;411;416;425;433;451;506;566;806;809;851;912
478,8;34;44;50;58;59;63;85;86;87;94;101;104;109;113;114;115;156;164;173;174;180;182;184;191;194;196;203;204;214;219;220;240;242;244;247;261;263;269;270;271;286;311;313;333;335;352;371;374;415;416;417;419;420;423;496;506;524;556;566;577;694;809;813;861;883;885;886
479,85;86;87;101;104;109;113;115;156;164;168;173;180;182;203;214;220;240;241;247;253;261;263;268;270;271;304;399;417;435;451;486;492;496;500;506;521;527;598;604;804;809
480,7;8;9;60;63;76;85;86;87;93;94;109;113;115;118;129;133;156;164;175;182;189;201;202;203;214;220;226;227;240;241;244;247;248;262;263;270;271;281;282;285;286;326;347;352;369;374;409;412;416;417;428;433;446;447;451;473;492;500;512;577;583;605;797;832;851;917
481,7;8;9;38;58;59;60;63;85;86;87;93;94;109;113;115;118;129;156;164;182;201;203;204;214;220;226;227;240;241;244;247;248;260;263;270;271;282;285;286;326;347;352;361;369;374;383;409;412;416;417;428;433;446;447;451;473;500;512;577;583;605;797;832;851;917
482,7;8;9;38;53;60;63;85;86;87;93;94;113;115;118;126;129;153;156;164;182;189;197;201;203;214;226;227;240;241;244;247;248;253;263;269;270;271;282;283;285;286;326;347;352;369;374;387;409;412;416;417;428;433;446;447;451;473;500;512;577;583;605;797;832;851
483,34;36;46;53;58;59;63;85;86;87;89;126;129;156;157;163;164;182;184;200;201;203;214;225;231;232;240;241;244;246;263;271;280;304;315;317;319;334;337;339;356;368;396;406;408;411;414;416;421;430;433;434;442;444;446;459;484;523;525;707;776;784;796;799;851
484,34;36;46;53;56;57;58;59;63;85;86;87;89;126;127;129;156;157;163;164;182;184;196;200;201;203;214;225;240;241;244;246;250;263;271;280;304;317;332;337;339;352;356;374;392;396;401;406;408;411;414;416;419;421;433;434;444;460;484;523;525;707;710;776;784;799;814;851;883;886
485,34;36;43;53;63;76;83;89;91;126;156;157;164;182;184;201;203;214;232;241;242;246;257;261;263;269;315;317;319;334;350;394;399;406;408;414;416;424;430;436;442;444;446;463;484;488;523;535;679;707;776;796;807;815;851;884;912
486,1;5;7;8;9;23;34;38;63;85;86;87;89;109;156;157;164;182;196;203;214;240;241;263;264;280;282;317;356;359;371;374;409;411;414;416;419;428;442;444;462;469;479;484;523;535;667;707;776;851;912
487,19;34;36;46;63;85;86;87;89;94;109;129;156;163;164;174;180;182;184;194;196;200;203;214;220;225;240;241;246;247;261;263;304;337;347;356;396;399;406;412;414;416;421;425;432;434;442;444;467;506;523;525;566;784;806;809;814;851
488,34;54;58;60;62;63;76;85;86;87;93;94;104;109;113;115;129;156;163;164;182;184;189;196;203;214;219;236;240;241;244;247;248;263;270;271;285;347;356;408;412;416;427;428;433;447;451;461;473;500;502;585;605;678;797;849;851
489,48;55;56;57;58;59;61;114;127;129;151;156;164;182;196;203;204;214;226;240;244;250;263;270;282;291;311;352;369;374;392;428;447;503;574;605;710;812;850;851;886;914
490,48;55;56;57;58;59;60;61;63;94;113;114;115;127;129;151;156;164;182;189;196;203;204;214;226;240;244;247;250;263;270;282;285;291;294;311;313;347;352;369;374;391;392;412;416;428;447;500;503;574;605;710;812;850;851;886;914
491,14;50;58;59;63;86;87;94;95;98;101;104;109;114;129;138;156;157;164;168;174;180;182;184;188;196;203;214;240;241;244;247;261;263;264;269;271;280;282;317;347;374;389;398;399;404;409;411;416;417;421;451;464;473;492;506;555;675;808;851
492,14;36;38;63;73;74;76;94;129;156;164;182;186;202;203;214;226;230;235;241;244;263;283;314;331;345;361;366;388;402;403;412;414;416;428;437;447;465;572;574;580;583;605;803;851;885
493,14;19;34;36;38;46;53;56;57;58;59;63;69;76;85;86;87;89;94;97;105;109;113;115;126;127;129;156;157;164;182;184;188;195;196;200;201;202;203;214;240;241;244;245;247;248;257;261;263;269;271;280;286;304;315;317;322;331;334;337;339;345;347;349;352;356;361;366;394;396;398;399;403;404;405;406;408;411;412;414;416;419;421;428;430;433;434;441;442;444;446;447;449;451;473;484;491;492;500;506;523;525;528;542;555;566;580;581;604;605;678;707;710;776;796;800;815;851;885;886;916
495,14;21;22;33;35;36;38;43;72;73;74;76;113;115;129;137;156;164;182;202;203;212;214;230;231;235;239;241;243;263;269;270;282;331;332;345;347;348;380;402;412;437;447;489;520;572;580;803;851;885
496,14;21;22;33;35;36;38;43;72;73;74;76;113;115;129;137;156;164;182;202;203;212;214;230;231;235;239;241;243;263;269;270;282;331;332;345;347;348;380;402;412;437;447;489;520;572;580;803;851;885
497,14;34;35;38;63;73;74;76;113;115;137;156;164;173;182;184;200;202;203;212;213;214;230;231;235;241;243;263;269;270;282;331;332;338;347;348;380;402;406;412;416;437;447;489;496;525;572;580;693;784;799;803;885
498,7;33;34;36;37;38;39;46;52;53;76;83;91;111;123;126;156;164;174;182;189;203;205;214;241;257;261;263;269;270;276;281;283;315;317;360;372;389;394;428;447;457;484;488;519;528;535;707;851;885;915
499,7;9;33;34;36;37;38;39;46;52;53;67;76;83;91;111;123;126;156;157;164;174;179;182;184;189;203;205;214;241;257;261;263;264;269;270;276;280;281;282;283;292;315;317;339;360;370;372;374;389;394;398;409;411;428;444;447;457;484;488;490;519;523;528;535;667;707;811;851;885;915
500,7;9;34;37;38;46;53;63;67;76;83;89;91;116;126;156;157;164;173;174;179;182;184;189;203;214;231;241;257;261;263;264;269;270;276;280;281;282;283;307;315;317;339;359;360;370;372;374;389;394;398;409;411;416;428;442;444;447;457;479;480;484;488;490;496;503;523;528;535;667;669;682;707;776;811;815;885;912;915
501,14;33;36;39;55;56;57;58;59;91;103;116;127;129;156;164;168;182;196;197;203;206;210;214;227;240;250;263;269;270;282;332;352;374;383;400;401;403;404;419;447;453;487;514;518;533;534;710;812;851;883;886;895
502,14;33;36;39;55;56;57;58;59;91;103;116;127;129;156;164;168;182;196;197;203;206;210;214;227;240;250;263;269;270;280;282;332;352;374;383;400;401;403;404;410;419;447;453;487;514;518;533;534;710;812;851;883;886;895
503,14;34;56;57;58;59;63;91;103;116;127;156;164;168;173;182;184;196;197;203;214;224;227;231;240;250;263;269;270;276;280;282;291;308;332;352;372;374;383;400;401;403;404;410;416;419;447;453;487;496;523;529;533;534;684;710;812;883;886;895;918
505,7;8;9;14;38;44;53;63;67;85;86;87;91;95;103;109;113;116;156;162;164;173;182;197;203;212;213;214;226;231;240;241;242;244;247;263;270;331;341;372;374;402;411;416;417;428;441;447;495;496;707;885
510,44;63;86;98;103;104;156;164;168;173;182;203;204;207;213;214;226;227;231;240;241;242;247;252;259;263;269;271;281;282;304;313;343;369;371;372;383;389;399;400;402;416;417;421;422;423;424;427;441;447;492;496;555;583;675;706;806;807;808;885
512,44;63;67;73;76;91;156;157;164;168;173;182;202;203;213;214;231;241;242;252;253;259;263;269;270;276;278;280;317;331;371;374;402;411;412;416;417;421;437;441;447;490;496;512;562;669;675;747;803;885
514,7;44;53;63;67;76;83;91;126;133;156;157;164;168;173;182;203;213;214;231;241;242;252;253;257;261;263;269;270;276;278;280;281;299;315;317;371;374;394;411;416;417;421;441;447;488;490;496;512;562;675;747;807;815;915
516,8;44;56;57;58;59;63;67;91;127;156;157;164;168;173;182;196;203;213;214;231;240;242;252;253;263;269;270;276;278;280;291;317;371;374;392;411;416;417;421;441;447;490;496;503;512;562;675;710;747;812;886
518,63;86;94;95;104;113;115;133;156;157;164;173;174;182;203;204;213;214;219;236;240;247;248;263;270;271;281;285;286;317;347;360;361;384;385;412;416;428;433;451;472;473;496;500;502;585;605;678;797;802
522,23;24;28;34;36;37;38;39;67;85;86;87;97;98;103;113;129;156;164;182;203;209;214;226;240;241;253;263;268;270;283;351;364;435;451;486;488;521;527;528;598;604;684;851;885;916
523,23;24;28;34;36;37;38;39;46;63;67;85;86;87;97;98;103;113;129;156;164;182;203;209;214;226;240;241;253;263;268;269;270;283;315;351;364;416;435;451;486;488;521;523;527;528;598;604;667;684;851;885;916
529,10;14;36;38;89;90;91;154;156;157;163;164;174;182;189;201;203;214;229;232;241;263;270;280;306;317;319;328;332;334;341;374;398;404;414;421;446;468;523;529;667;707;815;851
530,14;32;34;38;63;89;90;91;156;157;164;173;174;182;184;188;189;201;203;214;224;229;241;263;270;280;306;317;319;328;332;334;341;350;374;398;404;411;414;416;421;442;446;496;523;529;667;675;684;693;707;796;815
531,7;8;9;25;34;38;53;57;58;59;63;67;76;85;86;87;91;94;113;115;126;133;156;164;173;182;186;196;203;213;214;219;227;231;240;241;247;253;263;270;273;281;285;304;347;361;374;387;409;416;428;433;447;473;493;494;495;496;502;505;528;577;581;605;608;675;707;791;886
532,1;7;8;9;21;36;38;43;67;68;88;91;116;156;157;164;168;174;179;182;183;184;197;203;214;223;240;241;263;264;269;270;276;280;282;317;339;359;370;374;398;409;411;432;444;447;469;479;490;811;851
533,1;7;8;9;21;36;38;43;67;68;88;91;116;156;157;164;168;174;179;182;183;184;197;203;214;223;240;241;263;264;269;270;276;280;282;317;339;359;370;374;398;409;411;432;444;447;469;479;490;667;811;851
534,7;8;9;25;34;38;63;67;68;89;91;116;156;157;164;168;173;174;179;182;183;184;197;203;213;214;223;240;241;263;264;269;270;276;280;282;317;339;350;359;370;371;374;398;409;411;416;432;444;447;469;479;490;496;523;667;693;707;811;912;918
540,33;36;75;76;81;103;156;164;173;175;182;202;203;204;214;226;235;240;241;263;334;345;388;402;405;412;415;447;450;522;527;564;580;679;803;806;851;884;885
541,33;36;75;76;81;103;113;156;164;173;175;182;202;203;204;214;226;235;240;241;263;334;345;388;402;405;412;415;447;450;522;527;564;580;679;803;806;851;884;885
542,14;33;36;63;67;75;76;81;97;103;113;115;156;163;164;173;182;202;203;204;206;214;226;235;240;241;263;270;282;331;334;345;347;348;388;398;402;403;404;405;412;415;416;421;437;447;450;494;522;527;565;580;675;676;679;803;806;813;851;884;885
545,14;38;42;44;63;76;89;91;92;97;103;141;156;157;164;173;182;188;191;203;213;214;224;226;231;241;263;276;317;334;360;371;372;390;398;404;416;440;441;450;458;474;491;496;506;523;675;684;707;798;806;884;885
546,71;72;73;74;75;76;77;78;129;156;164;178;182;202;203;204;214;227;241;251;262;263;269;270;283;313;321;388;402;412;415;447;538;580;581;584;605;803;851
547,63;73;74;76;77;78;94;113;156;164;168;173;178;182;202;203;204;213;214;219;227;241;247;251;262;263;269;270;283;313;321;366;369;374;388;402;412;415;416;433;447;496;538;542;580;581;583;585;605;803
548,71;72;73;74;76;78;79;156;164;182;202;203;204;214;227;230;235;241;263;270;275;331;345;361;388;402;412;437;447;494;495;676;803;851;885
549,14;63;71;72;73;74;76;78;79;80;113;156;164;182;202;203;204;214;227;235;241;244;263;270;298;311;331;345;402;412;416;437;447;483;494;495;572;580;669;676;803;851;885;914
550,29;33;36;37;38;39;44;55;56;57;58;59;61;63;97;127;129;156;164;175;179;182;184;196;203;214;240;242;250;263;269;283;330;341;352;416;423;428;453;457;487;515;706;710;799;812;834;851;883;886
551,28;34;36;37;38;43;44;46;68;89;91;156;157;164;168;174;180;182;184;188;189;201;203;207;214;242;259;263;269;270;280;317;328;341;374;399;401;414;421;422;424;444;446;447;468;492;523;555;681;707;806;808;815;851
552,28;34;36;37;38;43;44;46;67;89;91;156;157;164;168;174;180;182;184;188;189;201;203;207;214;242;259;263;264;269;270;280;282;283;317;328;332;337;341;374;399;414;421;422;424;444;446;447;468;490;492;523;525;555;681;707;784;799;806;808;815;851
553,25;34;37;38;44;46;63;67;68;89;90;91;116;156;157;164;168;173;174;180;182;184;188;189;200;201;203;207;214;231;242;251;253;259;263;264;269;270;276;280;282;283;317;328;332;337;339;341;370;371;372;374;399;401;406;411;414;416;421;422;424;441;442;444;446;447;479;490;492;496;523;525;555;667;675;681;693;707;784;799;806;808;815
559,7;8;9;28;29;36;38;43;46;67;68;91;133;136;156;157;162;164;168;174;182;184;188;197;203;207;214;227;240;241;242;251;252;253;259;263;264;269;270;280;282;283;313;317;334;337;339;349;370;371;374;398;399;406;409;411;428;442;444;447;457;479;490;491;492;501;525;555;675;808;811;851;885;918
560,7;8;9;14;25;34;38;46;63;67;68;91;133;136;156;157;162;164;168;173;174;179;180;182;184;188;197;200;203;207;214;223;227;231;240;241;242;251;252;253;259;263;264;269;270;280;282;283;313;317;334;337;339;349;370;371;372;374;398;399;406;409;411;416;428;442;444;447;457;479;490;491;492;496;501;525;555;675;808;811;885;918
563,50;63;94;101;109;114;120;156;164;168;173;174;182;184;194;202;203;212;213;214;219;240;247;261;262;263;271;285;286;313;325;334;347;371;384;385;390;399;412;416;417;421;428;433;447;470;471;472;496;502;506;566;776;809
569,34;63;76;85;92;94;103;114;120;133;153;156;164;168;173;174;182;188;191;202;203;213;214;220;240;241;246;254;256;263;278;341;350;371;374;390;398;399;402;409;411;416;440;441;474;482;491;496;499;562;707;776;810
570,10;14;36;43;46;68;91;97;101;109;129;154;156;164;168;180;182;184;188;197;203;214;220;227;240;241;244;247;259;262;263;269;270;271;282;286;304;313;326;347;369;374;383;389;399;417;421;447;468;492;506;539;555;806;807;808;851
571,14;25;34;46;53;63;67;68;91;92;94;97;101;109;156;164;168;173;180;182;184;188;197;203;214;220;227;240;241;242;244;247;253;259;262;263;269;270;271;280;282;286;304;313;326;332;340;347;369;371;372;374;389;399;400;411;416;417;421;447;490;492;496;506;539;555;675;806;807;808
572,1;21;36;39;47;85;86;91;129;156;162;164;168;175;182;189;203;204;214;226;227;240;241;253;263;270;282;283;304;313;321;331;347;369;374;387;401;402;441;447;495;497;541;583;605;608;813;851;882;885;886;914
573,1;21;36;38;39;47;63;85;86;87;91;113;129;156;162;164;168;175;182;189;203;204;214;226;227;240;241;253;263;270;282;283;304;313;321;331;347;350;369;374;387;401;402;411;416;441;447;495;497;541;583;605;608;813;851;861;882;885;886;914
574,1;60;85;86;93;94;95;113;115;129;156;157;164;168;182;203;204;212;214;240;243;244;247;248;252;259;260;263;269;270;271;285;286;313;317;321;347;356;374;399;412;417;428;433;447;473;478;492;500;505;589;678;797;851;917
575,1;60;85;86;93;94;95;113;115;118;129;156;157;164;168;182;203;204;214;240;244;247;248;260;263;269;270;271;285;286;313;317;321;347;356;374;399;412;417;428;433;447;473;478;492;500;589;678;797;851;917
576,1;34;60;63;85;86;93;94;95;113;115;118;129;156;157;164;168;182;203;204;214;240;244;247;248;260;263;269;270;271;280;285;286;313;317;321;347;356;374;399;411;412;416;417;428;433;447;473;478;490;492;500;589;678;797;851;917
577,60;86;87;93;94;101;105;109;113;115;129;151;156;157;164;182;203;204;214;220;227;240;241;244;247;248;263;270;271;283;285;286;310;317;334;347;356;360;412;428;430;433;472;473;500;502;678;797;851
578,60;86;87;93;94;101;105;109;113;115;129;151;156;157;164;182;203;204;214;220;227;240;241;244;247;248;263;270;271;283;285;286;310;317;334;347;356;360;412;428;430;433;472;473;500;502;678;797;851
579,7;8;9;34;63;86;87;94;101;105;109;113;115;151;156;157;164;173;182;203;204;213;214;219;220;227;240;241;244;247;248;263;264;270;271;276;282;283;285;286;317;334;347;356;359;360;374;384;385;409;411;412;416;428;430;433;447;472;473;496;500;502;678;797;798;917
580,16;17;19;38;55;57;58;61;129;156;164;182;196;203;211;214;240;250;263;270;283;291;297;314;332;352;355;362;366;392;403;413;432;453;542;574;710;851;885;886
581,16;17;19;38;55;56;57;58;61;63;129;156;164;182;196;203;211;214;240;250;263;270;282;283;291;297;311;314;332;352;355;362;366;392;403;413;416;432;453;512;542;574;710;812;851;885;886;914
584,58;59;63;113;120;151;153;156;164;173;182;196;203;213;214;240;243;251;253;263;269;286;304;311;329;333;334;393;416;419;420;430;496;502;524;556;573;694;861;883;886
585,24;28;29;33;34;36;38;45;73;76;86;91;97;113;156;164;182;202;203;204;214;226;235;240;241;247;263;270;283;313;331;345;388;402;412;428;437;447;523;528;580;583;803;851;885
586,14;24;28;33;34;36;38;45;63;73;76;86;91;97;113;156;164;174;182;202;203;204;214;224;226;240;241;247;263;270;283;313;331;345;402;412;416;428;437;447;523;528;532;572;580;583;667;675;684;707;803;851;885
587,76;85;86;87;97;98;104;113;156;164;173;182;203;204;213;214;226;227;231;240;263;268;269;270;321;343;355;369;374;403;412;432;435;451;486;496;512;521;527;528;598;609;683;804;814;884
590,34;71;72;74;76;77;78;92;111;147;156;164;182;188;202;203;205;214;230;235;240;241;263;275;310;331;345;388;402;412;437;447;474;476;492;499;580;676;851
591,34;63;71;72;74;76;78;92;147;156;164;182;184;188;202;203;214;230;235;240;241;263;275;310;331;345;402;412;416;437;447;474;476;492;499;506;580;676;707;851
594,1;34;36;54;56;57;58;59;63;94;113;127;156;164;182;196;203;214;219;220;226;240;243;247;250;263;270;273;285;321;340;347;352;361;362;392;416;428;453;469;487;503;512;581;583;589;710;799;812;851;883;886;914
595,40;71;81;85;86;87;97;103;104;113;129;141;156;163;164;168;182;202;203;210;214;240;263;270;380;389;398;404;405;412;435;450;451;486;521;522;527;528;611;679;806;851;884
596,40;63;71;81;85;86;87;97;103;104;113;129;141;156;163;164;168;182;202;203;210;214;240;263;268;270;380;389;398;404;405;412;416;435;450;451;486;521;522;527;528;564;611;675;679;806;851;884
602,33;86;209;268;282;451;851
603,20;29;34;36;37;51;85;86;87;113;156;162;164;182;184;192;202;203;209;214;240;242;263;268;282;369;380;422;430;435;451;486;489;491;512;521;527;528;598;604;675;679;851
604,7;9;34;37;53;63;85;86;87;109;113;127;156;157;162;164;173;182;184;192;200;202;203;214;231;240;241;242;263;264;268;276;280;282;305;306;317;330;337;339;340;369;370;380;406;409;416;422;428;430;435;447;451;484;486;489;491;496;506;512;521;523;525;527;528;598;604;675;679;706;707;710;776;804;916
607,52;53;76;83;94;101;107;109;114;123;126;151;156;164;168;174;180;182;203;214;220;241;244;247;257;261;262;263;269;271;286;310;315;347;394;399;412;433;471;488;499;506;517;806;807;809;851;915
608,52;53;76;83;94;101;107;109;114;123;126;151;156;164;168;174;180;182;203;214;220;241;244;247;257;261;262;263;269;271;286;310;315;347;394;399;412;433;471;488;499;506;517;806;807;808;809;851;915
609,53;63;76;83;94;101;104;107;109;114;126;151;156;164;168;173;174;180;182;203;214;219;220;241;244;247;257;261;262;263;269;271;286;315;347;371;394;399;412;416;433;471;488;496;499;506;517;595;806;807;808;809;885;915
610,10;12;14;36;38;43;44;46;57;68;91;116;129;156;163;164;179;182;184;200;203;206;214;231;240;241;242;263;269;280;283;317;332;337;349;372;374;398;400;401;404;406;416;421;434;442;523;525;555;660;707;784;799;851;885;913
611,10;12;14;36;38;43;44;46;57;67;91;116;129;156;163;164;179;182;184;200;203;206;214;240;241;242;263;269;280;283;317;332;337;349;372;374;398;404;406;416;421;434;442;523;525;555;707;784;799;851;885;913
612,10;12;14;34;36;38;43;44;46;57;63;67;89;91;116;129;156;157;163;164;179;182;184;200;203;206;214;240;241;242;263;269;280;283;317;332;337;349;370;372;374;398;404;406;411;416;421;434;442;447;490;523;525;555;707;784;799;851;885;913
613,8;34;36;37;45;57;58;59;67;91;154;156;157;163;164;168;175;181;182;189;196;203;204;214;227;232;240;242;263;264;269;281;283;317;329;332;333;341;352;362;374;400;404;419;421;423;447;484;523;524;555;583;589;710;776;851;883;885;886
614,8;14;25;34;37;38;46;57;58;59;63;67;89;91;156;157;164;168;173;174;175;179;182;184;189;196;203;204;207;214;227;240;242;263;264;269;276;280;281;283;291;317;329;332;333;339;341;352;370;372;374;400;404;411;416;419;421;423;444;447;453;484;496;523;524;555;556;583;675;710;776;883;885;886;912
615,20;34;36;54;58;59;62;63;76;105;109;113;114;115;151;153;156;163;164;182;184;196;203;214;229;240;246;263;329;333;334;352;398;400;416;419;420;430;512;524;573;694;813;851;861;883;886
618,57;85;86;87;89;90;91;156;157;164;173;174;175;180;182;188;189;201;203;213;214;220;240;253;263;268;281;317;330;340;341;371;389;414;435;444;446;482;492;496;503;513;523;527;598;604;707;808
619,1;14;36;67;91;97;129;136;154;156;164;179;182;197;203;214;226;240;241;244;252;263;264;269;270;280;282;317;332;339;340;347;364;369;370;374;395;396;398;409;411;444;447;468;490;501;512;811;851;885;918
620,1;14;36;38;63;67;91;97;129;136;154;156;164;179;182;197;203;214;226;240;241;244;252;263;264;269;270;280;282;317;332;339;340;347;364;369;370;374;395;396;398;409;410;411;416;444;447;468;469;490;501;512;811;813;851;861;885;918
622,1;5;7;8;9;34;36;38;58;67;89;91;94;101;109;111;115;156;157;164;168;174;182;189;196;201;203;214;223;240;241;244;247;263;264;270;280;282;286;310;317;325;334;356;359;360;374;409;411;414;446;447;479;484;490;506;523;566;707;809;815;851
623,7;8;9;19;25;34;38;58;63;67;76;85;89;91;94;101;109;115;120;156;157;164;168;173;174;182;189;196;201;203;214;223;240;241;244;247;263;264;270;271;276;280;282;286;317;325;334;356;359;360;370;374;409;411;414;416;428;430;442;444;446;447;451;479;484;490;496;506;523;535;566;667;707;776;809;815;838;912
624,10;12;14;29;36;43;67;86;91;156;163;164;168;180;182;184;201;203;206;210;212;214;232;240;259;263;269;280;317;319;332;334;372;374;389;398;399;400;403;404;421;430;442;444;446;447;490;492;501;514;555;796;808;851
625,10;12;14;36;43;63;67;86;91;156;163;164;168;179;180;182;184;201;203;206;210;214;232;240;259;263;269;280;317;319;332;334;368;372;374;398;399;400;403;404;411;416;421;430;442;444;446;447;490;492;514;555;675;796;808;851
627,17;18;19;34;36;37;38;43;64;97;129;156;157;163;164;182;184;203;214;240;241;249;257;263;270;297;306;314;317;332;339;355;366;369;370;403;413;421;428;432;468;512;542;814;851
628,17;18;19;34;36;37;38;43;63;64;97;129;143;156;157;163;164;179;182;184;203;214;232;240;241;257;263;270;276;297;306;314;317;332;339;366;369;370;403;413;416;421;428;432;442;468;512;542;814;851
629,16;18;19;36;38;43;92;129;156;164;168;180;182;184;203;212;213;214;240;241;244;247;253;257;260;263;269;282;297;313;314;317;334;355;365;366;369;399;403;413;417;432;492;555;675;808;814;851
630,16;18;19;36;38;43;63;92;129;143;156;164;168;180;182;184;198;201;203;212;213;214;240;241;244;247;253;257;260;263;269;282;297;313;314;317;332;334;355;365;366;369;399;403;413;416;417;432;492;512;542;555;675;808;814;851
633,21;29;33;34;36;44;46;86;116;156;164;168;180;182;184;200;203;214;225;240;241;242;244;263;269;304;310;372;399;406;407;414;417;422;423;424;428;434;457;458;525;526;555;562;851;913
634,21;29;33;34;36;44;46;86;116;156;164;168;180;182;184;200;203;214;225;240;241;242;244;263;269;270;304;372;399;406;407;414;417;422;423;424;428;434;458;525;526;555;707;808;851;913
635,19;34;44;46;53;56;57;63;83;86;89;103;115;116;126;156;157;161;164;168;173;180;182;184;200;203;211;214;231;240;241;242;244;251;253;257;263;269;270;276;304;317;349;366;369;371;372;399;406;407;411;414;416;417;422;423;424;428;430;434;444;446;457;458;496;512;523;525;555;562;675;693;707;784;799;808;814;913
636,34;36;37;38;52;53;71;76;81;83;94;103;106;113;126;133;141;156;164;172;182;202;203;214;234;241;257;261;263;315;347;369;394;405;428;450;488;512;522;528;679;806;851;884;885
637,18;19;34;37;38;53;63;76;81;83;94;103;113;126;133;141;156;164;173;182;202;203;214;219;234;240;241;257;261;263;314;315;347;366;369;394;398;403;405;416;428;450;476;483;488;496;512;522;528;542;552;595;679;806;814;884;885
638,14;24;34;36;38;43;46;63;86;98;115;129;156;164;179;182;184;201;203;206;214;232;240;241;244;263;269;270;280;319;332;334;347;368;370;396;398;403;404;410;411;416;428;430;442;444;446;484;501;514;521;526;533;684;776;796;811;851;918
639,14;24;34;36;38;43;46;63;89;98;115;129;156;157;164;179;182;184;201;203;206;214;244;263;269;270;280;317;332;347;350;370;396;398;403;404;411;414;416;428;442;444;446;479;501;514;523;526;533;667;684;707;811;851;918
640,14;24;34;36;38;43;46;63;76;98;113;115;129;156;164;179;182;184;202;203;206;214;235;241;244;263;269;270;280;331;332;345;347;348;370;396;402;403;404;410;411;412;416;428;437;444;447;501;514;526;533;669;684;803;811;851;885;918
641,16;19;34;36;37;43;44;63;94;97;118;156;164;168;179;182;184;188;196;201;203;207;214;240;241;242;253;257;263;269;280;282;310;311;314;326;339;359;366;369;374;399;403;411;416;417;447;479;482;492;512;542;808;846;851;883;886
642,9;19;34;36;37;43;44;63;84;85;86;87;94;97;156;164;168;182;184;188;203;207;214;240;241;242;253;263;268;269;280;282;310;311;339;351;359;369;374;399;411;416;417;428;430;435;447;451;479;482;486;492;512;521;527;528;555;598;604;684;808;847;851;916
643,19;34;36;38;46;53;63;76;83;94;113;115;126;129;156;157;163;164;182;184;200;203;214;225;240;241;242;246;247;257;261;263;270;286;304;311;315;317;326;337;349;366;374;394;406;411;414;416;421;424;428;434;444;488;525;535;551;558;568;776;784;799;814;815;851;913
644,9;19;34;36;38;46;63;85;86;87;94;113;114;115;129;156;157;163;164;182;184;200;203;214;225;240;241;242;246;247;263;264;268;270;280;286;304;311;317;337;349;366;374;406;411;414;416;421;422;428;430;434;444;446;451;486;521;525;528;550;559;568;604;776;784;799;814;851;913;916
645,14;19;34;36;43;63;89;90;91;94;156;157;164;182;184;188;189;200;201;203;214;240;241;242;263;269;280;286;311;317;326;328;335;339;341;347;356;359;369;374;411;414;416;417;444;446;447;479;482;523;707;815;848;851
646,19;34;36;46;58;59;63;94;113;115;129;156;157;163;164;182;184;196;200;203;214;225;240;241;246;247;263;270;283;286;304;311;317;329;332;333;337;349;374;406;411;414;416;419;421;423;428;430;434;442;444;525;549;568;573;776;784;799;814;851;883;913
647,14;24;36;38;43;46;56;57;61;63;67;115;129;156;164;179;182;196;203;206;214;220;226;240;241;244;263;269;270;280;330;332;347;352;370;396;398;401;403;404;410;411;416;444;453;501;514;526;533;548;684;710;811;812;851;885;886;918
648,7;8;9;14;47;60;63;67;85;86;87;93;94;98;113;118;129;156;164;179;182;195;203;204;214;226;240;241;244;247;263;264;270;271;272;280;282;285;298;304;313;347;356;369;370;374;409;411;412;416;421;428;433;444;447;473;490;496;497;512;547;574;583;605;811;813;851;914
650,9;22;34;36;42;44;45;46;67;73;76;91;115;129;156;157;162;164;174;182;187;191;202;203;205;214;220;232;235;240;241;263;264;270;280;283;317;331;332;341;345;374;398;402;409;412;421;428;437;442;447;452;469;501;520;523;580;707;803;851;885
651,9;22;34;36;42;44;45;46;67;73;76;91;115;129;156;157;162;164;174;182;187;191;202;203;205;214;220;232;235;240;241;263;264;269;270;280;283;317;331;332;334;339;341;345;360;374;398;402;409;412;421;428;437;442;444;447;452;469;490;501;520;523;580;707;803;851;885
652,9;14;34;38;42;44;46;63;67;73;74;76;89;91;115;156;157;162;164;173;174;179;182;184;187;188;189;191;202;203;214;220;231;235;240;241;242;263;264;269;270;276;280;282;283;317;331;332;334;337;338;339;341;359;360;364;370;371;374;398;402;409;411;412;416;421;428;437;442;444;447;452;469;479;490;496;501;523;580;596;667;707;776;798;803;811;885
653,10;36;39;52;53;60;76;83;94;95;97;113;126;129;156;164;168;182;189;203;204;214;227;240;241;257;261;263;270;271;273;285;286;315;336;341;347;383;394;433;447;473;478;488;492;500;519;678;807;851
654,7;9;10;36;39;52;53;60;67;76;83;94;95;97;113;126;129;156;164;168;182;189;203;204;214;227;240;241;257;261;263;270;271;273;285;286;315;336;341;347;383;394;428;433;447;473;478;488;492;500;519;678;807;851
655,7;9;53;63;67;76;83;94;95;97;101;104;109;113;115;126;156;164;168;173;182;189;203;204;214;219;227;231;240;241;244;247;248;257;261;263;270;271;272;273;285;286;304;307;315;336;341;347;383;394;411;415;416;417;428;433;447;472;473;478;488;492;496;500;506;595;605;678;797;807;815;917
656,1;36;45;55;56;57;58;59;68;91;98;104;108;122;127;129;156;157;164;168;182;189;191;196;203;206;214;240;263;269;270;317;332;340;341;352;369;374;390;415;447;479;496;512;514;518;710;851;883;885;886
657,1;8;14;36;45;55;56;57;58;59;67;68;91;98;104;108;122;127;129;156;157;164;168;182;189;191;196;203;206;214;240;263;269;270;317;332;340;341;352;369;374;390;415;441;447;479;496;512;514;518;710;851;883;885;886
658,8;14;56;57;58;59;63;67;68;91;98;104;114;127;156;157;164;168;173;182;189;191;196;203;214;240;263;269;270;272;280;291;308;311;317;326;332;340;341;352;369;374;390;399;400;415;416;425;441;447;479;482;490;496;512;594;693;710;806;812;883;885;886;918
660,7;8;9;14;25;34;57;63;67;89;90;91;97;98;156;157;162;164;168;173;175;182;188;189;191;201;203;213;214;231;253;263;276;280;317;328;339;340;341;359;369;371;374;414;416;441;442;444;447;492;496;523;528;667;693;707;815;885
661,14;19;36;38;45;52;64;97;98;129;156;164;168;175;182;203;211;214;240;241;257;263;269;297;314;315;332;355;366;369;394;403;413;432;488;501;512;542;814;851
662,14;19;36;38;45;52;53;64;83;97;98;126;129;156;164;168;175;182;203;211;214;240;241;257;261;263;269;297;314;315;332;355;364;366;369;394;403;413;488;512;542;814;851;915
663,14;18;19;38;53;63;76;83;97;98;126;143;156;164;168;173;175;182;203;211;214;240;241;257;261;263;269;297;299;314;315;332;339;355;364;366;369;394;403;413;416;432;488;496;501;512;542;814;915;918
664,33;77;78;81;450;476;522;851;884
665,106;182;334;450;522;851;884
666,18;63;76;77;78;79;81;94;109;113;156;164;168;173;182;202;203;214;219;240;241;263;311;314;334;347;366;369;403;405;412;416;450;476;483;496;512;522;542;577;676;806;884
667,29;33;34;36;38;43;46;52;53;76;83;91;126;129;156;164;168;182;189;203;214;240;241;242;257;261;263;269;270;281;283;304;315;394;422;424;488;494;497;510;512;523;526;528;555;568;706;851;885
668,34;38;46;53;63;76;83;91;126;156;164;168;173;182;189;203;214;231;240;241;242;257;261;263;269;270;281;283;304;315;371;394;399;416;422;424;488;494;496;512;523;528;555;568;706;807;815;885;915
669,22;33;75;76;80;94;113;129;156;164;182;202;203;204;214;219;226;235;240;241;263;270;273;283;345;347;383;402;412;447;500;572;574;577;580;581;584;585;605;676;715;851;885;886;914
670,22;33;75;76;80;94;113;118;129;156;164;182;202;203;204;214;219;226;235;240;241;263;270;271;273;283;285;345;347;402;412;447;500;572;574;577;580;581;584;585;605;676;851;885;886;914
671,63;76;80;94;113;156;164;173;182;202;203;204;214;219;226;235;240;241;263;270;271;273;283;285;347;383;402;412;416;447;496;500;572;577;580;581;585;605;676;715;802;803;885;886;914;917
672,22;33;34;36;38;39;46;57;73;74;75;76;91;111;156;157;164;182;189;202;203;205;208;214;235;240;241;263;270;280;283;331;339;341;345;348;388;402;412;428;437;447;523;528;532;580;583;707;803;851;885
673,22;33;34;36;38;39;46;57;63;73;74;75;76;89;91;156;157;164;182;189;202;203;208;214;235;240;241;263;270;280;283;331;332;339;341;345;348;388;402;412;416;428;437;447;523;528;532;580;583;667;675;707;803;851;885
675,7;8;9;14;25;34;57;63;67;69;89;91;116;156;157;164;168;173;179;182;184;188;197;200;203;213;214;240;241;242;251;253;263;269;270;276;280;282;304;317;337;339;359;370;371;374;398;399;400;404;409;411;416;418;421;428;441;442;444;447;480;490;492;494;496;501;509;511;523;555;575;663;675;681;693;707;808;811;838;894
676,38;44;46;57;86;91;156;164;173;182;203;204;213;214;231;240;241;242;253;263;270;283;304;369;387;389;399;416;422;423;424;428;447;496;528;538;555;608;706;885
677,10;43;60;85;86;93;94;113;115;129;156;164;182;203;204;214;240;241;244;247;252;263;270;271;281;285;313;321;343;347;356;399;412;417;428;433;451;473;574;583;797;851;917
678,63;85;86;91;94;113;115;156;164;173;182;203;204;212;214;219;226;231;240;241;244;247;252;263;270;271;272;273;281;285;286;313;321;343;347;356;371;389;399;412;416;417;428;433;451;472;473;478;496;500;501;541;581;583;678;797;885;914;917
681,14;63;103;115;156;157;164;173;179;182;194;203;213;214;240;241;247;263;280;319;332;334;335;360;370;379;400;403;416;421;425;427;428;430;442;457;458;469;496;533;588;669;693;796;809
683,50;63;85;87;94;95;113;115;156;164;173;175;182;186;203;204;213;214;227;230;240;241;244;263;270;273;285;313;347;360;409;412;416;417;430;433;473;495;496;502;505;577;581;585;597;605;802;914
685,53;57;63;81;85;87;94;113;133;156;164;168;173;178;182;203;204;213;214;219;230;240;241;263;270;273;281;283;313;347;383;409;412;416;495;496;538;564;577;583;605;802
686,33;35;50;53;60;64;85;94;95;113;115;129;156;157;163;164;168;180;182;194;203;207;214;226;240;241;244;248;263;269;270;271;276;282;285;313;332;347;356;365;367;371;374;399;400;415;417;427;433;473;492;500;576;679;710;797;808;851
687,35;50;53;63;85;94;95;104;113;115;156;157;164;168;173;179;180;182;184;194;203;207;214;226;240;241;244;248;259;263;269;270;271;276;282;285;313;332;347;356;365;367;371;374;385;398;399;400;415;416;417;427;428;433;458;473;492;496;500;576;675;679;693;710;797;808;885;917
689,14;57;58;59;63;67;89;91;103;127;156;157;164;168;173;182;188;189;196;201;203;213;214;219;238;240;246;250;251;253;263;269;270;276;280;291;317;330;334;337;339;341;350;370;371;372;374;397;398;400;404;411;414;415;416;421;444;446;447;458;482;496;503;504;523;534;693;710;800;886;895
690,33;36;39;51;55;56;57;85;92;104;108;114;127;151;156;164;168;180;182;184;188;189;196;200;203;214;239;240;247;250;263;330;341;342;352;390;401;406;441;474;482;491;525;583;710;799;812;851;883;886
691,56;57;63;85;87;92;104;114;127;151;156;164;168;173;180;182;184;188;189;196;200;203;214;231;240;247;250;263;291;330;341;352;390;398;401;406;411;416;434;441;474;482;491;496;503;525;583;710;799;812;883;886
692,14;36;55;56;57;58;59;61;127;150;152;156;157;164;168;175;182;189;196;203;214;240;263;270;311;330;340;341;352;369;396;399;401;406;430;453;468;474;479;482;494;710;812;851;884;886
693,14;34;56;57;58;59;63;127;152;156;157;164;168;173;175;182;184;188;189;196;203;214;240;247;263;270;291;311;330;340;341;352;369;396;399;401;406;411;416;430;453;474;479;482;494;496;505;710;805;812;884;886
695,7;9;25;57;63;67;76;85;86;87;91;97;98;113;137;156;157;164;173;182;189;201;203;213;214;231;234;240;241;263;268;304;311;317;369;399;406;407;411;416;435;447;451;486;490;496;502;521;523;525;527;528;570;582;598;604;693;784;799;804;880;884;885
697,32;34;37;44;46;63;89;91;156;157;164;173;174;182;184;200;201;203;204;213;214;231;241;242;246;263;276;280;304;305;317;334;337;349;350;370;372;397;399;406;414;416;422;423;424;428;434;442;444;446;457;496;523;525;583;667;693;706;707;784;799;800;808;913
699,34;58;59;63;85;86;87;89;94;113;114;115;156;157;164;173;182;196;200;201;203;213;214;219;227;231;240;243;246;263;304;311;317;333;334;341;347;350;399;414;416;419;428;430;435;442;444;446;496;523;573;694;800;861;883;886
700,34;38;44;46;63;91;94;98;113;115;116;156;164;173;174;175;182;189;197;203;204;214;219;226;240;241;244;247;263;270;273;281;285;304;311;313;321;343;347;383;387;416;473;496;500;577;581;583;585;595;605;608;802;885;914
701,7;9;14;19;25;34;63;67;91;97;136;143;156;157;164;168;173;179;182;197;203;211;212;214;226;227;238;240;241;253;263;264;269;270;276;280;283;297;317;332;339;340;355;364;369;370;371;372;374;398;403;404;409;411;413;416;428;432;442;444;447;490;494;496;501;512;560;675;679;776;811;814;885;918
702,9;63;85;86;87;91;97;113;156;162;164;168;173;182;203;204;214;231;240;241;263;268;270;283;343;369;374;393;402;416;435;447;451;486;494;496;521;527;528;570;577;581;583;598;604;605;609;715;804;885
703,33;34;36;38;63;94;106;113;115;156;157;164;175;182;191;201;203;204;214;240;241;244;246;263;283;285;317;328;334;347;350;356;360;397;408;414;416;430;433;442;444;446;470;479;484;581;585;605;707;776;800;802;851
704,33;34;36;55;68;71;85;156;157;164;174;175;182;188;200;203;204;214;225;240;241;263;330;341;352;406;434;482;791;806;851;886
705,33;34;36;55;58;59;71;85;87;92;151;156;157;164;174;175;182;188;200;203;204;214;225;240;241;263;330;341;352;406;434;482;491;806;851;886
706,7;9;25;34;53;56;57;58;59;63;68;85;87;89;92;126;151;156;157;164;173;174;175;182;188;200;202;203;204;214;231;240;241;263;264;276;282;311;330;337;341;352;364;372;401;406;411;416;434;438;482;491;496;503;523;525;693;707;715;776;784;791;806;886;913
707,63;86;94;113;115;156;164;168;173;182;191;201;203;214;219;240;241;244;248;259;263;278;286;319;334;347;387;393;415;416;430;433;473;478;492;496;500;577;581;583;587;605;796;806
708,33;50;73;74;76;91;94;101;109;115;156;157;164;168;174;180;182;194;202;203;214;220;240;241;244;247;261;263;271;275;285;286;310;345;389;398;399;402;412;421;433;447;452;492;502;506;523;532;566;571;580;785;803;806;808;809;851;885
709,50;63;73;74;76;89;91;92;94;101;109;114;115;156;157;164;168;173;174;180;182;184;194;202;203;207;214;219;220;240;241;244;247;261;263;271;275;282;285;286;325;347;389;398;399;402;404;409;411;412;416;421;433;437;447;452;492;496;502;506;523;532;566;571;580;693;803;806;807;808;809;885;917
711,50;53;63;73;76;94;95;109;113;120;126;153;156;157;164;168;173;174;182;184;188;194;202;203;213;214;219;220;241;247;261;263;271;285;286;331;360;388;399;402;411;412;416;417;425;433;438;447;492;496;502;506;566;567;585;595;693;803;806;809
712,33;34;36;38;44;54;58;59;105;106;156;157;164;174;181;182;196;203;214;229;240;242;243;263;317;333;334;360;419;423;444;523;694;851;861;883;886
713,34;38;44;56;57;58;59;63;89;105;156;157;164;173;174;182;184;196;203;214;229;240;242;243;263;276;317;333;334;360;416;419;423;430;442;444;469;484;496;523;524;556;667;694;707;776;861;883;886
714,16;17;18;19;33;36;44;48;71;76;94;97;103;104;129;141;156;162;164;168;182;200;203;214;241;247;253;257;263;269;280;304;314;332;337;355;366;369;399;403;404;406;407;421;432;434;512;528;542;814;851
715,18;19;34;38;44;53;63;76;94;97;103;104;141;143;156;162;164;168;173;182;184;200;203;211;214;231;236;241;247;253;257;263;269;280;304;314;332;337;349;352;355;366;369;399;403;404;406;407;411;415;416;421;432;434;496;512;525;528;542;586;784;814;913;917
719,33;34;36;63;94;106;113;115;118;129;133;156;157;164;175;182;191;201;203;204;214;226;227;240;241;244;246;263;270;283;285;313;317;328;334;347;356;360;397;408;414;416;430;433;444;446;470;473;479;500;523;577;583;585;591;605;776;800;802;815;851;883
720,7;8;9;36;60;63;85;86;93;94;113;115;129;156;164;168;182;184;194;201;203;214;240;241;244;247;248;263;264;269;271;280;282;285;310;317;347;356;374;399;409;411;412;416;417;428;433;441;447;470;471;472;473;492;502;566;593;675;678;797;806;808;851;917
721,23;34;36;38;43;46;53;54;55;56;63;76;83;89;91;114;126;153;156;157;164;182;184;188;201;203;214;240;241;257;261;263;269;280;311;315;317;341;352;360;374;394;411;414;416;422;424;430;444;479;482;484;488;503;510;523;528;535;581;592;707;710;776;815;851
722,14;33;36;45;64;75;76;101;104;109;113;114;129;156;164;182;202;203;206;214;235;240;241;263;270;282;297;310;314;331;332;345;348;355;365;389;402;403;412;413;417;421;425;432;437;447;520;580;670;803;814;851;885
723,14;33;36;45;64;75;76;101;104;109;113;114;129;156;164;182;202;203;206;214;226;235;240;241;263;270;282;297;310;314;331;332;345;348;355;365;366;389;402;403;412;413;417;421;425;432;437;447;520;580;670;803;814;851;885
724,14;63;67;76;101;104;109;113;114;156;164;173;174;180;182;202;203;211;214;226;235;240;241;247;263;270;282;286;297;314;331;332;338;348;355;365;366;369;389;402;403;412;413;416;417;421;425;427;432;437;447;479;490;496;506;512;542;566;580;662;669;803;806;809;814;885
725,10;14;24;34;36;37;38;44;45;46;52;53;83;122;126;141;154;156;164;182;184;200;203;207;214;241;242;252;257;261;263;269;270;283;315;339;369;394;417;421;424;488;512;519;575;681;851;885;915
726,10;14;24;34;36;37;38;44;45;46;52;53;83;122;126;141;154;156;164;182;184;200;203;207;214;241;242;252;257;261;263;269;270;283;315;339;369;394;417;421;424;488;512;519;575;681;851;885;915
727,7;9;14;25;34;37;38;44;46;53;63;67;83;89;126;141;156;164;168;173;179;182;184;200;203;207;213;214;226;238;241;242;252;257;261;263;264;269;270;276;280;283;299;307;315;332;339;370;372;374;394;399;409;411;416;417;421;424;442;488;490;496;512;523;535;555;575;663;675;681;693;707;807;808;815;885;915
728,1;45;47;55;56;57;58;59;61;127;129;133;156;164;182;195;196;203;204;214;227;240;250;253;263;270;304;352;392;453;512;518;574;577;581;583;585;608;791;812;813;851;861;886
729,1;34;45;47;55;56;57;58;59;61;127;129;133;156;164;182;195;196;203;204;214;227;240;250;253;263;270;304;352;392;453;512;518;574;577;581;583;585;608;791;812;813;851;861;886
730,34;47;56;57;58;59;63;94;113;114;115;127;133;156;164;173;182;195;196;203;204;213;214;227;231;240;244;247;250;253;263;270;291;304;308;311;347;352;392;412;416;453;472;496;500;512;577;581;583;585;605;608;664;710;791;802;812;813;861;883;886;914;917
731,14;19;31;36;45;48;64;65;103;143;156;164;168;182;203;214;241;249;253;257;263;270;280;282;283;297;304;314;331;332;355;365;366;369;403;413;441;479;488;497;512;586;814;851
732,14;19;31;36;45;48;64;65;103;129;143;156;164;168;182;203;214;241;249;253;257;263;270;280;282;283;297;304;314;331;332;350;355;365;366;369;403;413;441;479;488;497;512;586;814;851
733,14;19;63;65;103;143;156;164;168;173;182;184;203;211;213;214;227;241;244;253;257;263;270;280;282;283;297;304;314;315;331;332;350;355;365;366;369;402;403;413;416;430;441;479;488;496;512;542;586;675;690;814;915
734,28;33;36;37;38;43;44;91;156;162;164;168;179;182;184;189;201;203;214;240;241;242;263;269;270;281;283;317;341;369;371;387;402;422;423;424;428;523;526;528;706;707;851;885;886
735,7;8;9;28;33;34;36;37;38;43;44;46;63;89;91;156;162;164;168;174;179;182;184;189;201;203;214;240;241;242;263;264;269;270;281;282;283;317;341;369;371;374;402;416;422;423;424;428;442;490;523;526;528;706;707;851;885;886
736,11;36;44;81;85;86;91;106;113;156;164;182;189;203;209;214;226;240;242;263;268;341;398;404;435;450;451;521;522;527;528;564;604;679;806;851;884
737,11;36;44;81;85;86;87;91;106;113;156;164;182;189;203;209;214;226;240;242;263;268;334;341;398;404;435;450;451;486;521;522;527;528;564;598;604;679;806;851;884
738,11;12;19;36;44;63;76;81;85;86;87;91;97;106;113;129;156;164;182;189;192;203;209;214;226;240;242;263;268;334;341;398;403;404;405;412;416;430;435;450;451;486;512;521;522;523;527;528;564;598;604;679;806;851;884;916
739,8;9;21;34;36;43;61;89;91;129;133;152;156;157;164;168;179;182;189;203;214;223;240;241;249;263;264;270;276;280;282;283;317;334;339;341;370;371;374;409;411;428;441;442;469;523;707;710;811;851;886;918
740,8;9;34;58;59;63;89;91;133;152;156;157;164;168;173;179;182;183;184;189;196;203;207;214;223;240;241;263;264;270;276;280;282;283;317;333;334;339;341;370;371;374;409;411;416;419;428;441;442;469;496;523;665;693;707;710;776;811;861;883;886;912;918
741,1;14;19;36;45;64;97;129;156;164;179;182;196;201;203;204;213;214;219;226;240;241;244;260;263;269;270;297;298;314;332;347;355;365;366;369;403;432;483;512;542;686;814;851;885;914
742,71;78;94;113;115;129;141;156;164;168;182;203;204;214;226;230;241;244;263;270;271;285;286;313;343;345;347;366;369;405;412;415;447;450;483;512;522;564;577;583;584;585;597;605;676;806;851;884;885
743,36;63;71;76;78;94;97;113;115;129;141;156;164;168;182;203;204;214;226;230;241;244;263;270;271;285;286;313;343;345;347;366;369;405;412;415;416;447;450;483;500;512;522;564;577;583;584;585;597;605;676;679;806;814;851;884;885;914;917
744,14;28;33;34;36;37;38;43;44;46;88;91;104;156;157;164;182;184;189;201;203;204;214;242;263;269;270;283;304;317;334;336;387;414;422;424;428;442;444;446;523;555;583;706;707;851;885
745,14;34;37;38;44;46;91;97;98;104;156;157;164;173;182;184;189;201;203;204;214;231;241;242;263;269;270;280;283;304;317;334;336;339;350;370;372;387;389;414;416;422;424;428;442;444;446;496;501;523;529;541;555;583;706;707;709;885
747,40;42;44;56;57;58;59;64;92;105;114;156;164;182;188;196;203;214;220;240;254;255;256;263;330;334;341;352;390;398;441;469;474;482;491;611;679;710;851;861;884;886
748,34;42;44;56;57;58;59;63;92;105;113;114;156;164;173;182;184;188;196;203;214;220;240;254;255;256;263;330;334;341;352;371;390;398;416;440;441;469;474;479;482;491;496;506;611;661;679;710;861;884;886
749,23;24;25;34;36;38;46;67;68;70;89;90;156;157;164;174;182;189;201;203;214;241;249;263;276;283;317;328;334;370;414;442;444;446;479;484;490;523;667;707;851
750,25;34;38;46;63;67;68;89;90;156;157;164;173;174;182;184;189;201;203;214;241;263;276;283;317;328;334;341;370;371;411;414;416;442;444;446;479;484;490;496;523;667;707;776;808
751,29;44;55;56;57;58;59;61;127;141;156;164;182;196;202;203;214;240;242;243;254;255;263;283;334;352;392;398;404;405;450;471;487;494;564;611;679;710;806;851;884;885;886
752,34;44;56;57;58;59;63;115;127;141;156;164;173;182;184;196;202;203;213;214;240;242;243;254;255;263;283;291;334;352;392;398;404;405;416;450;469;471;472;478;487;494;496;564;611;679;710;806;884;885;886
753,14;36;74;75;76;141;156;163;164;182;202;203;206;210;214;230;235;241;263;275;311;331;345;348;374;388;402;404;412;432;437;447;450;572;580;670;803;806;851;885
754,14;36;63;74;75;76;141;156;163;164;182;184;202;203;206;210;214;230;235;240;241;263;275;280;282;311;331;345;348;374;398;400;402;404;412;416;437;447;450;490;572;580;669;670;676;803;806;851;885
757,10;28;36;52;53;86;92;97;123;126;129;139;141;156;164;168;182;184;188;189;203;214;230;241;252;257;261;263;269;270;282;283;305;315;337;342;374;390;394;398;406;417;421;424;441;474;482;491;492;510;562;799;806;807;851;885;915
758,34;50;53;63;86;92;97;126;141;156;164;168;173;182;184;188;189;203;207;214;227;230;231;241;251;252;257;259;261;263;269;270;282;283;304;305;313;315;337;349;371;374;390;394;398;406;416;417;421;424;440;441;474;482;488;491;492;496;512;525;562;680;784;799;806;807;810;885;913;915
761,36;75;76;113;115;129;150;156;164;175;182;202;203;204;214;229;230;235;241;263;270;283;298;331;345;367;402;412;428;437;447;577;580;583;589;597;605;803;851;885
762,23;36;75;76;113;115;129;150;156;164;175;182;202;203;204;214;229;230;241;263;270;283;298;331;345;374;402;412;428;437;447;490;572;577;580;583;589;597;605;803;813;851;885
763,25;63;67;76;113;115;136;156;164;173;175;182;202;203;204;207;214;229;230;235;241;263;269;270;282;283;298;331;340;367;369;371;374;402;412;416;428;437;438;447;490;496;512;572;577;580;583;597;605;669;688;803;813;885
764,20;22;35;63;73;74;76;80;113;129;133;156;164;168;182;186;202;203;204;214;220;227;230;235;241;244;263;269;270;271;282;331;345;347;366;369;374;388;402;412;433;447;495;500;512;572;574;577;580;583;605;666;676;803;851;885;914
765,25;34;63;85;87;89;94;113;115;156;157;164;173;182;184;203;214;219;220;227;240;241;244;247;248;263;269;271;280;281;282;283;285;286;304;326;347;356;371;374;387;411;412;416;417;428;433;451;472;473;478;492;495;496;500;511;523;678;689;797;805;885;886;917
766,25;34;37;38;63;67;68;69;89;98;116;156;157;164;168;173;174;179;182;184;203;214;220;226;231;240;241;247;251;253;263;264;269;276;280;282;317;339;360;364;369;370;371;372;374;402;409;410;411;412;416;441;442;447;479;490;496;501;512;523;527;693;811;885;886;918
769,28;71;72;89;94;95;101;106;109;133;156;157;164;174;180;182;184;188;189;194;201;202;203;214;220;240;241;246;247;254;255;256;263;271;285;286;310;317;328;334;341;356;374;412;414;430;444;446;506;523;659;809;815;851;886
770,28;34;63;71;72;89;94;95;101;106;109;133;156;157;164;174;180;182;184;188;189;201;202;203;214;220;240;241;247;263;271;285;286;310;317;328;334;341;356;374;412;414;416;430;444;446;506;523;659;809;815;851;886
774,33;36;38;63;76;89;94;109;111;113;115;120;129;153;156;157;164;182;201;203;205;214;246;263;283;317;322;347;350;356;360;369;397;408;414;416;428;442;444;446;451;504;512;523;605;800;815;851
775,14;21;34;36;37;38;47;63;67;89;111;157;162;164;168;174;175;179;182;203;204;205;214;229;232;240;241;244;254;255;256;263;273;276;280;281;282;283;317;339;347;369;374;389;402;416;421;428;441;442;452;490;512;523;583;707;851;861;885
778,14;63;85;86;87;94;101;103;104;109;113;141;156;164;168;173;174;180;182;194;202;203;204;214;219;220;240;241;244;247;251;261;263;269;271;339;371;374;383;399;400;404;409;416;421;425;433;452;478;496;506;566;577;581;583;605;608;807;884;885
779,14;36;44;50;55;56;57;58;59;63;93;94;97;103;113;115;127;156;162;164;182;184;196;203;214;220;240;242;250;263;269;305;310;339;347;352;401;416;423;433;453;473;474;678;706;710;797;812;834;851;886;917
780,18;19;34;53;56;57;58;59;63;76;85;86;87;89;113;126;133;137;156;157;161;164;173;182;196;200;203;211;213;214;219;240;241;247;253;257;263;270;276;304;321;326;337;347;349;355;374;406;407;411;412;414;416;421;434;447;496;523;542;555;583;707;784;799;808;913
782,14;29;33;34;36;43;46;67;68;89;103;156;157;164;179;182;184;200;201;203;206;214;225;263;264;269;280;317;334;337;339;349;404;406;411;421;434;442;523;525;526;568;784;799;851;913
783,14;29;33;34;36;38;43;46;67;68;89;103;156;157;164;179;182;184;200;201;203;206;214;225;232;241;263;264;269;280;317;332;334;337;339;349;370;374;404;406;409;410;411;421;434;442;523;525;526;568;675;784;799;811;851;913;918
784,7;8;9;14;25;34;38;46;53;63;67;68;89;103;156;157;164;173;179;182;184;187;200;201;203;213;214;231;240;241;253;263;264;269;270;276;280;283;304;317;319;332;334;337;339;349;370;371;374;396;398;404;406;409;410;411;416;421;430;434;442;446;496;523;525;568;586;675;691;693;707;775;776;784;799;811;913;918
789,100;150
790,100;322
791,34;36;38;46;53;63;76;83;85;87;89;94;97;100;113;115;126;129;156;157;164;182;184;200;203;214;232;234;241;242;244;248;263;270;282;283;304;317;319;322;334;347;360;368;370;394;411;416;428;430;433;442;444;469;473;484;488;523;528;535;555;568;706;713;796;797;800;851
792,19;58;59;63;76;85;87;93;94;95;97;100;101;109;113;115;129;138;156;164;180;182;184;196;203;214;236;240;241;244;247;248;257;261;263;270;271;322;332;347;366;403;411;416;421;433;451;469;473;506;512;539;566;585;605;714;797;800;809;814;851
800,14;34;63;76;89;93;94;113;115;129;156;157;163;164;168;182;184;200;201;203;214;232;234;236;241;248;257;263;280;282;286;304;317;332;334;347;349;350;356;360;374;399;400;404;406;408;414;416;421;427;430;433;442;444;446;451;473;500;523;684;706;711;722;797;800;851
801,34;36;58;60;62;63;76;85;86;94;97;109;111;113;115;129;156;164;182;191;192;199;203;205;206;214;220;226;227;241;247;263;270;271;280;285;286;319;334;347;356;360;396;411;412;416;428;430;433;442;447;451;473;484;486;500;508;521;527;574;577;581;583;598;602;605;705;796;802;851;861;883
810,10;14;21;34;36;45;67;70;73;74;75;76;103;129;156;164;168;182;202;203;206;214;241;252;253;263;269;282;283;331;345;359;369;374;388;402;409;412;437;447;452;512;520;580;669;785;803;851;885
811,10;14;21;34;36;38;45;67;70;73;74;75;76;103;129;156;164;168;182;184;202;203;206;214;241;252;253;263;269;282;283;331;345;359;369;374;388;402;409;412;437;447;452;458;512;520;580;669;785;803;851;885
812,10;14;21;34;36;38;45;63;67;70;73;74;75;76;89;103;129;156;164;168;182;184;202;203;206;214;241;252;253;263;264;269;280;282;283;304;331;338;339;341;345;359;369;374;388;402;409;411;412;414;416;437;447;452;458;490;512;520;523;555;568;580;586;667;669;707;776;778;785;803;851;885
813,24;28;29;33;36;38;45;52;53;67;68;83;97;98;126;129;136;156;162;164;179;182;203;214;226;241;257;263;269;270;315;340;369;389;394;424;441;486;488;490;512;519;807;851;885;915
814,14;24;28;29;33;36;38;45;52;53;67;68;83;97;98;126;129;136;156;162;164;179;182;203;214;226;241;257;263;269;270;311;315;339;340;341;369;389;394;424;441;486;488;490;512;519;807;851;885;915
815,7;14;24;28;29;33;36;38;45;52;53;63;67;68;83;97;98;126;129;136;156;162;164;179;182;189;203;214;226;241;247;257;261;263;269;270;307;311;315;339;340;341;364;369;374;389;394;411;416;424;428;441;442;479;486;488;490;512;519;555;756;780;807;811;815;851;885;915
816,1;20;36;45;54;55;56;57;104;113;114;115;127;129;156;164;182;203;214;240;250;263;311;330;341;352;369;389;392;420;453;487;518;565;710;715;851;886
817,1;20;36;45;54;55;56;57;104;113;114;115;127;129;156;164;182;203;214;226;240;250;263;311;330;341;352;369;374;389;392;420;453;487;518;565;710;715;851;886
818,1;14;20;36;45;54;55;56;57;58;59;63;97;104;113;114;115;118;127;129;156;164;182;196;203;214;226;240;244;247;250;263;269;308;311;314;330;333;341;352;369;374;389;392;399;403;410;416;420;453;479;487;503;512;518;565;710;715;745;784;806;812;851;883;886
819,33;34;36;38;39;44;68;91;111;133;156;162;164;168;174;182;187;189;203;205;214;242;254;255;256;263;283;304;331;341;360;374;387;402;562;747;851;885
820,14;33;34;36;38;39;44;63;68;89;91;133;156;162;164;168;174;182;189;203;214;240;241;242;254;255;256;263;282;283;304;331;341;343;360;374;402;416;422;423;424;523;528;562;667;706;707;747;776;851
821,19;28;31;36;43;64;65;97;129;143;156;164;168;179;180;182;184;203;207;214;249;263;269;313;314;332;355;365;366;369;403;413;417;432;468;681;814;851
822,19;31;36;43;64;65;97;129;156;164;168;179;180;182;184;203;207;214;241;263;269;313;314;332;365;366;369;403;413;417;468;542;681;814;851
823,19;34;38;63;65;97;103;113;115;116;143;156;164;168;173;174;179;180;182;184;203;207;211;214;240;241;263;269;297;313;314;319;332;334;339;355;365;366;369;371;372;403;413;416;417;430;432;442;484;496;542;681;776;796;814
833,29;33;34;36;44;55;56;57;68;127;156;164;182;184;203;206;214;240;242;250;263;341;352;380;398;423;504;525;707;710;746;806;851;886
834,14;29;33;34;36;38;44;55;56;57;58;59;63;68;89;91;127;156;157;162;164;182;184;201;203;206;214;240;242;250;263;317;328;330;334;341;350;352;397;398;414;416;423;444;446;457;523;534;667;675;684;707;710;746;776;800;806;851;861;886
837,33;34;36;91;108;115;153;156;157;164;174;182;189;191;201;203;214;229;246;261;263;317;328;334;335;350;360;397;408;442;444;446;479;510;523;535;800;851;915
838,33;34;36;53;83;91;108;115;126;156;157;164;174;182;189;191;201;203;214;229;241;246;257;261;263;315;317;328;334;350;360;394;397;408;442;444;446;479;484;488;503;510;523;535;776;800;815;851;915
839,7;33;34;36;53;63;76;83;89;91;108;115;126;156;157;164;174;182;191;201;203;214;229;241;246;257;261;263;315;317;328;334;350;360;394;397;408;414;416;442;444;446;479;484;488;503;510;523;535;667;749;776;800;815;851;915
840,110;111;205;278;310;389;851;884
841,19;63;73;74;76;116;156;164;173;182;184;200;202;203;214;241;263;278;283;331;332;334;349;369;389;402;403;406;407;412;416;434;437;447;484;491;496;512;580;788;803;814;884;885
842,34;63;73;74;76;89;105;113;115;133;156;164;173;174;182;200;202;203;214;230;240;241;263;270;276;278;331;334;360;389;402;406;412;416;428;434;437;442;447;484;496;523;525;580;667;707;776;787;803;884;885
843,21;28;29;34;35;36;89;91;107;137;156;157;164;182;184;189;201;203;214;263;317;328;341;342;350;387;407;414;444;446;489;523;529;562;693;799;806;815;851
844,34;35;63;89;91;103;107;137;156;157;164;173;182;184;189;200;201;203;214;263;283;317;328;334;341;350;387;407;414;416;422;424;428;442;444;446;489;496;523;529;542;562;667;693;776;799;806;815
845,19;31;36;37;55;56;57;58;59;63;64;65;97;133;156;164;168;179;182;196;203;214;240;250;253;254;255;256;263;283;291;297;311;314;332;352;355;365;366;392;403;413;416;432;512;542;562;675;710;814;851;884;886;895
846,31;36;37;38;44;56;57;64;97;116;127;129;156;163;164;182;203;214;240;242;250;263;280;291;352;367;370;400;423;453;529;675;706;710;799;812;851;886
847,31;36;38;44;56;57;58;59;63;64;97;116;127;129;156;164;182;184;203;214;240;242;250;263;280;291;352;370;398;416;423;453;529;675;706;710;799;812;851;886
848,45;51;156;164;175;182;203;204;214;227;263;283;319;562;609;715;851
849,7;9;36;43;45;51;63;84;85;86;87;92;103;118;129;156;164;168;175;182;184;188;203;204;207;209;214;227;240;241;253;263;268;269;270;280;283;304;319;342;351;374;390;398;409;416;422;435;441;451;474;482;486;491;500;506;508;521;527;528;555;562;568;586;598;604;609;675;715;786;851;885;917
854,60;72;94;101;109;110;118;156;164;174;180;182;202;203;214;226;230;247;261;262;263;271;285;286;310;345;347;389;399;417;433;473;492;500;502;504;506;566;597;809;851
855,63;94;101;109;113;115;120;156;164;173;174;180;182;202;203;214;220;226;230;247;261;262;263;271;285;286;347;371;389;399;416;417;433;472;473;492;496;500;502;504;506;566;597;668;752;809
856,60;86;93;94;113;115;118;129;156;164;182;202;203;204;214;226;244;248;263;270;271;285;286;345;347;361;399;433;473;495;500;505;511;574;577;581;583;589;595;597;605;609;678;791;797;851
857,60;86;93;94;113;115;118;129;156;164;182;202;203;204;214;226;244;248;263;270;271;285;286;345;347;361;399;433;473;500;505;574;577;581;583;589;597;605;678;693;791;797;851
858,14;63;86;94;97;113;115;156;164;173;182;202;203;204;214;219;220;226;244;247;248;263;270;271;285;286;347;356;361;384;385;399;416;421;427;433;438;472;473;478;495;496;500;505;511;577;581;583;595;597;605;609;678;693;750;791;797;802;917
859,36;44;67;86;113;115;118;141;156;164;168;182;184;203;207;214;252;259;260;263;269;271;313;372;374;389;399;409;417;492;575;577;581;583;590;605;675;807;808;851;885;886
860,36;44;67;86;113;115;118;141;156;164;168;182;184;203;207;214;252;259;260;263;269;271;286;313;372;374;389;399;409;417;421;492;577;581;583;590;605;675;793;807;808;851;885;886
861,7;8;9;25;34;44;63;67;113;115;116;141;156;164;168;173;182;184;203;207;214;242;252;253;259;260;263;264;269;271;276;280;286;313;339;359;372;374;384;389;399;409;411;416;417;421;438;472;490;492;496;575;577;581;583;605;675;707;776;789;807;808;885;886
863,6;10;14;34;36;37;38;45;63;85;87;91;103;118;133;154;156;163;164;168;174;180;182;203;204;206;207;214;226;232;240;241;242;247;252;263;269;270;280;282;283;304;313;319;334;360;368;369;370;374;399;402;404;416;417;421;441;442;446;468;484;492;583;675;796;808;851;885;886
866,8;25;34;58;59;63;76;85;86;87;94;95;103;109;113;114;115;156;164;168;173;182;196;203;204;207;213;214;219;226;227;229;240;241;243;247;248;252;253;259;263;269;270;271;272;278;280;285;298;303;313;321;329;333;334;335;347;371;374;383;384;385;389;409;411;412;416;417;419;420;428;433;447;471;472;473;478;492;495;496;500;502;524;573;581;605;678;707;797;813;861;883;886
867,50;63;89;94;101;109;114;120;133;156;157;164;168;173;174;182;184;194;201;202;203;212;213;214;219;240;247;261;262;263;269;271;285;286;313;317;325;328;334;347;350;371;384;385;390;399;406;412;414;416;417;421;428;433;444;446;447;470;471;472;473;496;502;506;523;566;693;776;809
868,33;105;151;156;164;182;186;203;204;213;214;230;263;270;387;494;500;577;581;597;605;608;851
869,63;76;94;105;113;151;156;161;164;173;182;186;202;203;204;213;214;219;220;227;230;244;263;270;283;286;313;347;374;387;409;412;416;472;473;478;494;496;500;577;581;583;595;597;605;608;777;802;914
870,14;34;63;68;97;103;116;156;157;164;173;179;182;203;214;224;240;241;244;251;253;263;270;276;280;282;283;317;334;339;370;371;372;398;402;411;416;428;442;458;496;660;667;675;679;684;748;776;811;885;918
871,31;34;36;55;56;57;61;63;64;84;85;86;87;105;129;156;164;174;179;182;191;203;209;214;220;240;262;263;268;330;367;389;390;398;416;435;451;474;486;503;506;527;528;604;675;710;716;851;886;916
872,156;164;181;182;196;214;243;263;333;405;450;522;584;679;806;851;884
873,36;54;58;59;62;63;78;113;115;129;141;156;164;181;182;196;202;203;213;214;263;270;286;297;311;333;347;366;369;403;405;416;419;432;450;469;483;512;522;542;583;605;611;679;694;806;813;851;861;883;884
874,23;25;34;36;63;67;88;89;156;157;164;174;182;201;203;214;241;244;246;263;283;286;317;328;334;335;350;356;397;408;414;416;444;446;469;479;484;490;523;535;667;707;776;800;851;912
875,8;29;33;34;36;38;54;56;57;58;59;63;97;115;127;133;156;164;179;181;182;187;196;203;214;240;250;263;297;311;333;334;352;392;416;419;428;442;457;487;556;573;694;710;812;851;861;883;886
876,34;36;60;94;118;129;156;164;182;203;214;227;244;247;252;263;270;271;285;286;304;326;345;347;356;361;387;409;412;428;433;471;473;495;500;574;577;583;589;605;678;797;851;917
877,9;37;38;44;85;86;87;97;98;156;162;164;168;173;179;180;182;184;200;203;207;214;226;229;242;252;253;259;260;263;268;269;280;282;283;313;321;331;371;372;374;399;402;417;422;423;424;451;486;492;496;511;521;527;528;555;575;598;604;681;706;707;783;804;808
878,18;21;23;33;34;36;38;45;70;89;90;91;111;156;157;164;174;182;201;203;205;207;214;249;263;276;280;283;317;334;341;350;374;414;428;430;442;444;446;484;523;562;583;667;707;776;796;851
879,23;33;34;36;38;45;63;70;89;91;156;157;164;174;182;200;201;203;205;214;249;263;269;276;280;282;283;317;334;341;350;374;414;416;428;430;442;444;446;479;484;523;535;555;583;667;707;776;796;851;912;916
884,14;34;36;38;43;46;63;76;85;86;87;113;115;116;156;157;163;164;182;184;200;203;214;232;243;249;263;280;317;319;334;337;360;368;399;400;406;416;430;434;442;444;446;468;484;492;525;555;776;784;796;851;913
885,44;50;86;98;104;109;129;156;164;174;182;203;214;226;263;270;310;389;434;525;611;851
886,36;38;44;53;56;57;85;86;87;97;98;101;113;115;126;129;156;164;168;174;182;199;200;203;214;226;241;247;261;263;270;310;349;369;372;387;406;407;434;458;506;512;525;566;611;706;784;851;884;913
887,19;34;38;44;50;53;56;57;63;76;85;86;87;97;98;101;104;109;113;115;126;156;161;164;168;173;174;182;199;200;203;211;214;226;241;247;251;261;263;270;291;337;349;369;372;387;389;406;407;416;434;458;496;506;512;525;566;611;706;751;784;884;913
888,14;34;36;44;63;91;97;98;129;156;163;164;179;182;184;203;206;214;232;242;263;270;280;286;304;334;336;370;398;403;411;416;422;423;424;430;442;501;528;533;555;568;581;583;585;605;669;706;796;851;885
889,34;36;44;46;63;76;91;97;98;113;115;129;156;163;164;179;182;184;201;203;214;232;240;241;242;263;270;280;286;304;334;336;368;370;411;416;422;423;424;430;442;444;469;484;528;555;583;585;605;706;776;796;811;851;885
890,19;34;36;53;63;76;83;92;97;105;109;113;115;126;156;164;182;184;188;200;203;214;240;241;247;263;322;342;349;356;390;398;406;416;430;434;440;441;474;482;525;744;800;851
891,7;8;9;14;29;34;36;38;43;67;68;91;116;156;164;179;182;184;197;203;214;223;232;249;263;264;270;280;332;339;369;370;374;428;442;490;512;851
892,7;8;9;14;29;34;36;38;43;46;67;68;91;116;129;156;157;164;179;182;184;197;203;206;214;223;232;242;249;263;264;269;270;280;317;332;334;339;369;370;374;389;396;398;399;409;411;416;428;442;444;490;492;512;555;675;776;808;811;817;851;885
893,10;14;20;22;34;36;37;38;43;44;46;63;67;74;76;91;129;154;156;157;164;168;182;184;202;203;207;214;227;235;241;242;263;264;269;270;280;282;304;317;331;332;339;341;345;359;369;370;374;399;402;409;412;416;417;437;438;447;490;512;555;572;580;669;675;707;803;808;816;851;885
894,34;36;37;63;84;85;86;87;97;113;115;129;153;156;164;182;192;199;203;214;229;240;245;246;263;268;351;393;416;451;486;512;521;527;528;598;604;819;851;916
895,34;36;37;44;63;89;113;115;116;129;153;156;164;179;182;200;203;214;225;239;242;246;263;337;349;359;406;414;416;422;423;424;434;784;799;820;851;913
896,14;23;24;33;34;36;37;38;39;46;54;58;59;63;156;164;174;182;184;196;200;203;214;242;259;263;269;334;341;370;416;419;428;484;523;555;556;667;675;684;707;776;808;851;883;885
897,23;24;33;34;36;37;38;39;50;63;94;97;101;109;114;129;156;164;174;182;184;203;214;220;242;247;261;263;269;341;347;399;416;417;492;506;523;555;566;577;707;808;809;851
898,1;36;60;63;72;73;74;76;93;94;97;113;115;118;129;156;164;182;184;202;203;214;226;227;241;244;248;263;270;271;285;286;331;341;345;347;356;402;412;416;428;433;437;447;473;500;505;555;577;580;669;676;678;776;791;797;851
899,34;37;38;44;46;50;63;76;85;86;87;89;91;94;95;97;109;113;115;156;164;168;174;180;182;184;203;214;224;240;241;244;247;248;253;263;270;271;272;285;286;326;347;356;412;414;416;428;433;451;473;500;523;528;667;675;679;797;828;885;917
900,14;38;63;68;97;98;104;113;116;156;157;164;168;179;182;184;201;203;214;226;240;241;246;263;270;280;314;317;332;350;364;366;369;370;400;403;404;405;410;416;432;444;446;450;458;479;501;512;522;679;693;806;814;830;884;885
901,7;8;9;10;14;34;36;37;38;43;46;63;67;89;91;118;122;129;154;156;157;163;164;168;173;174;182;184;203;204;214;230;232;240;241;242;253;263;264;269;270;280;304;313;317;332;339;343;359;370;371;374;402;409;410;414;416;419;421;441;444;479;484;523;583;589;667;675;707;776;838;851;885;912;916
902,37;38;44;56;57;58;59;63;97;101;109;127;156;164;175;180;182;184;196;200;203;214;220;240;242;247;250;253;263;283;330;341;352;416;423;428;453;457;487;506;566;706;710;799;812;834;854;883;886
903,7;14;63;67;68;91;92;97;98;103;156;157;164;168;179;180;182;188;203;214;240;241;247;252;263;264;269;280;317;332;339;347;364;369;370;374;390;398;400;404;410;411;415;416;417;421;441;447;458;474;482;490;491;501;512;675;808;811;827;885;918
904,14;38;42;44;56;57;58;59;63;92;97;107;114;120;127;156;164;174;175;179;180;182;184;188;191;194;196;203;214;220;240;242;247;254;255;263;269;341;352;360;367;390;398;399;401;416;441;453;474;482;491;506;565;675;684;710;799;808;839;886
905,19;34;36;63;94;97;156;164;182;184;188;200;203;214;239;240;241;244;253;259;260;263;269;276;286;310;311;326;334;347;361;366;411;414;416;428;442;447;574;577;580;581;583;584;585;595;605;802;831;851;914
906,10;36;39;44;73;76;97;98;129;156;163;164;182;189;202;203;204;214;263;269;270;313;331;345;369;383;388;389;402;412;417;421;437;447;468;502;512;520;572;574;580;583;670;803;851;885
907,9;10;36;39;44;67;76;97;98;129;156;163;164;182;189;202;203;204;214;263;269;270;313;331;332;345;369;374;388;402;412;417;421;437;447;468;490;512;520;572;574;580;583;670;803;851;885
908,9;44;63;67;73;76;97;98;104;156;164;168;182;189;191;202;203;204;214;244;247;263;269;270;271;280;282;285;313;331;332;338;369;374;383;388;389;390;396;399;400;402;408;412;416;417;421;433;437;447;490;492;502;512;572;580;583;675;676;803;808;813;870;885;886
909,33;34;36;43;44;46;52;53;83;91;126;156;164;174;182;189;200;203;214;227;241;242;257;261;263;270;281;303;304;315;394;402;422;424;428;488;496;510;519;555;562;574;707;851;915
910,33;34;36;43;44;46;52;53;83;91;122;126;156;164;174;182;189;200;203;214;241;242;257;261;263;270;281;304;315;394;402;422;424;428;488;496;510;519;555;574;707;851;915
911,34;44;46;47;53;63;76;83;89;91;101;126;156;164;174;182;184;189;200;203;214;227;241;242;247;257;261;263;270;281;286;303;304;307;315;394;402;414;416;421;422;424;428;488;496;506;535;555;562;682;707;809;815;871;914;915
912,1;17;36;45;55;56;57;67;116;129;156;182;197;203;226;227;229;240;244;250;263;270;314;332;355;387;403;413;453;458;512;518;526;574;581;710;851;886;895
913,1;17;36;45;55;56;57;67;116;129;156;182;203;226;227;240;244;250;263;270;297;314;332;352;403;413;453;458;490;512;518;526;574;581;710;812;813;851;886;895
914,14;25;56;57;63;67;68;97;116;156;164;179;182;196;197;203;214;226;227;229;240;244;250;263;269;270;280;282;283;297;308;314;332;339;352;355;369;370;374;387;403;413;416;453;458;490;512;542;581;710;811;812;813;834;861;872;886;895;918
915,29;33;34;36;38;39;91;156;162;164;168;174;182;189;203;214;240;241;253;254;255;256;263;270;281;283;304;331;341;343;402;428;442;497;523;526;574;583;747;851;885;886
916,29;33;34;36;38;39;63;91;156;162;164;168;174;182;189;203;214;240;241;253;263;270;281;283;304;331;341;343;402;412;414;416;428;442;497;523;526;562;574;583;667;707;776;808;851;885;886
917,29;33;34;36;68;81;141;156;164;168;182;191;202;203;206;214;240;241;262;263;282;331;335;364;372;380;389;390;398;404;405;421;447;450;509;522;564;660;675;679;806;851;884;885
918,29;33;34;36;67;68;81;141;156;164;168;179;182;184;191;202;203;206;214;220;240;241;263;269;280;282;317;331;332;335;364;369;372;374;380;390;398;404;405;416;421;447;450;509;522;527;564;675;679;806;851;852;884;885;918
919,24;33;36;43;68;97;103;141;156;164;168;182;203;214;240;241;263;310;364;369;372;389;404;405;450;522;660;806;851;884;885
920,14;24;33;36;38;43;67;97;103;141;156;164;168;179;180;182;184;197;203;214;240;241;263;269;280;282;310;332;340;364;369;372;374;389;399;404;405;416;450;490;522;660;675;679;806;808;851;853;884;885
921,10;21;36;44;45;84;85;86;87;91;97;98;129;156;162;164;168;182;183;186;203;204;209;214;226;227;232;240;241;242;252;263;268;270;273;374;422;435;451;486;494;521;527;528;583;598;604;609;851
922,9;10;21;36;44;45;67;84;85;86;87;91;97;98;129;156;162;164;168;182;203;204;209;214;226;227;232;240;241;242;263;264;268;270;282;292;374;422;435;451;486;490;494;521;527;528;583;598;604;609;811;851;918
923,7;8;9;10;21;36;38;44;45;63;67;84;85;86;87;91;97;98;118;129;156;162;164;168;182;203;204;209;214;226;227;232;240;241;242;263;264;268;270;280;282;292;317;339;370;374;402;411;416;422;435;447;451;486;490;494;521;527;528;583;598;604;609;675;776;811;851;863;892;916;918
924,1;36;38;44;67;86;91;97;129;156;162;164;168;182;189;203;204;214;226;227;240;241;242;251;263;269;270;304;313;321;331;332;341;352;364;369;383;402;415;421;447;458;490;495;497;583;608;851;860
925,38;44;63;67;86;91;97;156;162;164;168;182;189;203;204;214;226;227;240;241;242;251;263;266;269;270;304;313;321;331;332;341;352;364;369;383;402;415;416;421;447;458;490;495;583;608;860;882;885;886
926,33;34;36;38;39;44;45;46;91;97;122;156;164;182;189;203;204;214;226;230;240;241;242;244;263;270;273;281;283;336;341;343;383;387;422;423;424;526;555;581;583;605;608;706;707;851;885;914
927,33;34;36;38;39;44;45;46;63;91;97;122;156;164;182;184;189;203;204;214;226;240;241;242;244;263;270;283;341;343;387;416;422;423;424;526;555;577;581;583;605;608;706;707;776;851;885;914
928,33;71;72;73;74;75;76;129;156;164;175;182;202;203;204;214;230;235;241;262;263;270;311;331;345;402;412;414;437;447;580;668;669;805;851;885
929,33;71;72;73;74;75;76;129;156;164;175;182;202;203;204;214;230;241;263;270;311;331;345;402;412;414;437;447;580;669;805;851;885
930,33;63;71;72;73;74;75;76;80;113;115;118;129;156;164;175;182;202;203;204;214;219;227;230;241;243;244;263;270;304;311;331;345;374;402;412;414;416;437;447;572;580;605;669;676;805;851;885;914
931,19;31;36;38;45;63;64;98;102;156;164;168;179;182;184;203;207;214;241;253;257;259;260;263;269;270;283;297;304;313;314;332;355;366;369;383;403;413;416;492;515;542;575;808;814;851;884
932,29;33;34;36;88;89;90;91;105;106;156;157;164;174;182;201;203;214;240;241;246;263;270;334;341;397;408;414;428;430;442;444;446;479;484;523;707;800;851
933,29;33;34;36;38;63;88;89;91;105;106;156;157;164;174;182;201;203;214;240;241;263;270;334;341;397;408;414;416;428;430;442;444;446;479;484;523;707;776;800;851;864
934,7;8;9;34;38;63;89;90;91;105;153;156;157;164;174;182;201;203;214;223;240;241;246;263;264;270;280;317;334;335;341;350;356;359;374;397;408;414;416;419;428;430;442;444;446;469;479;484;523;707;776;800;864;912
935,36;43;50;52;53;83;101;109;126;164;180;182;194;203;214;241;257;261;263;270;310;315;394;436;488;499;510;851
936,50;53;63;76;83;94;101;109;113;115;126;156;164;180;182;194;203;214;241;244;247;257;261;263;269;270;271;311;315;334;347;374;394;396;399;406;411;412;430;433;436;469;473;488;491;499;500;502;595;678;682;797;800;815;890
937,14;50;53;83;101;109;113;115;126;156;164;174;180;182;194;203;214;241;244;247;257;261;263;269;270;280;315;334;337;339;370;374;394;398;400;404;410;416;421;425;427;436;442;488;499;500;501;502;506;566;669;675;682;809;891
938,33;55;84;85;86;87;109;113;115;129;156;164;175;182;189;192;203;209;214;240;268;304;311;330;341;352;389;435;451;486;487;491;521;527;528;570;598;604;851;886
939,63;85;86;87;92;109;113;115;156;164;175;182;189;192;203;214;240;268;303;304;311;330;341;352;389;416;435;451;486;487;491;521;527;528;570;598;604;886;916
940,19;36;45;64;84;85;86;87;97;98;129;156;164;182;203;209;214;253;254;255;256;263;268;283;297;311;314;332;355;365;366;369;403;413;435;451;486;512;521;527;528;542;598;604;814;851
941,19;36;45;63;64;84;85;86;87;97;98;129;156;164;182;184;203;209;214;253;263;268;283;297;311;314;332;355;365;366;369;403;413;416;435;451;486;512;521;527;528;542;598;604;814;851;916
942,29;33;34;36;38;43;44;46;91;122;156;164;168;179;182;184;194;203;204;207;214;240;241;242;263;269;270;283;313;371;399;422;423;424;468;514;555;583;706;746;808;851;885
943,29;33;34;36;38;43;44;46;63;91;122;156;164;168;174;179;180;182;184;200;203;204;207;214;220;240;241;242;263;269;270;283;304;313;371;399;416;422;423;424;468;528;555;583;706;746;808;851;885;894
944,10;14;36;38;43;44;91;92;118;154;156;162;163;164;168;182;188;189;203;207;214;226;227;240;241;244;260;263;269;270;282;283;305;341;369;374;383;398;415;417;440;441;474;482;491;492;512;575;675;806;851;884;885
945,10;14;36;38;43;67;91;92;118;154;156;162;163;164;168;182;184;188;189;203;214;226;227;240;241;244;260;263;269;270;282;283;305;341;342;369;374;398;404;415;416;417;421;441;474;482;490;491;492;512;675;806;851;867;884;885
946,50;71;72;73;76;101;109;111;156;164;168;174;180;182;184;191;202;203;205;214;220;229;247;251;263;310;331;335;402;412;425;437;438;447;506;566;580;611;668;803;809;851;884;885
947,50;63;71;72;73;76;101;109;111;156;164;168;174;180;182;184;191;202;203;205;214;220;229;247;251;263;310;331;335;402;412;416;425;437;438;447;506;566;580;611;668;803;806;809;851;884;885
948,33;35;48;71;72;73;74;76;77;78;92;103;109;113;115;129;147;156;164;182;184;188;189;191;202;203;214;220;229;240;243;269;282;321;331;341;345;367;390;402;412;414;430;433;437;438;447;474;476;491;492;506;580;605;679;803;851;885
949,33;35;48;63;71;72;74;76;77;78;92;103;109;113;115;129;147;156;164;182;184;188;189;191;202;203;214;220;240;269;282;331;341;345;390;402;412;414;416;430;433;437;438;447;474;491;492;506;513;580;605;679;803;806;851;885
950,12;14;34;36;63;88;91;106;152;156;157;164;168;175;179;182;184;189;201;203;214;232;240;241;246;249;263;270;280;282;283;317;334;341;350;374;404;408;414;416;421;444;446;479;523;667;675;707;800;806;851;885;915
951,29;36;43;44;73;74;75;76;156;162;164;168;182;201;202;203;205;214;241;242;263;270;275;283;331;345;388;402;412;428;437;447;476;580;670;707;803;851;885
952,44;53;63;73;74;76;83;126;156;162;164;168;182;184;201;202;203;207;214;241;242;261;263;270;275;283;315;331;388;394;402;412;416;422;424;428;437;447;458;476;580;707;803;807;808;858;885;915
953,28;33;36;91;105;111;141;156;164;168;182;188;189;203;205;214;262;263;311;317;322;334;341;374;404;405;441;450;522;679;806;851;884
954,28;33;36;60;63;91;93;94;109;111;113;115;141;156;164;168;182;188;189;201;203;205;214;219;240;241;244;247;248;263;271;285;286;311;317;326;334;341;347;356;374;384;385;404;405;408;412;414;416;428;433;441;450;473;486;500;522;605;678;679;683;797;806;809;851;863;884;917
955,36;45;60;64;93;94;95;97;98;109;113;115;129;156;164;168;182;189;201;203;214;226;240;241;253;263;270;271;285;347;355;365;369;402;428;433;473;492;500;502;574;608;678;851;884
956,34;38;63;65;67;94;95;97;98;101;109;113;115;156;164;168;182;189;201;203;214;226;240;241;244;247;253;263;270;271;285;297;304;332;347;355;365;369;387;402;412;413;416;428;430;433;473;492;500;502;506;605;608;678;797;855;884
957,14;21;86;113;115;118;156;157;164;168;182;186;203;214;227;232;249;252;260;263;270;282;283;285;310;313;317;319;343;364;374;430;444;446;492;511;577;583;584;608;665;693;796;806;851;884
958,14;21;86;113;115;118;156;157;164;168;182;186;203;214;227;232;249;252;260;263;270;280;282;283;285;310;313;317;319;343;374;430;444;446;492;577;583;584;608;693;796;806;851;884
959,14;86;103;113;115;156;157;164;168;182;186;203;214;227;252;260;263;270;280;282;283;285;313;317;319;343;364;374;430;444;446;452;479;484;492;511;523;577;583;608;665;693;796;806;884;893;912
960,21;28;29;35;36;55;56;57;58;59;91;97;129;156;164;182;189;201;203;214;240;250;262;263;270;330;341;352;389;414;453;492;515;523;675;707;710;851;886
961,21;28;29;35;36;55;56;57;58;59;63;91;97;129;156;164;182;189;201;203;214;220;240;250;263;270;330;341;352;389;414;416;453;492;523;675;707;710;851;865;886
962,17;18;19;36;43;63;64;88;143;157;164;168;174;182;184;196;201;203;214;240;241;244;257;259;262;263;269;282;283;297;304;314;317;332;350;355;365;366;369;371;389;399;403;408;413;416;417;444;446;468;492;512;529;542;555;575;681;808;814;851
963,34;36;48;54;55;56;57;58;59;68;97;114;116;127;129;156;164;182;196;203;204;214;227;240;244;263;270;291;310;321;340;352;374;401;428;453;458;512;574;577;586;710;851;886
964,8;34;56;57;58;59;63;68;97;114;116;127;156;164;179;182;196;200;203;204;214;227;240;244;250;263;264;269;270;283;291;304;321;339;340;352;370;374;396;401;409;411;416;428;442;447;453;458;512;577;586;675;710;812;834;857;886;912
965,29;34;36;38;92;103;114;120;122;123;124;139;164;168;174;182;184;188;201;203;207;214;240;241;253;259;263;269;319;334;360;372;390;398;428;430;441;442;474;482;491;523;575;796;851;859
966,29;34;36;38;63;92;103;114;122;123;124;139;156;164;168;174;182;184;188;201;203;207;214;240;241;253;263;269;283;315;319;334;360;372;390;393;398;416;428;430;441;442;474;482;484;491;508;523;667;796;808;851;859;912;915
967,33;34;36;38;44;45;63;85;97;98;156;164;168;182;189;200;203;214;229;231;240;241;242;253;263;269;282;283;304;315;332;337;341;369;401;406;407;416;422;424;434;438;442;508;512;525;528;784;799;851;861;880;885;913;915;916
968,34;35;38;63;89;91;156;157;164;174;182;189;191;201;203;214;231;263;270;317;319;328;334;341;350;368;414;416;430;442;446;479;484;489;523;667;707;776;796;880
969,88;92;106;109;113;115;120;151;153;156;157;164;182;188;191;201;203;214;240;241;246;262;263;317;328;334;341;350;390;397;408;441;444;446;474;479;482;491;605;800;851
970,63;76;92;109;113;115;120;151;153;156;157;164;182;188;191;201;203;214;240;241;246;262;263;317;328;334;341;350;390;397;408;412;414;416;430;441;444;446;474;479;482;491;596;605;800;866
971,29;33;36;38;39;44;45;46;50;91;101;109;122;156;164;168;182;184;189;194;201;203;204;214;220;240;241;242;247;253;262;263;270;271;281;283;336;341;422;423;424;425;502;506;523;555;566;583;706;707;809;851
972,38;44;46;50;63;91;101;109;156;164;168;182;184;189;194;201;203;204;207;214;220;240;241;242;247;253;261;262;263;270;271;281;283;336;341;416;422;423;424;425;428;502;506;555;566;583;706;707;776;809;854
973,14;17;19;24;25;36;63;64;67;97;104;116;143;156;164;168;179;182;197;203;214;244;263;269;283;297;314;332;339;352;355;364;366;369;370;371;374;383;403;413;416;469;490;501;512;542;675;679;710;814;851;884;886;918
974,33;34;36;38;45;58;59;63;89;133;156;164;174;175;181;182;187;196;203;204;214;240;263;270;276;281;282;304;333;340;352;419;420;423;484;494;497;523;556;583;667;707;710;776;851;861;883;886
975,8;33;34;36;38;45;58;59;63;89;133;156;164;174;175;181;182;196;203;204;214;240;263;270;282;304;333;340;352;416;419;420;423;484;497;523;583;667;707;710;776;851;861;883;886;912
976,33;34;36;37;38;56;57;58;59;63;94;97;105;116;127;156;163;164;182;196;203;214;220;240;242;283;352;365;400;416;423;427;428;453;500;515;529;678;706;710;797;799;812;851;868;883;886;895
977,33;34;36;37;38;48;55;56;57;63;89;90;127;156;157;164;174;175;182;184;200;203;214;240;242;263;281;291;321;352;401;416;419;423;428;484;487;523;568;707;710;776;834;851;856;886
978,36;55;56;57;63;68;106;150;156;164;182;196;200;203;214;226;229;240;243;250;262;263;269;270;330;349;352;406;416;417;434;487;679;851;886;913
979,7;8;9;34;37;38;63;67;68;69;85;87;89;91;101;103;116;156;157;164;168;174;179;180;182;184;200;203;207;214;223;227;238;240;241;247;251;253;259;263;264;269;270;280;283;315;317;325;339;369;370;372;374;398;400;402;409;410;411;416;421;441;444;446;479;480;490;512;523;566;675;707;808;811;889
980,21;34;36;38;39;40;56;57;63;67;89;91;92;114;127;133;156;157;164;174;182;188;189;191;201;203;214;224;240;263;270;281;317;330;341;342;352;390;398;414;416;428;441;442;444;446;474;482;484;491;523;667;707;710;776;851;885;886
981,34;38;46;63;67;85;86;87;89;94;97;101;109;113;115;133;156;164;168;174;182;203;212;214;226;240;241;242;243;244;247;248;251;253;263;270;271;273;283;285;286;304;347;356;372;384;385;412;416;417;428;433;442;447;451;458;473;492;500;502;523;605;667;678;706;707;797;885;888;917
982,34;36;38;53;58;59;63;76;85;87;89;91;92;97;103;111;126;133;137;156;157;164;168;174;175;180;182;184;189;200;201;203;205;214;220;226;240;241;244;246;247;253;263;270;281;283;304;317;341;342;347;355;360;366;398;403;407;414;416;428;444;446;484;489;500;506;523;525;528;529;542;586;675;679;684;707;776;784;799;806;814;851;861;884;886;887
983,12;14;63;67;86;91;156;164;168;179;180;182;184;201;203;212;214;240;259;263;269;280;317;319;332;334;368;372;374;389;398;399;400;403;404;411;416;421;428;430;442;444;446;447;490;492;501;555;675;796;808;869
984,30;34;36;38;46;63;89;91;111;156;157;164;179;182;184;189;201;203;205;214;224;229;241;263;269;280;282;283;317;339;341;370;414;416;422;423;424;428;430;442;444;446;457;473;479;484;523;583;667;675;684;707;776;838;851;861;915;916
985,1;7;8;9;34;36;38;44;46;47;50;53;58;59;60;63;85;86;87;91;94;113;115;118;126;133;156;164;182;184;195;201;203;214;226;227;240;241;242;244;253;263;270;271;273;286;304;313;317;336;339;347;352;360;374;409;411;416;422;423;424;428;433;446;447;473;500;568;581;583;586;605;678;706;707;797;802;851;883;917
986,34;37;38;63;71;72;74;76;78;109;147;156;164;168;182;184;200;202;203;214;235;241;242;263;269;275;310;331;345;370;371;389;399;402;412;414;416;428;437;447;474;476;499;506;580;676;707;776;808;851;885
987,60;63;85;86;87;101;109;129;156;164;180;182;195;196;203;204;212;214;220;241;247;262;269;270;273;286;304;310;313;345;347;399;408;412;416;433;451;473;500;506;566;574;577;581;585;595;605;809;851
988,16;18;23;34;36;37;38;52;63;67;77;78;89;141;156;164;174;179;182;201;202;203;214;234;240;241;257;261;263;276;280;332;339;369;370;394;405;416;428;450;484;488;490;512;528;535;542;660;667;679;707;776;806;814;851;885;915
989,34;36;48;63;84;85;86;87;89;103;113;115;129;156;161;164;182;191;192;201;203;209;214;241;243;263;268;319;328;334;341;356;408;414;416;430;435;446;451;484;486;521;523;527;528;598;602;604;667;707;776;815;851;916
990,30;34;36;38;63;87;89;111;156;157;164;182;184;189;201;205;224;229;263;282;283;317;319;334;341;360;414;416;422;423;428;430;442;444;446;484;486;521;523;528;604;667;684;707;776;796;798;851;861;912;916
991,8;34;36;56;58;59;63;65;97;129;156;164;168;181;182;196;203;214;217;227;240;250;263;269;270;314;352;369;374;416;419;512;573;583;604;694;812;851;861;883;886
992,7;8;9;14;18;21;28;33;34;36;38;63;67;69;85;87;89;116;118;156;157;164;179;182;184;187;197;203;214;252;263;264;268;280;292;317;334;370;374;395;409;411;416;442;484;490;521;523;528;583;604;707;776;851;912;916
993,19;34;36;38;46;53;56;63;116;126;156;161;164;182;184;200;203;214;225;240;241;242;257;263;269;282;304;314;317;319;366;369;372;399;403;406;411;414;416;424;428;430;442;451;512;525;526;542;555;604;675;800;808;814;851;913
994,16;18;36;52;53;63;76;83;92;94;97;103;109;113;126;129;156;164;182;203;214;234;241;257;263;270;315;319;369;390;394;403;405;412;416;430;435;451;474;482;488;491;512;522;542;552;604;605;679;800;851;884
995,7;8;9;14;34;36;38;42;44;53;58;59;63;67;85;86;87;88;89;91;103;126;156;157;164;174;182;184;191;201;203;232;240;241;242;263;268;269;280;317;328;334;337;349;350;374;408;411;414;416;422;423;424;442;444;446;451;479;484;486;521;523;525;527;528;555;598;604;667;707;776;784;800;851;916
996,14;33;34;36;43;44;58;59;91;116;156;164;182;196;200;203;214;225;240;242;263;270;333;337;401;406;407;419;423;434;525;556;573;851;883
997,14;33;34;36;43;44;58;59;91;116;156;164;182;184;196;200;203;214;225;240;242;263;270;280;332;333;337;406;419;423;434;442;525;556;851;883
998,14;33;34;36;38;43;44;58;59;63;89;91;116;156;164;182;184;196;200;203;206;214;225;240;242;263;270;280;332;333;337;349;406;416;419;420;422;423;428;434;442;523;525;556;667;707;776;784;799;851;862;883;913
999,33;36;101;109;113;115;156;164;168;182;203;214;247;310;408;417;506;851
1000,9;57;63;67;85;87;94;101;105;109;113;115;156;164;168;182;201;203;214;247;262;264;271;319;325;374;408;411;416;417;430;442;451;473;484;486;490;506;605;796;809;874
1001,34;36;63;71;72;73;74;76;77;78;113;115;156;164;180;182;184;189;202;203;212;214;240;241;263;269;275;282;321;331;341;345;371;399;402;412;416;428;437;438;447;492;506;555;580;669;676;776;808;851;877;885
1002,14;36;54;59;63;105;114;156;164;180;181;182;184;196;203;206;212;214;240;242;263;269;280;329;332;371;389;399;400;416;419;420;423;506;512;533;555;556;675;706;808;851;861;877;883
1003,18;23;34;36;37;38;63;89;90;91;156;157;164;180;182;184;189;191;201;203;212;214;241;262;263;269;317;328;341;371;399;414;416;428;444;446;484;506;523;555;675;707;776;808;851;877
1004,36;52;53;63;83;94;109;113;115;126;156;164;172;180;182;184;203;207;212;214;241;242;257;261;262;263;269;315;340;371;394;399;416;417;428;436;488;506;510;517;555;807;808;851;877;915
1005,19;29;34;36;38;43;44;46;53;56;63;83;89;91;116;126;156;157;164;182;184;200;203;214;225;232;241;242;257;263;269;280;282;304;332;337;349;355;366;369;399;400;403;404;406;407;416;421;422;424;428;434;442;444;510;512;525;542;555;675;707;746;776;784;799;808;851;913
1006,7;8;9;14;50;60;63;67;85;86;94;95;97;104;109;113;115;118;129;156;164;179;182;194;196;203;206;210;214;227;244;247;248;269;270;271;280;282;285;286;304;332;345;347;348;364;370;374;396;398;400;404;409;410;411;412;416;421;425;427;428;433;447;451;469;473;500;501;506;581;585;604;605;675;678;710;789;797;811;851
1007,14;34;36;38;46;53;63;67;68;76;83;91;97;103;126;156;164;179;182;184;189;200;203;214;241;242;246;249;253;257;263;264;269;270;280;315;337;339;341;369;370;394;406;409;411;416;421;422;423;424;428;434;442;484;488;490;512;523;525;528;535;555;707;776;784;799;800;814;851;878;913;915
1008,14;34;36;63;76;84;85;86;87;97;109;113;115;156;164;182;184;200;203;214;225;242;243;263;268;269;270;315;319;337;347;351;369;406;408;416;428;430;434;435;451;484;486;512;521;525;528;555;570;598;604;605;851;879;913;916
1009,34;36;38;43;44;46;53;56;57;63;67;97;127;129;156;164;182;184;200;203;214;225;239;240;241;242;250;263;282;311;337;341;349;352;406;407;416;424;434;453;468;503;542;555;568;710;784;812;851;876;886;913
1010,14;36;38;43;63;76;97;98;129;156;164;179;182;184;202;203;206;214;224;263;269;270;280;286;319;332;334;345;347;348;356;370;400;403;404;411;412;416;437;447;501;502;511;514;526;528;533;580;604;669;675;678;684;811;851;875;885
1011,34;36;63;74;76;105;110;111;115;156;164;182;200;202;203;205;214;225;230;241;263;278;310;331;360;389;402;406;412;416;434;437;447;450;458;525;580;611;676;803;851;884;903;913
1012,71;72;76;78;101;110;115;156;164;174;180;182;202;203;214;220;244;247;253;262;286;310;334;345;347;412;417;433;437;476;492;503;506;566;580;791;809;851
1013,63;76;78;101;115;156;164;174;180;182;202;203;214;220;244;247;253;262;286;334;347;412;417;433;437;476;492;503;506;566;580;668;791;809;902
1014,7;8;9;34;36;38;44;46;63;67;68;91;92;156;164;168;174;179;180;182;184;188;200;203;214;232;242;253;263;264;269;276;280;282;305;317;336;339;342;370;374;395;398;409;411;416;421;422;423;424;441;442;482;490;555;667;675;693;706;707;776;808;851;912;918
1015,10;60;63;92;93;94;101;109;113;118;129;156;164;168;180;182;188;189;203;214;226;244;247;248;252;253;260;263;269;270;271;286;347;369;374;398;411;416;417;421;441;447;473;474;482;491;499;500;506;575;678;808;809;851;885;917
1016,14;17;19;24;36;63;64;92;97;98;113;129;139;156;164;168;180;182;188;196;203;204;207;213;214;244;247;251;253;257;260;263;269;314;332;342;347;355;366;369;398;399;403;413;416;417;421;440;441;474;491;506;512;541;542;574;583;585;605;808;814;851;914
1017,14;21;22;24;36;67;68;73;74;76;98;116;156;164;179;182;184;191;201;202;203;204;206;214;227;235;240;241;263;266;269;270;276;280;282;317;331;345;369;374;402;412;416;428;437;438;447;452;490;514;532;580;583;596;669;675;707;803;808;851;885;904
1018,14;34;38;46;63;76;85;86;87;89;113;115;116;156;157;164;182;184;200;203;214;243;263;280;317;319;334;337;360;368;396;399;400;406;416;430;434;442;444;446;479;484;492;525;555;784;796;800;905;912;913
1019,34;38;56;63;74;76;89;105;115;156;164;174;182;200;202;203;214;230;240;241;253;263;278;281;331;360;389;402;406;412;414;416;417;434;437;438;447;450;458;484;525;580;611;676;776;784;803;884;903;907;913
1020,23;24;34;36;38;43;44;46;53;63;83;89;126;156;164;179;182;184;200;203;214;234;241;242;246;257;263;306;311;315;336;337;349;394;406;407;416;422;424;434;436;442;444;488;510;523;525;535;555;568;684;706;707;784;799;815;833;851;908;913;915
1021,23;34;36;38;46;63;76;85;86;87;89;156;164;182;184;192;200;203;214;225;239;241;242;246;263;268;269;304;311;347;351;406;416;422;434;435;451;484;486;521;525;527;528;555;598;604;692;707;776;784;804;851;909;913;916
1022,14;30;34;36;38;43;63;68;88;89;94;97;98;156;163;164;182;184;201;203;214;224;263;269;280;317;332;334;350;370;398;403;404;416;427;428;442;444;473;501;523;528;533;604;669;675;800;851;910
1023,14;34;36;38;43;63;93;94;97;156;163;164;182;184;203;214;232;248;263;280;319;334;347;356;368;403;404;411;416;427;428;430;442;473;484;500;501;521;523;533;604;669;684;796;797;851;911;916;917
1024,29;34;36;38;46;53;57;58;63;76;85;87;89;92;110;156;157;161;164;182;203;214;229;240;241;242;246;263;311;347;352;356;360;394;396;397;399;405;406;408;412;414;416;428;430;442;444;446;484;500;528;535;605;776;800;815;861;906;916
1025,92;101;105;110;111;123;139;156;164;174;180;182;188;194;203;205;212;214;247;262;286;310;313;417;441;474;482;491;492;506;566;575;809;851;919
10001,7;8;9;35;36;43;58;60;63;67;76;85;86;87;94;97;100;101;113;115;129;156;157;164;182;184;192;196;203;214;220;240;241;244;247;248;263;269;271;276;280;282;285;286;317;322;332;347;352;354;356;374;398;399;409;411;412;416;417;428;430;433;446;447;451;473;490;500;675;678;707;797;800;851;917
10002,7;8;9;35;36;43;58;60;63;67;68;76;85;86;87;94;97;100;101;105;113;115;129;133;156;157;164;182;184;191;196;203;214;220;240;241;243;244;247;248;263;269;271;280;282;285;286;317;332;334;347;352;354;356;374;398;399;409;411;412;416;428;430;433;446;447;451;473;490;500;675;678;707;797;800;851;917
10003,7;8;9;35;36;43;58;60;63;67;76;85;86;87;94;97;101;104;105;113;115;129;133;156;157;164;182;184;196;203;214;220;240;241;244;245;247;248;263;269;271;280;282;285;286;317;332;347;352;354;356;374;398;399;409;411;412;416;417;428;430;433;446;447;451;473;490;500;675;678;707;797;800;851;917
10006,14;36;38;63;73;74;76;94;98;129;156;164;182;186;202;203;214;226;230;241;244;263;283;314;331;345;366;388;402;403;412;414;416;428;437;447;465;572;574;580;583;605;803;851;885
10007,19;34;36;46;63;85;86;87;89;94;109;129;156;163;164;174;180;182;184;194;196;200;203;214;220;225;240;241;246;247;261;263;304;337;347;356;396;399;406;412;414;416;421;425;432;434;442;444;467;506;523;525;566;784;806;809;814;851
10008,85;86;87;101;104;109;113;115;156;164;168;173;180;182;203;214;220;240;241;247;253;261;263;268;270;271;304;315;399;417;435;451;486;492;496;500;506;521;527;598;604;804;809
10009,56;85;86;87;101;104;109;113;115;156;164;168;173;180;182;203;214;220;240;241;247;253;261;263;268;270;271;304;399;417;435;451;486;492;496;500;506;521;527;598;604;804;809
10010,59;85;86;87;101;104;109;113;115;156;164;168;173;180;182;203;214;220;240;241;247;253;261;263;268;270;271;304;399;417;435;451;486;492;496;500;506;521;527;598;604;804;809
10011,85;86;87;101;104;109;113;115;156;164;168;173;180;182;203;214;220;240;241;247;253;261;263;268;270;271;304;399;403;417;435;451;486;492;496;500;506;521;527;598;604;804;809
10012,85;86;87;101;104;109;113;115;156;164;168;173;180;182;203;214;220;240;241;247;253;261;263;268;270;271;304;399;417;435;437;451;486;492;496;500;506;521;527;598;604;804;809
10013,34;53;56;58;59;76;85;86;87;126;133;156;164;168;173;182;196;201;203;213;214;240;241;247;248;263;311;322;385;412;419;496;503;506;542;883;886
10014,34;53;56;58;59;76;85;86;87;126;133;156;164;168;173;182;196;201;203;213;214;240;241;247;248;263;311;322;385;412;419;496;503;506;542;883;886
10015,34;53;56;58;59;76;85;86;87;126;133;156;164;168;173;182;196;201;203;213;214;240;241;247;248;263;311;322;385;412;419;496;503;506;542;883;886
10016,29;33;36;37;38;39;44;55;56;57;58;59;61;63;97;127;129;156;164;175;179;182;184;196;203;214;240;242;250;263;269;283;330;341;352;416;423;428;453;457;487;515;706;710;799;812;834;851;883;886
10018,7;8;9;14;47;60;63;67;85;86;87;93;94;98;113;118;129;156;164;179;182;195;203;204;214;226;240;241;244;247;263;264;270;271;272;280;282;285;298;304;313;347;356;369;370;374;409;411;412;416;421;428;433;444;447;473;490;496;497;512;547;574;583;605;811;813;851;914
10019,16;19;34;36;37;43;44;63;94;97;118;156;164;168;179;182;184;188;196;201;203;207;214;240;241;242;253;257;263;269;280;282;310;311;314;326;339;359;366;369;374;399;403;411;416;417;447;479;482;492;512;542;808;846;851;883;886
10020,9;19;34;36;37;43;44;63;84;85;86;87;94;97;156;164;168;182;184;188;203;207;214;240;241;242;253;263;268;269;280;282;310;311;339;351;359;369;374;399;411;416;417;428;430;435;447;451;479;482;486;492;512;521;527;528;555;598;604;684;808;847;851;916
10021,14;19;34;36;43;63;89;90;91;94;156;157;164;182;184;188;189;200;201;203;214;240;241;242;263;269;280;286;311;317;326;328;335;339;341;347;356;359;369;374;411;414;416;417;444;446;447;479;482;523;707;815;848;851
10022,19;34;36;46;58;59;63;94;113;115;129;156;157;163;164;182;184;196;200;203;214;225;240;241;246;247;263;270;283;286;304;311;317;329;332;333;337;349;374;406;411;414;416;419;421;423;428;430;434;442;444;525;553;559;568;573;776;784;799;814;851;883;913
10023,19;34;36;46;58;59;63;94;113;115;129;156;157;163;164;182;184;196;200;203;214;225;240;241;246;247;263;270;283;286;304;311;317;329;332;333;337;349;374;406;411;414;416;419;421;423;428;430;434;442;444;525;554;558;568;573;776;784;799;814;851;883;913
10024,14;24;36;38;43;46;56;57;61;63;67;115;129;156;164;179;182;196;203;206;214;220;226;240;241;244;263;269;270;280;330;332;347;352;370;396;398;401;403;404;410;411;416;444;453;501;514;526;533;548;684;710;811;812;851;885;886;918
10025,63;85;86;91;94;113;115;156;164;173;182;203;204;214;219;226;231;240;241;244;247;248;252;263;270;271;272;281;285;313;321;326;343;347;356;371;389;399;412;416;417;428;433;451;472;473;478;496;500;541;583;678;797;885;914;917
10026,14;63;103;115;156;157;164;173;179;182;194;203;213;214;240;241;247;263;280;319;332;334;335;360;370;379;400;403;416;421;425;427;428;430;442;457;458;469;496;533;588;669;693;796;809
10030,50;53;63;73;76;94;95;109;113;120;126;153;156;157;164;168;173;174;182;184;188;194;202;203;213;214;219;220;241;247;261;263;271;285;286;331;360;388;399;402;411;412;416;417;425;433;438;447;492;496;502;506;566;567;585;595;693;803;806;809
10031,50;53;63;73;76;94;95;109;113;120;126;153;156;157;164;168;173;174;182;184;188;194;202;203;213;214;219;220;241;247;261;263;271;285;286;331;360;388;399;402;411;412;416;417;425;433;438;447;492;496;502;506;566;567;585;595;693;803;806;809
10032,50;53;63;73;76;94;95;109;113;120;126;153;156;157;164;168;173;174;182;184;188;194;202;203;213;214;219;220;241;247;261;263;271;285;286;331;360;388;399;402;411;412;416;417;425;433;438;447;492;496;502;506;566;567;585;595;693;803;806;809
10033,14;34;38;46;63;73;74;76;77;79;80;89;92;113;133;156;164;173;174;182;184;188;200;202;203;204;214;230;235;241;263;270;275;282;311;331;338;388;398;402;412;414;416;437;438;447;474;482;491;496;523;572;580;707;803;805;885
10034,7;9;14;19;25;34;38;44;46;53;63;68;76;83;89;91;126;156;157;164;173;182;184;187;200;201;203;211;214;231;241;242;246;251;257;261;263;264;270;280;307;311;314;315;317;332;337;349;355;374;394;403;406;407;411;416;421;424;488;496;512;517;523;525;535;542;693;784;799;815;913;915
10035,7;9;14;19;25;34;38;44;46;53;63;68;76;83;89;91;126;156;157;164;173;182;184;187;200;201;203;211;214;231;241;242;246;251;257;261;263;264;270;280;307;311;314;315;317;332;337;349;355;374;394;403;406;407;411;416;421;424;488;496;512;517;523;525;535;542;693;784;799;815;913;915
10036,8;25;34;38;44;46;56;57;58;59;63;89;91;114;127;156;157;164;173;175;182;184;196;200;203;214;229;231;240;242;243;250;252;263;264;270;280;281;291;308;311;317;323;330;334;341;352;360;374;392;396;399;401;406;411;416;419;428;430;442;453;479;496;504;523;710;776;791;805;812;834;861;886
10037,7;8;9;25;34;50;63;86;94;104;105;113;115;156;161;164;168;173;182;203;213;214;219;227;231;240;241;247;248;263;269;271;272;285;286;347;374;384;385;409;411;412;416;417;427;428;433;447;470;472;473;478;492;496;500;502;605;678;683;797
10038,7;8;9;34;50;63;85;86;87;92;94;95;101;109;114;120;156;164;168;173;174;180;182;184;188;194;195;196;202;203;212;214;220;240;241;244;247;261;263;264;269;271;280;282;285;286;325;371;374;389;390;398;399;409;411;412;416;417;421;433;441;472;474;482;491;492;496;499;506;513;566;605;806;809;810;917
10039,7;8;9;25;34;38;44;50;53;56;57;58;59;63;67;68;76;85;87;89;91;116;126;156;157;164;168;173;179;182;196;200;201;203;213;214;219;223;231;240;241;242;247;250;251;252;253;263;270;280;283;317;359;372;374;387;389;409;411;416;419;421;458;496;509;523;805
10040,12;14;20;34;37;63;69;89;91;98;116;156;157;164;168;173;175;179;182;197;203;213;214;240;241;263;270;276;280;317;332;334;339;364;370;374;404;411;416;444;446;450;458;480;496;509;523;667;675;679;693;884;912
10041,34;37;38;44;46;53;56;57;58;59;63;85;86;87;89;126;127;156;164;173;175;180;182;184;196;200;201;203;207;214;231;240;241;242;250;253;263;269;270;283;291;330;340;349;352;371;399;401;406;407;416;419;423;438;442;444;496;503;523;525;542;693;799;808;886;913;915
10042,18;19;44;46;53;63;89;97;126;143;156;157;164;168;173;174;182;184;201;203;207;211;213;214;231;240;241;242;246;257;263;269;317;332;337;349;350;355;366;371;372;406;414;416;422;423;424;442;444;446;469;496;523;542;693;706;800;814
10045,7;8;9;25;34;38;46;63;67;85;86;87;91;97;103;109;113;115;156;164;173;178;182;192;200;203;214;219;231;240;241;260;263;264;268;270;280;283;374;406;408;411;416;435;451;486;495;496;521;523;525;527;528;538;570;598;602;604;605;693;707;784;800;804;885;913;916
10046,14;38;63;68;97;98;104;113;116;156;164;168;173;174;179;182;184;201;203;211;214;226;240;241;263;270;276;280;282;314;332;334;355;364;366;369;370;372;374;400;403;404;405;410;416;418;427;430;432;442;450;458;496;501;512;522;679;693;796;806;814;884;885;912
10047,14;34;37;38;42;63;67;68;69;89;91;156;157;164;168;173;174;175;179;182;191;197;203;214;224;240;241;263;264;270;280;282;283;317;331;332;334;339;350;364;370;372;374;400;405;410;411;416;421;444;450;479;496;509;522;523;667;675;679;684;693;806;811;884;885;918
10048,34;38;44;46;53;63;68;76;83;92;126;156;162;164;168;173;179;180;182;184;188;189;194;203;207;214;220;231;240;241;242;247;251;253;257;259;261;263;269;270;283;304;315;336;341;364;371;389;394;399;416;417;422;424;488;492;496;517;555;675;706;807;808;815;885;894;915
10049,7;8;9;25;34;37;38;44;46;53;56;57;58;59;63;67;85;86;87;89;91;103;116;126;156;157;164;173;174;180;182;184;189;196;200;201;203;207;214;231;240;241;242;246;253;263;264;269;270;276;280;282;317;328;330;332;334;337;341;349;350;371;372;374;399;406;408;411;414;416;419;421;422;423;424;442;444;446;479;484;492;496;523;525;555;667;693;707;776;784;808;912
10050,7;9;14;25;34;38;46;53;63;67;68;76;83;89;91;97;98;116;126;136;156;157;164;168;173;174;179;182;189;197;203;214;226;241;253;257;261;263;264;270;276;280;282;297;299;306;307;315;317;332;339;340;364;369;370;372;374;387;394;396;398;400;410;411;413;416;421;444;488;490;496;512;523;535;811;815;915;918
10051,7;8;9;34;50;63;85;86;94;95;101;104;109;113;115;156;164;168;173;182;194;196;203;204;207;212;214;219;220;227;240;241;244;247;248;261;262;263;269;270;271;273;282;285;286;304;347;356;361;374;384;385;396;410;411;412;416;425;428;433;447;451;472;473;478;496;500;505;577;581;585;595;605;678;791;797;802;813;914;917
10052,8;9;14;25;34;38;44;53;58;63;69;76;126;156;157;164;173;182;188;196;201;203;207;213;214;223;226;230;240;241;242;246;247;254;255;256;263;269;270;280;282;305;313;317;321;334;371;372;374;385;389;399;411;416;422;423;424;430;442;444;446;447;492;496;583;693;706;796
10053,7;8;9;25;34;38;46;53;56;57;58;59;63;67;76;85;86;87;89;91;103;126;156;157;164;173;174;179;182;184;189;196;200;201;203;207;213;214;231;240;241;242;246;250;253;263;269;276;280;283;317;319;328;334;337;350;368;371;374;399;406;407;411;414;416;419;421;430;442;444;446;457;484;496;523;667;684;693;707;776;796;798;800
10054,7;8;9;25;34;63;67;68;94;97;101;105;113;115;136;156;157;164;168;173;179;182;197;203;214;220;223;226;240;241;244;247;252;263;264;269;270;271;280;285;286;299;317;332;339;347;356;364;367;370;374;379;384;385;396;398;409;410;411;412;416;418;427;428;433;447;473;490;496;500;501;678;797;811;853;885;918
10055,34;44;46;53;63;85;86;87;97;98;113;156;164;168;173;174;182;184;203;213;214;231;240;242;253;263;268;304;315;336;415;416;422;423;424;435;451;486;496;521;528;555;598;604;706;804;884;885;916
10056,14;50;63;85;86;87;94;101;103;109;156;164;168;173;174;180;182;184;194;196;203;207;214;220;227;240;241;244;247;259;261;263;269;270;271;272;282;285;286;325;347;371;374;389;399;416;417;421;425;428;433;441;451;478;492;496;506;566;605;675;806;807;808;809;884;885
10057,14;34;38;44;53;58;59;63;85;86;87;98;104;109;116;126;156;157;164;168;173;174;182;195;196;197;201;203;212;213;214;224;226;231;240;241;247;248;261;263;269;276;282;317;332;340;347;364;370;371;372;389;399;400;403;404;416;421;425;427;428;444;492;496;506;555;566;583;675;693;885
10058,14;34;37;38;44;53;57;63;89;91;126;156;157;164;173;182;184;191;200;201;203;214;231;240;241;242;263;270;280;317;328;332;337;341;374;398;406;407;408;414;416;421;422;424;434;442;444;446;496;523;525;693;707;710;784;799;815;913
10059,8;9;14;25;34;44;46;63;67;68;89;91;94;97;98;103;116;136;156;157;164;173;179;182;184;197;198;203;214;231;238;240;241;242;244;245;247;263;264;270;280;299;309;317;319;332;334;336;339;347;352;364;370;371;374;383;396;398;399;406;409;410;411;416;417;418;421;428;430;444;490;496;501;505;509;515;523;791;796;805;811;885;918
10060,8;14;25;34;38;58;59;63;67;73;74;76;89;156;157;164;173;174;182;184;189;196;200;202;203;207;214;231;240;247;263;264;270;275;280;311;317;329;331;333;352;374;402;411;412;414;416;419;420;437;447;452;496;523;524;665;694;707;776;803;861;883;885;886;912
10061,63;76;80;94;113;156;164;182;202;203;204;214;219;226;235;240;241;263;270;271;273;283;285;347;383;402;412;447;500;572;577;580;581;585;605;617;676;715;885;886;914
10064,8;25;34;38;44;46;56;57;58;59;63;67;68;89;91;103;127;133;156;157;164;173;174;182;184;188;189;196;200;203;214;231;240;243;246;250;253;263;264;270;276;280;281;282;283;291;308;311;317;328;330;339;341;352;359;374;392;398;411;414;416;419;444;446;469;479;482;496;523;667;707;710;776;812;834;886;912
10065,9;14;25;34;38;46;63;67;73;76;89;91;97;98;103;104;156;157;164;168;173;182;197;200;202;203;214;231;235;241;242;263;264;270;280;283;317;331;332;337;338;348;349;372;374;388;400;402;404;406;407;409;410;411;412;414;416;437;440;447;490;496;501;512;523;525;580;669;675;693;784;799;803;880;885;913;918
10066,7;8;9;25;34;50;63;67;86;91;94;101;105;109;113;115;156;164;168;173;180;182;189;196;197;202;203;207;212;214;219;220;227;240;241;244;247;252;259;260;261;263;264;269;270;271;280;282;285;286;317;325;332;339;341;347;356;360;364;368;371;374;389;398;399;400;404;408;409;412;416;417;421;425;428;472;490;492;496;506;511;555;566;605;675;806;808;809
10067,19;34;38;46;47;53;58;63;76;83;89;97;114;126;143;156;164;168;173;182;195;200;203;211;214;219;240;241;253;257;261;263;270;283;297;304;311;332;337;349;355;365;366;384;406;407;413;416;432;434;472;496;512;523;538;542;583;585;605;784;814;883;885;913;914
10068,7;8;9;14;25;34;50;63;67;85;86;89;94;95;97;101;104;109;113;115;156;157;164;168;173;179;182;194;196;203;204;212;214;219;220;227;240;241;244;247;248;261;262;263;264;269;270;271;280;282;285;286;304;317;332;339;347;348;364;370;374;396;398;400;403;404;409;410;411;412;416;421;425;427;428;433;444;447;451;469;472;473;478;490;496;500;501;505;506;523;533;577;581;595;605;669;675;678;791;797;811;813;895;914;918
10069,7;8;9;25;34;38;53;57;58;59;63;67;76;85;86;87;91;94;113;115;126;133;156;164;173;182;186;196;203;213;214;219;227;231;240;241;247;253;263;270;273;281;285;304;347;361;374;387;409;416;428;433;447;473;493;494;495;496;502;505;528;577;581;605;608;675;707;791;886
10070,37;38;44;56;57;58;59;63;89;97;103;116;127;156;164;168;173;182;184;194;196;203;207;213;214;240;242;246;250;253;263;269;291;305;317;340;352;370;371;372;398;399;400;416;419;423;428;453;496;503;523;555;706;710;799;812;886
10071,8;34;50;53;56;57;58;59;63;86;89;91;94;113;126;127;133;156;161;164;173;174;182;187;196;203;214;219;231;240;241;244;247;248;250;263;264;270;271;280;281;285;286;291;303;311;330;334;335;341;347;352;374;409;411;416;417;419;428;433;447;472;473;492;496;500;503;505;523;534;562;678;710;776;797;883;886;917
10072,20;34;38;63;89;90;91;103;120;156;157;164;173;174;175;182;184;201;203;213;214;231;241;242;246;263;269;317;328;334;335;349;350;360;371;393;397;399;406;414;416;422;423;424;430;442;444;446;457;469;479;484;496;523;525;529;667;693;706;707;776;784;796;798;800;815
10073,18;19;63;97;98;143;156;164;168;173;182;203;211;213;214;240;241;253;257;263;297;332;355;366;369;403;413;416;496;542;814
10074,34;44;50;58;59;63;89;104;113;120;153;156;164;173;180;182;184;191;196;203;214;240;242;247;263;269;270;311;313;329;333;335;352;360;371;399;415;416;419;420;423;442;492;496;506;523;524;556;573;798;861;883;885;886
10076,8;9;34;38;63;89;94;97;113;115;120;153;156;157;164;173;182;184;188;189;196;201;203;207;214;240;241;244;247;248;263;264;271;280;309;317;322;325;332;334;356;359;360;393;416;418;421;427;428;430;442;444;446;447;473;496;523;693;706;707;776;796;797;798;800;885;912;917
10086,7;8;9;36;60;63;85;86;93;94;113;115;129;156;164;168;182;184;194;201;203;214;240;241;244;247;248;263;264;269;271;280;282;285;310;317;347;356;374;399;409;411;412;416;417;428;433;441;447;470;471;472;473;492;502;566;621;675;678;797;806;808;851;917
10087,34;38;46;53;63;74;76;83;89;90;91;116;120;126;133;156;157;164;173;174;182;184;189;201;203;204;214;240;241;246;254;255;256;257;261;263;270;281;283;284;315;317;336;341;394;414;416;428;430;436;442;444;446;479;484;488;496;523;535;667;707;776;807;808;815;885;915
10088,7;8;9;14;25;58;59;63;67;76;85;86;87;91;97;98;136;156;164;173;175;179;182;183;186;203;204;213;214;223;226;227;231;240;241;243;247;252;253;260;263;264;270;298;304;313;322;340;361;369;370;371;372;374;383;396;409;411;415;416;447;458;490;494;495;496;509;512;538;577;583;608;693;813;884;885
10090,14;38;42;63;76;81;92;97;103;116;156;164;168;173;182;188;202;203;213;214;226;241;263;280;282;283;314;332;334;369;371;372;390;398;404;405;416;440;450;458;474;496;512;527;529;565;675;676;679;693;806;814;884
10094,9;34;36;39;45;57;84;85;86;87;91;97;98;104;113;115;129;156;164;168;179;182;186;203;204;209;214;227;231;240;263;270;280;313;364;374;417;435;447;451;486;521;528;574;577;583;589;598;604;609;851;885
10095,9;34;36;39;45;57;84;85;86;87;91;97;98;104;113;115;129;156;164;168;179;182;186;203;204;209;214;227;231;240;263;270;280;313;364;374;417;435;447;451;486;521;528;574;577;583;589;598;604;609;851;885
10096,9;34;36;39;45;57;84;85;86;87;91;97;98;104;113;115;129;156;164;168;179;182;186;203;204;209;214;227;231;240;263;270;280;313;364;374;417;435;447;451;486;521;528;574;577;583;589;598;604;609;851;885
10097,9;34;36;39;45;57;84;85;86;87;91;97;98;104;113;115;129;156;164;168;179;182;186;203;204;209;214;227;231;240;263;270;280;313;364;374;417;435;447;451;486;521;528;574;577;583;589;598;604;609;851;885
10098,9;34;36;39;45;57;84;85;86;87;91;97;98;104;113;115;129;156;164;168;179;182;186;203;204;209;214;227;231;240;263;270;280;313;364;374;417;435;447;451;486;521;528;574;577;583;589;598;604;609;851;885
10099,9;34;36;39;45;57;84;85;86;87;91;97;98;104;113;115;129;156;164;168;179;182;186;203;204;209;214;227;231;240;263;270;280;313;364;374;417;435;447;451;486;521;528;574;577;583;589;598;604;609;851;885
10100,9;25;34;57;63;85;86;87;91;94;97;98;104;113;115;156;164;168;173;175;179;182;186;192;203;204;214;227;231;240;252;263;264;268;270;273;280;282;283;285;313;321;344;347;364;374;411;416;417;435;447;451;473;478;486;496;500;521;527;528;577;583;598;604;605;609;678;683;797;804;885;914;917;918
10101,8;10;14;34;36;38;54;58;59;67;68;89;91;111;129;133;141;154;156;157;162;163;164;168;174;175;181;182;196;203;205;210;214;229;232;243;263;264;280;282;283;306;317;332;333;334;360;374;398;400;404;419;420;421;430;442;446;468;523;675;796;813;851;861;883
10102,8;14;34;36;38;58;59;63;67;68;89;91;97;129;133;141;156;157;162;163;164;168;174;175;182;191;196;203;206;214;232;243;263;264;280;282;283;306;317;332;333;334;360;374;398;400;404;411;416;419;420;421;430;442;446;468;523;529;556;675;796;813;851;861;883
10103,34;36;38;39;46;50;54;58;59;62;91;95;97;109;129;156;164;175;180;181;182;196;203;204;214;220;226;227;240;244;263;270;286;311;313;326;333;336;399;417;420;428;492;500;506;573;574;577;581;583;585;605;608;694;851;883;886
10104,34;38;46;50;58;59;63;91;95;97;109;156;164;173;175;180;182;196;203;204;213;214;219;220;226;227;231;240;244;263;270;286;311;313;326;333;336;347;371;384;399;416;417;419;420;428;472;473;492;496;500;506;541;573;577;581;583;585;605;608;694;813;883;886
10105,14;28;29;34;36;37;45;89;90;91;97;156;157;164;168;179;182;184;188;189;201;203;204;214;232;241;246;262;263;270;310;317;319;328;334;341;350;389;414;421;430;442;444;446;468;479;492;515;523;707;796;815;851
10106,14;28;34;36;38;45;63;89;90;91;97;156;157;161;164;168;174;179;182;184;188;189;201;203;204;214;232;241;253;263;270;283;310;317;319;328;334;341;350;389;400;414;416;421;430;442;444;446;479;482;492;523;675;707;796;815;851
10107,6;10;34;36;38;44;45;85;86;87;91;95;97;103;109;129;133;154;156;164;168;174;175;180;182;196;203;204;214;232;240;241;244;247;252;260;263;269;270;282;283;304;313;332;343;364;369;372;399;400;402;408;417;421;441;492;555;575;583;675;808;851;885;886
10108,6;10;34;36;38;44;45;46;63;85;86;87;91;97;103;109;129;133;154;156;164;168;174;180;182;196;203;204;214;232;240;241;244;247;252;263;269;270;282;283;304;313;332;364;369;372;399;400;402;408;415;416;417;421;441;479;492;511;555;583;675;806;807;808;851;885;886
10109,7;9;33;34;36;38;53;68;85;86;87;88;89;91;103;111;120;126;153;156;157;164;174;175;182;189;192;201;203;205;209;214;241;263;264;268;280;317;334;335;341;350;360;374;397;414;435;444;446;451;469;479;521;523;527;528;667;851;916
10110,7;9;33;34;36;38;53;68;85;86;87;88;89;91;103;111;118;120;126;153;156;157;164;174;175;182;184;189;192;201;203;205;209;214;241;263;264;268;280;317;334;335;341;350;360;374;397;411;414;435;444;446;451;469;479;521;523;527;528;604;667;707;851;912;916
10111,7;9;33;34;36;38;46;53;63;68;85;86;87;88;89;91;103;111;118;120;126;153;156;157;164;174;175;182;184;189;192;201;203;209;214;241;263;264;268;280;317;334;335;341;350;360;374;397;411;414;416;435;442;444;446;451;469;479;484;521;523;527;528;604;707;776;800;851;912;916
10112,1;7;8;9;34;36;44;50;53;63;85;87;91;92;103;106;107;118;126;129;139;151;156;157;164;168;174;180;182;184;188;189;201;202;203;212;214;220;240;241;242;247;254;255;256;262;263;269;270;278;280;282;286;305;317;341;372;374;398;399;409;416;425;428;441;444;474;482;491;499;506;555;562;851
10113,1;7;8;9;34;36;44;50;53;63;85;87;91;92;103;106;107;114;118;126;129;139;151;156;157;164;168;174;180;182;184;188;189;201;202;203;214;220;240;241;242;247;262;263;264;269;270;280;282;286;305;317;341;374;398;399;409;411;416;428;441;444;474;482;491;506;555;562;808;851
10114,14;34;36;38;53;60;63;67;71;72;73;76;89;93;94;95;113;115;156;164;168;174;182;188;200;202;203;214;235;241;244;253;263;270;271;280;282;285;286;326;331;345;347;356;388;402;406;412;416;428;433;434;437;442;447;452;473;500;523;525;580;678;692;707;784;803;851;885;913;917
10117,1;8;14;36;45;55;56;57;58;59;63;67;91;98;104;108;114;122;127;129;156;157;164;168;182;189;191;196;203;206;214;240;263;269;270;272;280;308;317;326;332;341;352;369;374;390;399;400;416;425;441;447;490;518;594;710;851;883;885;886
10123,1;14;19;36;45;64;97;129;156;164;179;182;196;201;203;204;213;214;219;226;240;241;244;260;263;269;270;297;298;314;332;347;355;365;366;369;403;432;483;512;542;686;814;851;885;914
10124,1;14;19;36;45;64;97;129;156;164;179;182;196;201;203;204;213;214;219;226;240;241;244;260;263;269;270;297;298;314;332;347;355;365;366;369;403;432;483;512;542;686;814;851;885;914
10125,1;14;19;36;45;64;97;129;156;164;179;182;196;201;203;204;213;214;219;226;240;241;244;260;263;269;270;297;298;314;332;347;355;365;366;369;403;432;483;512;542;686;814;851;885;914
10126,7;9;14;25;34;37;38;44;46;68;91;104;156;157;164;173;179;182;184;189;200;201;203;204;214;231;241;242;253;263;264;269;270;280;282;283;304;317;334;336;339;350;370;371;374;387;389;414;416;421;422;424;428;442;444;446;490;492;496;523;555;583;675;706;707;808;885;918
10130,33;36;38;63;76;89;94;109;111;113;115;120;129;153;156;157;164;182;201;203;205;214;246;263;283;317;322;347;350;356;360;369;397;408;414;416;428;442;444;446;451;504;512;523;605;800;815;851
10131,33;36;38;63;76;89;94;109;111;113;115;120;129;153;156;157;164;182;201;203;205;214;246;263;283;317;322;347;350;356;360;369;397;408;414;416;428;442;444;446;451;504;512;523;605;800;815;851
10132,33;36;38;63;76;89;94;109;111;113;115;120;129;153;156;157;164;182;201;203;205;214;246;263;283;317;322;347;350;356;360;369;397;408;414;416;428;442;444;446;451;504;512;523;605;800;815;851
10133,33;36;38;63;76;89;94;109;111;113;115;120;129;153;156;157;164;182;201;203;205;214;246;263;283;317;322;347;350;356;360;369;397;408;414;416;428;442;444;446;451;504;512;523;605;800;815;851
10134,33;36;38;63;76;89;94;109;111;113;115;120;129;153;156;157;164;182;201;203;205;214;246;263;283;317;322;347;350;356;360;369;397;408;414;416;428;442;444;446;451;504;512;523;605;800;815;851
10135,33;36;38;63;76;89;94;109;111;113;115;120;129;153;156;157;164;182;201;203;205;214;246;263;283;317;322;347;350;356;360;369;397;408;414;416;428;442;444;446;451;504;512;523;605;800;815;851
10136,33;36;38;63;76;89;94;109;111;113;115;120;129;153;156;157;164;182;201;203;205;214;246;263;283;317;322;347;350;356;360;369;397;408;414;416;428;442;444;446;451;504;512;523;605;800;815;851
10137,33;36;38;63;76;89;94;109;111;113;115;120;129;153;156;157;164;182;201;203;205;214;246;263;283;317;322;347;350;356;360;369;397;408;414;416;428;442;444;446;451;504;512;523;605;800;815;851
10138,33;36;38;63;76;89;94;109;111;113;115;120;129;153;156;157;164;182;201;203;205;214;246;263;283;317;322;347;350;356;360;369;397;408;414;416;428;442;444;446;451;504;512;523;605;800;815;851
10139,33;36;38;63;76;89;94;109;111;113;115;120;129;153;156;157;164;182;201;203;205;214;246;263;283;317;322;347;350;356;360;369;397;408;414;416;428;442;444;446;451;504;512;523;605;800;815;851
10140,33;36;38;63;76;89;94;109;111;113;115;120;129;153;156;157;164;182;201;203;205;214;246;263;283;317;322;347;350;356;360;369;397;408;414;416;428;442;444;446;451;504;512;523;605;800;815;851
10141,33;36;38;63;76;89;94;109;111;113;115;120;129;153;156;157;164;182;201;203;205;214;246;263;283;317;322;347;350;356;360;369;397;408;414;416;428;442;444;446;451;504;512;523;605;800;815;851
10142,33;36;38;63;76;89;94;109;111;113;115;120;129;153;156;157;164;182;201;203;205;214;246;263;283;317;322;347;350;356;360;369;397;408;414;416;428;442;444;446;451;504;512;523;605;800;815;851
10143,14;63;85;86;87;94;101;103;104;109;113;141;156;164;168;173;174;180;182;194;202;203;204;214;219;220;240;241;244;247;251;261;263;269;271;339;371;374;383;399;400;404;409;416;421;425;433;452;478;496;506;566;577;581;583;605;608;807;884;885
10147,34;36;58;60;62;63;76;85;86;94;97;109;111;113;115;129;156;164;182;191;192;199;203;205;206;214;220;226;227;241;247;263;270;271;280;285;286;334;347;360;396;411;412;416;428;430;433;442;447;451;473;484;486;500;508;521;574;577;581;583;598;602;605;705;796;851;861;883
10148,9;34;36;39;45;57;84;85;86;87;91;97;98;104;113;115;129;156;164;168;179;182;186;203;204;209;214;227;231;240;263;270;280;313;364;374;417;435;447;451;486;521;528;574;577;583;589;598;604;609;851;885
10151,14;28;33;34;36;37;43;44;46;88;91;104;156;157;164;182;184;189;201;203;204;214;242;263;269;270;283;304;317;334;336;387;414;422;424;428;442;444;446;523;555;583;706;707;851;885
10152,14;34;37;38;44;46;68;91;98;104;116;156;157;164;173;179;182;184;189;200;201;203;204;214;231;242;263;269;270;280;283;304;306;317;334;336;339;350;370;387;389;414;416;422;424;428;442;444;446;496;501;523;529;541;555;583;675;706;707;709;885
10155,14;34;63;76;89;93;94;113;115;129;156;157;163;164;168;182;184;200;201;203;214;232;234;236;241;248;257;263;280;282;286;304;317;332;334;347;349;350;356;360;374;399;400;404;406;408;414;416;421;427;430;433;442;444;446;451;473;500;523;684;706;711;722;797;800;851
10156,14;34;63;76;89;93;94;113;115;129;156;157;163;164;168;182;184;200;201;203;214;232;234;236;241;248;257;263;280;282;286;304;317;332;334;347;349;350;356;360;374;399;400;404;406;408;414;416;421;427;430;433;442;444;446;451;473;500;523;684;706;711;722;797;800;851
10160,9;34;36;39;45;57;84;85;86;87;91;97;98;104;113;115;129;156;164;168;179;182;186;203;204;209;214;227;231;240;263;270;280;313;364;374;417;435;447;451;486;521;528;574;577;583;589;598;604;609;851;885
10161,6;10;14;34;36;37;38;45;85;87;91;103;118;133;154;156;163;164;168;174;175;180;182;203;204;206;207;214;232;240;241;242;247;252;263;269;270;280;282;283;304;313;319;332;334;343;360;369;374;399;400;402;404;417;421;430;441;442;446;468;492;583;675;796;808;851;885
10164,23;29;33;34;36;45;50;51;53;56;57;58;59;60;86;89;91;93;94;113;126;127;129;133;156;164;174;182;187;196;203;214;240;241;244;247;250;263;270;271;281;285;286;303;311;335;341;347;352;419;428;433;447;473;492;500;505;523;562;678;710;797;851;883;886
10165,8;34;38;50;53;56;57;58;59;63;86;89;91;92;94;113;114;126;127;133;156;161;164;173;174;182;184;187;188;196;201;203;214;219;231;240;241;244;247;248;250;263;270;271;280;281;285;286;291;303;311;330;334;335;341;347;350;352;374;390;398;408;409;411;416;417;419;423;428;433;441;447;472;473;474;479;482;491;492;496;500;505;523;534;562;678;710;776;797;801;883;886
10167,33;34;36;38;53;60;63;85;87;92;108;114;120;123;124;126;139;153;156;164;168;174;180;182;184;188;194;203;214;220;240;241;247;257;261;262;263;269;315;360;372;390;399;416;432;441;458;474;482;491;499;562;581;583;584;597;605;790;802;851
10169,16;19;36;60;63;93;94;95;97;104;105;113;115;129;138;156;164;182;184;203;214;240;241;246;247;248;263;270;271;285;286;304;314;347;366;369;403;413;416;427;433;473;500;542;797;814;821;851;883;917
10170,19;36;38;63;64;65;67;68;97;113;116;129;156;164;179;182;184;197;201;203;214;240;241;246;249;263;269;270;280;282;283;332;339;365;366;369;370;413;416;490;501;512;542;675;707;811;814;823;851;885
10171,16;17;19;36;43;63;97;129;143;156;164;168;180;182;184;201;203;214;219;220;240;241;246;247;262;263;269;270;286;304;332;366;369;371;389;399;403;413;416;417;492;495;506;512;542;555;808;814;822;851
10172,7;8;9;34;50;53;56;57;58;59;63;86;89;91;92;94;113;126;127;133;156;161;164;173;174;182;184;187;188;196;203;207;214;219;231;240;241;244;247;248;250;263;269;270;271;280;281;285;286;291;303;311;330;334;335;341;347;352;374;390;398;408;409;411;416;417;419;428;433;441;447;472;473;474;482;490;491;492;496;500;505;506;523;534;555;562;678;707;710;797;826;881;883;886;917
10180,20;57;68;86;89;90;91;103;156;157;164;173;174;175;180;182;188;189;201;203;213;214;220;240;242;253;263;281;317;319;330;334;340;341;371;389;414;423;430;444;446;482;492;496;503;513;523;707;779;796;805;808
10184,7;9;36;43;45;51;63;84;85;86;87;92;103;118;129;156;164;168;175;182;184;188;203;204;207;209;214;227;240;241;253;263;268;269;270;280;283;304;319;342;351;374;390;398;409;416;422;435;441;451;474;482;486;491;500;506;521;527;528;555;562;568;586;598;602;604;609;675;715;786;851;885;917
10185,8;29;33;34;36;38;54;56;57;58;59;63;97;115;127;133;156;164;179;181;182;187;196;203;214;240;250;263;297;311;333;334;352;392;416;419;428;442;457;487;556;573;694;710;812;851;861;883;886
10186,34;36;60;94;113;115;118;129;156;164;182;203;204;214;226;244;247;252;263;266;270;271;285;286;304;345;347;356;361;409;412;428;433;470;473;500;505;574;577;583;589;605;678;797;851;917
10187,9;37;38;44;85;86;87;97;98;156;162;164;168;179;180;182;184;200;203;207;214;226;229;242;252;253;259;260;263;268;269;280;282;283;313;321;331;374;399;402;417;422;423;424;451;486;492;511;521;527;528;555;575;598;604;681;706;707;783;808
10188,14;34;36;44;63;91;97;98;129;156;163;164;179;182;184;203;206;214;232;242;263;270;280;286;304;334;336;370;398;403;411;416;422;423;424;430;442;501;528;533;555;568;581;583;585;605;669;706;796;851;885
10189,34;36;44;46;63;76;91;97;98;113;115;129;156;163;164;179;182;184;201;203;214;232;240;241;242;263;270;280;286;304;334;336;368;370;411;416;422;423;424;430;442;444;469;484;528;555;583;585;605;706;776;796;851;885
10191,7;8;9;14;29;34;36;38;43;67;68;91;116;127;129;156;157;164;179;182;184;197;203;206;214;223;240;249;250;263;264;269;270;280;317;332;334;339;369;370;374;396;398;409;411;416;428;442;444;453;490;512;710;776;811;818;851;861;885;886
10192,10;14;20;22;34;36;37;43;44;46;63;67;74;76;91;129;154;156;157;164;168;182;184;202;203;207;214;227;235;241;242;263;264;269;270;280;282;304;317;331;332;339;341;345;359;369;370;374;399;402;409;412;416;417;437;438;447;490;512;555;580;669;707;803;808;816;851;885
10193,1;14;23;24;33;34;36;37;38;39;54;58;59;60;63;72;73;74;76;93;94;97;113;115;118;129;156;164;182;184;196;200;202;203;214;226;227;241;242;248;259;263;269;270;271;285;286;331;334;341;345;347;370;402;412;416;419;428;433;437;447;473;484;500;505;523;555;556;577;580;676;678;684;707;776;791;824;851;883;885
10194,1;23;24;33;34;36;37;38;39;50;60;63;72;73;74;76;93;94;97;101;109;113;114;115;118;129;156;164;182;184;202;203;214;226;227;241;242;247;248;261;263;269;270;271;285;286;331;341;345;347;399;402;412;416;417;428;433;437;447;473;492;500;505;506;523;555;566;577;580;676;678;707;791;825;851
10229,24;34;36;37;38;43;44;46;52;53;83;91;97;126;156;157;164;172;179;182;184;200;201;203;214;234;241;242;257;261;263;270;315;317;336;343;350;370;394;408;422;424;444;446;457;479;488;514;684;706;815;851;915
10230,34;37;38;44;46;53;63;76;83;91;97;126;156;157;164;168;173;179;182;184;200;201;203;214;231;234;241;242;245;257;261;263;270;304;315;317;332;336;343;350;370;394;406;408;416;422;424;442;444;446;457;479;488;496;523;528;535;555;682;684;706;815;833;915
10231,33;36;38;73;76;78;84;85;86;87;97;103;115;120;129;153;156;164;168;182;202;203;205;214;240;263;268;269;278;331;360;388;402;412;435;437;447;451;486;492;521;527;528;580;604;803;851
10232,33;36;38;63;76;78;84;85;86;87;97;103;115;120;129;153;156;164;168;174;182;184;202;203;205;214;240;263;268;269;331;360;402;412;416;435;437;447;451;486;492;521;527;528;580;604;803;835;851;916
10233,7;9;25;34;38;46;53;63;67;76;83;89;91;98;101;109;126;156;157;164;173;174;179;180;182;203;214;241;247;257;261;263;264;280;283;284;307;315;326;332;336;343;347;360;394;411;416;421;424;428;436;442;488;496;506;517;523;528;583;595;682;707;807;809;844;915
10234,14;33;36;38;40;42;44;48;56;57;58;59;61;92;97;106;107;114;120;127;129;156;164;174;175;179;180;182;184;188;191;194;196;203;214;220;240;242;247;254;255;263;269;310;341;342;352;360;362;367;390;398;399;401;416;441;453;474;491;506;565;675;710;799;808;839;851;886
10235,10;14;36;43;67;68;91;92;97;98;103;129;156;163;164;168;179;180;182;188;203;206;214;232;240;241;247;249;252;263;264;269;280;332;339;342;347;364;370;374;390;398;400;404;410;411;415;416;417;421;441;447;458;468;474;482;490;491;501;675;808;811;851;885
10236,14;34;56;57;58;59;63;91;103;116;127;156;164;168;173;182;184;196;197;203;214;224;227;231;240;250;263;269;270;276;280;282;291;308;332;352;372;374;383;389;399;400;401;403;404;410;416;419;447;453;487;496;523;529;533;534;555;675;684;710;808;812;845;883;886;895;918
10237,14;25;36;63;67;71;72;73;74;76;78;79;118;156;164;182;202;203;204;214;227;235;240;241;244;263;270;280;298;311;331;332;345;348;370;398;402;403;410;412;416;432;437;447;490;494;495;512;542;572;580;669;676;803;811;813;837;851;853;861;885;918
10238,10;36;43;46;63;91;97;101;109;129;156;164;168;174;180;182;188;196;197;203;214;220;240;244;247;259;261;262;263;264;269;271;282;286;313;326;347;369;374;399;416;417;421;425;468;492;506;555;566;806;807;808;841;851;883;894
10239,14;25;34;46;53;63;67;91;94;97;101;109;156;164;168;173;174;180;182;184;188;196;197;203;214;220;240;242;244;247;253;259;261;262;263;264;269;270;271;280;282;286;304;313;326;332;340;347;369;371;372;374;399;411;416;417;421;425;447;490;492;496;506;555;566;675;806;807;808;809;841;883;894
10240,17;18;19;34;36;37;38;43;60;63;64;94;97;101;109;129;143;156;157;163;164;179;182;184;196;203;214;232;240;241;244;247;248;257;263;270;276;297;304;306;314;317;332;339;347;366;369;370;403;410;413;416;421;428;432;468;473;500;512;542;555;605;678;797;814;840;851;917
10241,33;34;36;55;58;59;71;85;87;151;156;157;164;174;175;182;188;200;201;203;204;214;225;240;241;263;317;330;341;352;360;406;430;434;442;482;484;491;796;806;842;851;861;886
10242,7;9;34;53;56;57;58;59;63;68;85;87;89;126;156;157;164;174;175;182;184;188;200;201;203;204;214;231;240;241;246;263;282;311;317;330;337;341;352;360;364;406;416;430;434;442;482;484;491;523;525;707;715;776;784;791;796;806;808;842;861;886;913
10243,34;38;44;58;59;63;89;91;105;156;157;164;174;182;184;196;201;203;214;229;240;242;243;246;263;317;333;334;350;360;416;419;423;442;444;446;469;484;523;667;694;707;776;800;836;861;883;886;912
10244,14;63;67;76;101;104;109;113;114;156;164;173;179;182;184;202;203;211;214;226;235;240;241;263;264;269;270;280;282;297;314;317;331;332;338;339;348;355;365;366;369;370;389;396;402;403;411;412;413;416;417;421;425;432;437;447;479;490;496;580;803;811;814;843;885;918
10245,34;36;53;58;59;63;85;86;87;89;126;129;156;157;163;164;182;184;200;201;203;214;225;231;232;240;241;246;263;271;280;304;315;317;334;337;339;368;396;406;408;411;414;416;421;430;433;434;442;444;446;459;484;523;525;707;776;796;851
10246,34;36;53;56;57;58;59;63;85;86;87;89;126;127;129;156;157;163;164;182;184;196;200;201;203;214;225;240;241;246;263;271;280;304;317;332;337;339;352;374;392;396;401;406;408;411;414;416;419;421;433;434;444;460;484;523;525;707;710;776;851;883;886
10247,29;33;36;37;38;39;44;55;56;57;58;59;97;127;129;156;164;175;182;184;196;203;214;240;242;250;253;263;283;330;341;352;423;428;453;457;487;706;710;799;812;834;851;854;883;886
10248,37;38;44;56;57;58;59;63;97;101;109;127;156;164;175;180;182;184;196;200;203;214;220;240;242;247;250;253;263;283;330;341;352;416;423;428;453;457;487;506;566;706;710;799;812;834;854;883;886
10249,19;34;36;63;94;97;156;164;182;184;188;200;203;214;239;240;241;244;253;259;260;263;269;276;286;310;311;326;334;347;361;366;411;414;416;428;442;447;574;577;580;581;583;584;585;595;605;802;831;851;914
10250,34;37;38;57;63;89;91;156;157;164;168;173;174;179;182;184;200;201;203;207;214;224;231;240;241;253;263;283;317;339;370;372;416;428;442;444;496;523;528;529;667;675;684;707;776;808;873;885
10251,34;37;38;53;63;83;89;91;126;156;157;164;168;173;174;179;182;184;200;201;203;207;214;224;231;240;241;253;261;263;283;315;317;339;370;394;416;428;442;444;488;496;523;528;529;667;684;707;776;808;873;885;915
10252,34;37;38;56;57;63;89;91;156;157;164;168;173;174;179;182;184;200;201;203;207;214;224;231;240;250;253;263;283;317;339;352;370;416;428;442;444;453;496;523;528;529;667;684;707;710;776;808;834;873;885;886
10253,21;24;33;34;36;38;39;54;56;57;67;68;89;91;92;105;114;127;133;156;157;164;174;182;188;189;191;201;203;214;240;246;254;255;256;263;270;281;317;341;342;352;390;398;414;441;444;446;474;482;491;495;523;707;710;776;851;885;886
10254,29;33;34;36;38;39;63;91;156;162;164;168;174;182;189;203;214;240;241;253;263;270;281;283;304;331;341;343;402;412;414;416;428;442;497;523;526;562;574;583;667;707;776;808;851;885;886
10255,34;36;38;53;58;59;63;76;85;87;89;91;92;97;103;111;126;133;137;156;157;164;168;174;175;180;182;184;189;200;201;203;205;214;220;226;240;241;244;246;247;253;263;270;281;283;304;317;341;342;347;355;360;366;398;403;407;414;416;428;444;446;484;489;500;506;523;525;528;529;542;586;675;679;684;707;776;784;799;806;814;851;861;884;886;887
10256,8;34;56;57;58;59;63;68;97;114;116;127;156;164;179;182;196;200;203;204;214;227;240;244;250;263;264;269;270;283;291;304;321;339;340;352;370;374;396;401;409;411;416;428;442;447;453;458;512;577;586;675;710;812;834;857;886;912
10257,38;44;63;67;86;91;97;156;162;164;168;182;189;203;204;214;226;227;240;241;242;251;263;266;269;270;304;313;321;331;332;341;352;364;369;383;402;415;416;421;447;458;490;495;583;608;860;882;885;886
10258,36;55;56;57;63;68;106;150;156;164;182;196;200;203;214;226;229;240;243;250;262;263;269;270;330;349;352;406;416;417;434;487;679;851;886;913
10259,36;55;56;57;63;68;106;150;156;164;182;196;200;203;214;226;229;240;243;250;262;263;269;270;330;349;352;406;416;417;434;487;679;851;886;913
10260,19;31;36;38;45;63;64;98;102;156;164;168;179;182;184;203;207;214;241;253;257;259;260;263;269;270;283;297;304;313;314;332;355;366;369;383;403;413;416;492;515;542;575;808;814;851;884
10261,19;31;36;38;45;63;64;98;102;156;164;168;179;182;184;203;207;214;241;253;257;259;260;263;269;270;283;297;304;313;314;332;355;366;369;383;403;413;416;492;515;542;575;808;814;851;884
10262,19;31;36;38;45;63;64;98;102;156;164;168;179;182;184;203;207;214;241;253;257;259;260;263;269;270;283;297;304;313;314;332;355;366;369;383;403;413;416;492;515;542;575;808;814;851;884
10263,33;36;101;109;113;115;156;164;168;182;203;214;247;310;408;417;506;851
10264,14;34;36;46;53;63;67;68;76;83;91;97;103;126;156;164;179;182;184;189;200;203;214;241;242;246;249;253;257;263;264;269;270;280;315;337;339;341;369;370;394;406;409;411;416;421;422;423;424;428;434;442;484;488;490;512;523;525;528;535;555;707;776;784;799;814;851;878
10265,14;34;36;46;53;63;67;68;76;83;91;97;103;126;156;164;179;182;184;189;200;203;214;241;242;246;249;253;257;263;264;269;270;280;315;337;339;341;369;370;394;406;409;411;416;421;422;423;424;428;434;442;484;488;490;512;523;525;528;535;555;707;776;784;799;814;851;878
10266,14;34;36;46;53;63;67;68;76;83;91;97;103;126;156;164;179;182;184;189;200;203;214;241;242;246;249;253;257;263;264;269;270;280;315;337;339;341;369;370;394;406;409;411;416;421;422;423;424;428;434;442;484;488;490;512;523;525;528;535;555;707;776;784;799;814;851;878
10267,14;34;36;46;53;63;67;68;76;83;91;97;103;126;156;164;179;182;184;189;200;203;214;241;242;246;249;253;257;263;264;269;270;280;315;337;339;341;369;370;394;406;409;411;416;421;422;423;424;428;434;442;484;488;490;512;523;525;528;535;555;707;776;784;799;814;851;878
10268,14;34;36;63;76;84;85;86;87;97;109;113;115;156;164;182;184;200;203;214;225;242;243;263;268;269;270;315;319;337;347;351;369;406;408;416;428;430;434;435;451;484;486;512;521;525;528;555;570;598;604;605;851;879
10269,14;34;36;63;76;84;85;86;87;97;109;113;115;156;164;182;184;200;203;214;225;242;243;263;268;269;270;315;319;337;347;351;369;406;408;416;428;430;434;435;451;484;486;512;521;525;528;555;570;598;604;605;851;879
10270,14;34;36;63;76;84;85;86;87;97;109;113;115;156;164;182;184;200;203;214;225;242;243;263;268;269;270;315;319;337;347;351;369;406;408;416;428;430;434;435;451;484;486;512;521;525;528;555;570;598;604;605;851;879
10271,14;34;36;63;76;84;85;86;87;97;109;113;115;156;164;182;184;200;203;214;225;242;243;263;268;269;270;315;319;337;347;351;369;406;408;416;428;430;434;435;451;484;486;512;521;525;528;555;570;598;604;605;851;879
10272,7;8;9;10;14;34;36;38;43;46;63;67;89;91;106;118;122;129;154;156;157;163;164;168;173;182;184;203;204;214;232;236;240;241;242;253;263;264;269;270;280;304;313;317;332;339;341;347;359;370;371;374;402;409;410;411;414;416;419;421;441;444;479;484;523;555;583;585;589;667;707;776;838;851;885;901;912
10273,14;21;22;24;36;67;68;73;74;76;98;116;156;164;179;182;184;191;201;202;203;204;206;214;227;235;240;241;263;266;269;270;276;280;282;317;331;345;369;374;402;412;416;428;437;438;447;452;490;514;532;580;583;596;669;675;707;803;808;851;885;904
10274,14;21;22;24;36;67;68;73;74;76;98;116;156;164;179;182;184;191;201;202;203;204;206;214;227;235;240;241;263;266;269;270;276;280;282;317;331;345;369;374;402;412;416;428;437;438;447;452;490;514;532;580;583;596;669;675;707;803;808;851;885;904
10275,14;21;22;24;36;67;68;73;74;76;98;116;156;164;179;182;184;191;201;202;203;204;206;214;227;235;240;241;263;266;269;270;276;280;282;317;331;345;369;374;402;412;416;428;437;438;447;452;490;514;532;580;583;596;669;675;707;803;808;851;885;904
10276,29;34;36;38;46;53;57;58;63;76;85;87;89;92;110;156;157;161;164;182;203;214;229;240;241;242;246;263;311;347;352;356;360;394;396;397;399;405;406;408;412;414;416;428;430;442;444;446;484;500;528;535;605;776;800;815;861;906;916
10277,29;34;36;38;46;53;57;58;63;76;85;87;89;92;110;156;157;161;164;182;203;214;229;240;241;242;246;263;311;347;352;356;360;394;396;397;399;405;406;408;412;414;416;428;430;442;444;446;484;500;528;535;605;776;800;815;861;906;916
10278,7;8;9;34;38;47;53;58;59;63;76;85;86;87;91;94;101;113;115;126;133;156;161;164;168;173;182;186;196;203;204;214;219;226;227;236;240;241;244;247;248;253;263;264;266;270;271;273;280;282;283;285;286;304;309;313;321;322;340;347;352;356;361;374;383;403;409;411;416;428;446;447;451;472;473;495;496;500;505;577;581;583;585;595;605;791;800;802;814;886;914
10279,14;34;35;63;74;76;77;78;79;92;115;141;156;164;168;173;182;184;188;202;203;214;227;230;235;241;254;255;256;263;275;282;311;321;331;348;380;388;389;390;398;402;412;416;437;438;447;450;474;482;491;496;499;580;668;679;803;884;885
10280,38;56;57;58;59;63;85;86;87;94;97;105;107;109;113;115;120;127;156;161;164;173;182;196;203;214;219;229;240;246;250;263;271;285;291;322;339;352;356;360;408;416;419;427;428;430;433;447;451;453;472;473;496;502;503;605;710;797;800;812;861;886
10281,7;8;9;18;19;25;34;35;46;53;56;57;58;59;63;67;83;85;86;87;89;97;113;114;126;127;156;157;164;173;182;184;196;200;201;203;211;214;219;231;240;241;245;257;263;264;270;276;280;291;311;314;317;332;337;349;352;355;366;374;401;403;406;407;411;416;434;442;444;453;496;523;525;542;693;707;776;784;799;861;883;886;913
10282,14;34;38;63;68;73;76;77;80;89;113;115;156;164;173;174;175;182;189;200;202;203;204;214;219;227;230;231;235;241;246;263;270;275;282;283;311;313;331;338;348;402;412;414;416;428;437;447;496;505;523;525;572;580;605;669;676;707;776;803;885
10283,8;14;25;34;37;38;44;46;56;57;58;59;63;67;68;89;91;97;103;127;156;157;164;168;173;174;175;180;182;184;189;196;200;203;214;231;240;242;246;250;253;260;263;264;270;276;280;283;291;308;313;317;330;332;335;337;341;349;352;374;401;406;411;416;419;421;423;453;496;523;525;555;693;706;707;710;784;799;808;812;885;886
10284,14;18;19;46;63;65;97;143;156;157;164;168;173;174;179;182;191;196;201;203;211;214;241;263;269;314;317;319;328;332;334;355;364;366;371;372;399;400;403;404;413;416;430;442;446;496;529;542;776;796;814
10285,8;34;44;50;58;59;63;85;86;87;94;101;104;109;113;114;115;156;164;173;174;180;182;184;191;194;196;203;204;214;219;220;240;242;244;247;261;263;269;270;271;286;311;313;333;335;352;371;374;415;416;417;419;420;423;496;506;524;556;566;577;694;809;813;861;883;885;886
10286,7;9;34;37;38;46;53;63;67;76;83;89;91;116;126;156;157;164;173;174;179;182;184;189;203;214;231;241;257;261;263;264;269;270;276;280;281;282;283;307;315;317;339;359;360;370;372;374;389;394;398;409;411;416;428;442;444;447;457;479;480;484;488;490;496;503;523;528;535;667;669;682;707;776;811;815;885;912;915
10287,14;32;34;38;63;89;90;91;156;157;164;173;174;182;184;188;189;201;203;214;224;229;241;263;270;280;306;317;319;328;332;334;341;350;374;398;404;411;414;416;421;442;446;496;523;529;667;675;684;693;707;796;815
10288,14;38;42;44;63;76;89;91;92;97;103;141;156;157;164;173;182;188;191;203;213;214;224;226;231;241;263;276;317;334;360;371;372;390;398;404;416;440;441;450;458;474;491;496;506;523;675;684;707;798;806;884;885
10289,7;8;9;14;25;34;38;46;63;67;68;91;133;136;156;157;162;164;168;173;174;179;180;182;184;188;197;200;203;207;214;223;227;231;240;241;242;251;252;253;259;263;264;269;270;280;282;283;313;317;334;337;339;349;370;371;372;374;398;399;406;409;411;416;428;442;444;447;457;479;490;491;492;496;501;525;555;675;808;811;885;918
10290,7;9;34;37;53;63;85;86;87;109;113;127;156;157;162;164;173;182;184;192;200;202;203;214;231;240;241;242;263;264;268;276;280;282;305;306;317;330;337;339;340;369;370;380;406;409;416;422;428;430;435;447;451;484;486;489;491;496;506;512;521;523;525;527;528;598;604;675;679;706;707;710;776;804;916
10291,53;63;76;83;94;101;104;107;109;114;126;151;156;164;168;173;174;180;182;203;214;219;220;241;244;247;257;261;262;263;269;271;286;315;347;371;394;399;412;416;433;471;488;496;499;506;517;595;806;807;808;809;885;915
10292,9;14;34;38;42;44;46;63;67;73;74;76;89;91;115;156;157;162;164;173;174;179;182;184;187;188;189;191;202;203;214;220;231;235;240;241;242;263;264;269;270;276;280;282;283;317;331;332;334;337;338;339;341;359;360;364;370;371;374;398;402;409;411;412;416;421;428;437;442;444;447;452;469;479;490;496;501;523;580;596;667;707;776;798;803;811;885
10293,7;9;53;63;67;76;83;94;95;97;101;104;109;113;115;126;156;164;168;173;182;189;203;204;214;219;227;231;240;241;244;247;248;257;261;263;270;271;272;273;285;286;304;307;315;336;341;347;383;394;411;415;416;417;428;433;447;472;473;478;488;492;496;500;506;595;605;678;797;807;815;917
10294,8;14;56;57;58;59;63;67;68;91;98;104;114;127;156;157;164;168;173;182;189;191;196;203;214;240;263;269;270;272;280;291;308;311;317;326;332;340;341;352;369;374;390;399;400;415;416;425;441;447;479;482;490;496;512;594;693;710;806;812;883;885;886;918
10295,34;38;46;53;63;76;83;91;126;156;164;168;173;182;189;203;214;231;240;241;242;257;261;263;269;270;281;283;304;315;371;394;399;416;422;424;488;494;496;512;523;528;555;568;706;807;815;885;915
10296,63;76;80;94;113;156;164;182;202;203;204;214;219;226;235;240;241;263;270;271;273;283;285;347;383;402;412;447;500;572;577;580;581;585;605;617;676;715;885;886;914
10297,35;50;53;63;85;94;95;104;113;115;156;157;164;168;173;179;180;182;184;194;203;207;214;226;240;241;244;248;259;263;269;270;271;276;282;285;313;332;347;356;365;367;371;374;385;398;399;400;415;416;417;427;428;433;458;473;492;496;500;576;675;679;693;710;797;808;885;917
10298,14;57;58;59;63;67;89;91;103;127;156;157;164;168;173;182;188;189;196;201;203;213;214;219;238;240;246;250;251;253;263;269;270;276;280;291;317;330;334;337;339;341;350;370;371;372;374;397;398;400;404;411;414;415;416;421;444;446;447;458;482;496;503;504;523;534;693;710;800;886;895
10299,56;57;63;85;87;92;104;114;127;151;156;164;168;173;180;182;184;188;189;196;200;203;214;231;240;247;250;263;291;330;341;352;390;398;401;406;411;416;434;441;474;482;491;496;503;525;583;710;799;812;883;886
10300,7;9;14;19;25;34;63;67;91;97;136;143;156;157;164;168;173;179;182;197;203;211;212;214;226;227;238;240;241;253;263;264;269;270;276;280;283;297;317;332;339;340;355;364;369;370;371;372;374;398;403;404;409;411;413;416;428;432;442;444;447;490;494;496;501;512;560;675;679;776;811;814;885;918
10302,18;19;34;53;56;57;58;59;63;76;85;86;87;89;113;126;133;137;156;157;161;164;173;182;196;200;203;211;213;214;219;240;241;247;253;257;263;270;276;304;321;326;337;347;349;355;374;406;407;411;412;414;416;421;434;447;496;523;542;555;583;707;784;799;808;913
10303,14;34;63;68;97;103;116;156;157;164;173;179;182;203;214;224;240;241;244;251;253;263;270;276;280;282;283;317;334;339;370;371;372;398;402;411;416;428;442;458;496;660;667;675;679;684;748;776;811;885;918
10304,9;25;34;57;63;85;86;87;91;97;98;104;113;115;156;164;168;173;175;179;182;186;192;203;204;214;227;231;240;252;263;264;268;270;273;280;282;283;313;321;344;364;374;409;411;416;417;435;447;451;486;496;521;527;528;577;583;598;604;605;609;693;804;885;914;918
10305,9;25;34;57;63;85;86;87;91;97;98;104;113;115;156;164;168;173;175;179;182;186;192;203;204;214;227;231;240;252;263;264;268;270;273;280;282;283;313;321;344;364;374;409;411;416;417;435;447;451;486;496;521;527;528;577;583;598;604;605;609;693;804;885;914;918
10306,35;38;50;86;94;95;103;105;113;115;120;156;164;173;174;182;196;203;204;214;215;219;226;227;240;241;244;247;248;253;263;269;270;271;273;278;281;282;285;286;304;313;319;322;326;347;356;361;412;428;430;433;447;451;473;496;500;502;505;555;577;586;605;797;917
10308,18;19;38;63;97;98;104;143;156;164;168;173;182;203;207;211;214;240;241;253;257;263;270;280;283;297;299;314;332;339;355;366;369;370;403;411;413;416;496;512;515;542;814
10313,7;8;9;19;25;34;38;58;63;67;76;85;89;91;94;101;109;115;120;156;157;164;168;173;174;182;189;196;201;203;214;223;240;241;244;247;263;264;270;271;276;280;282;286;317;325;334;356;359;360;370;374;409;411;414;416;428;430;442;444;446;447;451;479;484;490;496;506;523;535;566;667;707;776;809;815;838;912
10314,63;85;86;91;94;113;115;156;164;173;182;203;204;212;214;219;226;231;240;241;244;247;252;263;270;271;272;273;281;285;286;313;321;343;347;356;371;389;399;412;416;417;428;433;451;472;473;478;496;500;501;541;581;583;678;797;885;914;917
10315,8;9;34;58;59;63;89;91;133;152;156;157;164;168;173;179;182;183;184;189;196;203;207;214;223;240;241;263;264;270;276;280;282;283;317;333;334;339;341;370;371;374;409;411;416;419;428;441;442;469;496;523;665;693;707;710;776;811;861;883;886;912;918
10320,44;53;63;73;74;76;83;126;156;162;164;168;182;184;201;202;203;207;214;241;242;261;263;270;275;283;315;331;388;394;402;412;416;422;424;428;437;447;458;476;580;707;803;807;808;858;885;915
10321,63;76;92;109;113;115;120;151;153;156;157;164;182;188;191;201;203;214;240;241;246;262;263;317;328;334;341;350;390;397;408;412;414;416;430;441;444;446;474;479;482;491;596;605;800;866
10326,63;85;86;91;94;113;115;156;164;173;182;203;204;214;219;226;231;240;241;244;247;248;252;263;270;271;272;281;285;313;321;326;343;347;356;371;389;399;412;416;417;428;433;451;472;473;478;496;500;541;583;678;797;885;914;917
