PokemonId,MoveIds
1,14;22;33;34;36;38;45;73;74;75;76;77;79;80;92;113;130;133;156;164;173;174;182;188;202;203;204;206;213;214;219;230;235;241;263;267;270;275;311;331;345;388;402;412;437;438;447;474;496;520;526;580;803
2,14;22;33;34;36;38;45;73;74;75;76;77;79;113;133;156;164;173;182;188;202;203;204;206;213;214;219;230;235;241;263;270;311;331;345;388;402;412;437;438;447;474;496;520;526;580;803
3,14;22;33;34;36;38;45;63;73;74;75;76;77;79;80;89;113;133;156;164;173;182;188;200;202;203;204;206;213;214;219;230;235;241;263;270;311;331;338;345;388;402;412;414;416;437;438;447;474;496;520;523;526;572;580;707;803;805
4,5;7;9;10;14;17;25;34;44;45;52;53;68;83;91;108;126;129;156;157;163;164;173;182;184;187;200;203;206;213;214;225;231;232;241;242;246;251;257;261;263;270;280;311;315;317;337;349;374;394;406;407;421;424;496;512;517;519;525;526
5,5;7;9;10;14;25;34;45;52;53;83;91;108;126;129;156;157;163;164;173;182;184;200;203;206;213;214;225;231;241;242;251;257;261;263;270;280;311;315;317;337;349;374;394;406;421;424;496;512;517;519;526
6,5;7;9;10;14;19;25;34;45;52;53;63;76;83;89;91;108;126;129;156;157;163;164;173;182;184;200;203;206;211;213;214;225;231;241;242;251;257;261;263;270;280;299;307;311;315;317;337;349;374;394;403;406;411;416;421;424;496;512;517;519;523;526;535;542;595;693;784;799;814;815
7,5;8;25;33;34;39;44;54;55;56;57;58;59;91;110;114;127;130;156;164;173;175;182;196;203;206;213;214;229;231;240;243;250;252;258;263;270;280;281;291;311;317;323;330;334;352;360;362;374;392;396;401;406;428;453;496;503;504;518;526;791;812
8,5;8;25;33;34;39;44;55;56;57;58;59;91;110;127;130;156;164;173;182;196;203;206;213;214;229;231;240;250;258;263;270;280;291;311;317;330;334;352;360;362;374;396;401;406;428;496;503;504;518;526;812
9,5;8;25;33;34;39;44;55;56;57;58;59;63;89;91;110;127;130;156;157;164;173;182;196;200;203;206;213;214;229;231;240;242;250;258;263;270;280;291;308;311;317;330;334;352;360;362;374;396;399;401;406;411;416;419;428;430;496;503;504;518;523;526;710;776;805;812
10,33;81;450;527
11,106;334;527
12,16;18;33;48;60;63;76;77;78;79;81;93;94;106;129;156;164;168;173;182;202;203;213;214;219;226;240;241;247;263;285;334;366;369;403;405;412;416;450;474;476;483;496;512;527;542;577;676;814
25,5;6;9;21;25;34;39;45;57;84;85;86;87;91;97;98;104;113;115;129;156;164;168;173;179;182;186;203;204;209;213;214;227;231;240;253;263;270;280;364;374;417;435;447;486;496;521;527;528;577;583;589;604;609;804
26,5;6;9;21;25;34;39;45;57;63;84;85;86;87;91;97;98;104;113;115;129;156;164;168;173;179;182;186;203;204;209;213;214;219;227;231;240;253;263;270;280;364;374;411;416;417;435;447;486;496;521;527;528;577;583;589;598;604;609;683;693;804
27,10;14;28;34;40;68;89;91;97;111;129;133;141;154;156;157;163;164;168;173;175;182;189;201;203;205;210;213;214;219;229;231;232;241;263;280;317;328;341;360;374;398;400;404;414;421;446;468;496;523;526;675;707;798;815
28,10;14;28;34;40;42;63;89;91;97;111;129;133;141;154;156;157;163;164;168;173;182;191;201;203;205;210;213;214;219;229;231;241;263;280;306;317;328;341;360;374;398;404;411;414;416;421;444;446;496;523;526;529;675;707;798;815
29,10;24;34;36;39;40;44;45;48;50;58;59;68;85;87;91;92;116;130;154;156;164;168;173;182;188;203;204;213;214;231;240;241;242;251;260;263;270;305;342;390;398;414;421;474;496;599
30,10;24;34;39;40;44;45;58;59;85;87;91;92;116;154;156;164;168;173;182;188;203;204;213;214;231;240;241;242;251;260;263;270;390;398;414;421;474;496;599;707
31,5;6;7;8;9;10;24;25;34;39;40;44;45;53;57;58;59;63;85;87;89;91;92;116;126;154;156;157;164;168;173;182;188;196;200;201;203;204;213;214;231;240;241;242;247;250;251;253;260;263;269;270;276;280;317;328;341;350;374;390;398;406;411;414;416;419;421;444;446;474;482;496;506;523;529;599;667;675;707;776;815
32,24;30;31;32;34;36;37;40;43;48;50;58;59;64;68;85;87;91;92;93;116;133;156;164;168;173;182;188;203;213;214;231;240;241;251;260;263;270;342;389;390;398;414;421;457;474;496;529;599;684
33,24;30;31;34;40;43;58;59;64;85;87;91;92;116;133;156;164;168;173;182;188;203;213;214;231;240;241;251;260;263;270;390;398;414;421;474;496;529;599;684;707
34,5;6;7;8;9;24;25;30;31;34;40;43;53;57;58;59;63;64;85;87;89;91;92;116;126;133;156;157;164;168;173;182;188;196;200;201;203;213;214;224;231;240;241;247;250;251;253;260;263;269;270;276;280;317;328;341;350;374;390;398;406;411;414;416;419;421;444;446;474;482;496;506;523;529;599;667;675;684;707;776;815
35,1;5;7;8;9;25;34;45;47;53;58;59;76;85;86;87;91;94;107;111;113;115;118;126;133;150;156;161;164;173;182;186;196;203;204;213;214;219;226;227;231;236;240;241;247;253;263;266;270;271;280;286;304;309;313;322;340;345;347;356;361;374;383;409;428;446;447;472;473;495;496;500;502;514;526;574;577;581;583;585;595;605;791;800;802;814
36,1;5;7;8;9;25;34;45;47;53;58;59;63;76;85;86;87;91;94;107;111;113;115;118;126;133;150;156;161;164;173;182;186;196;203;204;213;214;219;226;227;231;236;240;241;247;253;263;266;270;271;280;286;304;309;313;322;340;345;347;356;361;374;383;409;411;416;428;446;447;472;473;495;496;500;502;514;526;574;577;581;583;585;595;605;791;800;802;814
37,34;39;46;50;52;53;83;91;95;97;98;109;126;129;156;164;173;175;180;182;203;213;214;219;227;231;241;257;261;262;263;286;288;311;315;326;336;371;384;394;399;412;428;488;492;496;506;510;517;541;595;608;807
38,34;39;50;52;53;63;76;83;91;97;98;109;126;129;156;164;173;180;182;203;213;214;219;227;231;241;247;257;261;263;286;288;311;313;315;326;347;371;384;394;399;412;416;417;428;473;492;496;500;506;510;517;541;595;807;815
39,1;5;7;8;9;25;34;38;47;50;53;58;59;76;85;86;87;91;94;102;103;111;113;115;120;126;156;161;164;173;182;186;196;203;204;213;214;219;226;240;241;247;253;254;255;256;263;270;280;304;313;340;343;360;374;383;409;446;447;496;497;502;514;526;528;574;577;581;583;605;798;802
40,1;5;7;8;9;25;34;38;47;50;53;58;59;63;76;85;86;87;91;94;102;103;111;113;115;120;126;156;161;164;173;182;186;196;203;204;213;214;219;226;240;241;247;253;254;255;256;263;270;280;304;313;340;343;360;374;383;409;411;416;446;447;478;496;497;502;514;526;528;574;577;581;583;605;797;798;802
41,16;17;18;19;44;48;71;95;97;98;109;114;129;141;156;164;168;173;174;182;188;202;203;211;212;213;214;240;241;242;247;253;257;263;269;305;310;314;369;371;372;403;413;417;428;432;474;496;501;512;599;814
42,19;44;48;63;71;97;103;109;114;129;141;156;164;168;173;182;188;202;203;211;212;213;214;240;241;242;247;253;257;263;269;305;310;314;369;371;372;403;413;416;417;428;474;496;501;512;599;814
43,14;51;71;72;73;74;75;76;77;78;79;80;92;156;164;173;175;182;188;202;203;204;213;214;230;235;236;241;263;267;275;298;321;331;402;412;447;474;495;496;580;585;605;668;803
44,14;51;71;72;74;76;77;78;79;80;92;156;164;173;182;188;202;203;204;213;214;230;236;241;263;331;374;402;409;412;447;474;496;580;585;605;803
45,14;34;51;63;71;72;74;76;77;78;79;80;92;156;164;173;182;188;202;203;204;213;214;219;230;236;241;263;312;331;374;402;409;412;416;447;474;482;496;572;580;585;605;676;803;810
50,10;28;29;34;45;89;90;91;97;103;156;157;163;164;168;173;179;182;188;189;201;203;213;214;241;246;251;253;262;263;310;317;372;389;414;421;446;468;496;502;515;523;526;707;815
51,10;28;34;45;63;89;90;91;97;103;156;157;161;163;164;168;173;179;182;188;189;201;203;213;214;241;251;253;263;310;317;328;372;389;400;414;416;421;444;446;482;496;502;523;526;667;707;815
52,6;10;34;39;44;45;85;87;91;95;103;129;133;154;156;163;164;168;173;175;180;182;196;203;204;213;214;231;240;241;247;252;253;263;269;304;343;364;369;371;372;387;399;402;417;421;441;492;496;514;526;583;675;808
53,6;10;34;44;45;63;85;87;91;103;129;133;154;156;163;164;168;173;182;196;203;204;213;214;231;240;241;247;252;253;263;269;304;364;369;371;372;399;402;408;415;416;417;421;441;492;496;514;526;583;675;806;808
54,5;6;8;10;25;34;39;50;55;56;57;58;59;60;91;93;94;95;103;109;113;127;129;133;154;156;164;173;182;196;203;213;214;227;231;238;240;244;248;250;258;263;280;281;291;347;352;362;374;401;421;428;472;473;487;493;496;499;503
55,5;6;8;10;25;34;39;50;55;56;57;58;59;63;67;91;93;94;103;113;127;129;133;154;156;164;173;182;196;203;213;214;227;231;240;244;248;250;258;263;280;291;330;347;352;362;374;401;411;416;421;428;453;472;473;487;490;496;503;710;812
58,24;34;36;37;38;43;44;46;52;53;83;91;97;126;129;156;164;168;172;173;179;182;200;203;213;214;219;231;234;241;242;257;261;263;270;315;336;343;370;394;424;496;514;528;555;583;706
59,34;36;43;44;46;52;53;63;76;83;91;97;126;129;156;164;168;172;173;179;182;184;200;203;213;214;219;231;241;242;245;257;261;263;270;304;315;336;370;394;406;416;422;424;442;496;514;523;528;555;583;682;706;815
60,1;34;38;54;55;56;57;58;59;61;91;94;95;114;127;150;156;164;168;170;173;182;187;196;203;213;214;227;240;250;258;263;270;283;291;330;341;352;414;496;503;523
61,1;5;8;25;34;38;55;56;57;58;59;61;89;91;94;95;118;127;156;164;168;173;182;187;196;203;213;214;227;240;250;258;263;270;280;291;330;341;374;414;496;503;523
62,1;5;8;25;34;38;55;56;57;58;59;61;63;66;89;91;94;95;118;127;156;157;164;168;170;173;179;182;187;196;203;213;214;223;227;240;250;258;263;270;276;280;291;317;330;339;341;370;371;374;398;409;411;414;416;490;496;503;509;523;526;663;667;675;710;811
63,5;7;8;9;25;34;86;93;94;100;113;115;118;129;156;161;164;168;173;182;203;213;214;219;227;231;240;241;247;263;269;271;277;285;347;374;384;385;409;412;428;433;447;470;472;473;478;492;496;502;605;678;683
64,5;7;8;9;25;34;50;60;86;93;94;100;105;113;115;118;129;134;156;161;164;168;173;182;203;213;214;219;227;231;240;241;247;248;263;269;271;272;285;347;374;384;385;409;412;427;428;433;447;472;473;478;492;496;502;605;678;683;797
65,5;7;8;9;25;34;50;60;63;86;93;94;100;105;113;115;118;129;134;156;161;164;168;173;182;203;213;214;219;227;231;240;241;247;248;263;269;271;272;285;286;347;374;384;385;409;411;412;416;417;427;428;433;447;472;473;478;492;496;500;502;605;678;683;797
66,5;7;8;9;25;34;38;43;53;66;67;68;69;70;89;91;113;116;118;126;156;157;164;168;173;179;182;184;203;213;214;223;227;233;238;240;241;263;270;276;279;280;282;317;321;339;370;371;374;398;411;418;484;490;496;501;514;523;526;530;811
67,5;7;8;9;25;34;38;43;53;67;69;70;89;91;113;116;118;126;156;157;164;168;173;179;182;184;203;213;214;223;227;233;238;240;241;263;270;276;279;280;282;317;339;370;371;374;398;411;484;490;496;514;523;526;530;707;811
68,5;7;8;9;25;34;38;43;53;63;67;69;70;89;91;113;116;118;126;156;157;164;168;173;179;182;184;203;213;214;223;227;233;238;240;241;263;270;276;279;280;282;317;339;350;370;371;372;374;398;411;416;440;444;469;484;490;496;514;523;526;530;663;667;675;707;811
72,14;35;40;48;51;55;56;57;58;59;61;62;103;109;114;127;151;156;164;168;173;182;188;196;202;203;213;214;219;229;240;243;250;258;263;282;291;321;330;352;362;367;371;390;392;398;440;474;482;496;503;506;605;693
73,14;35;40;48;51;55;56;57;58;59;61;63;103;127;151;156;164;168;173;182;188;196;202;203;213;214;219;240;250;258;263;291;330;352;362;371;390;398;416;440;474;482;496;503;506;513;599;605;693;810
77,23;24;32;33;34;36;37;38;39;45;52;53;67;76;83;95;97;126;129;156;164;172;173;182;203;204;213;214;231;234;241;257;261;263;315;340;394;488;496;502;517;528;583;595;667;669
78,6;14;23;33;34;36;39;45;52;53;63;67;76;83;97;98;126;129;156;164;172;173;182;203;204;213;214;224;226;231;241;257;261;263;315;340;394;398;416;488;496;502;517;528;529;583;595;667;669;675;684;815
79,6;23;29;33;34;45;50;53;55;56;57;58;59;86;89;91;93;94;113;126;129;133;156;161;164;173;174;182;187;196;203;213;214;219;231;240;241;244;247;248;250;258;263;271;281;285;286;291;303;311;335;341;347;352;362;428;433;447;472;473;496;500;503;505;523;562;678;710;797
80,5;6;8;25;29;33;34;45;50;53;55;56;57;58;59;63;86;89;91;93;94;110;113;126;129;133;156;161;164;173;174;182;196;203;213;214;219;231;240;241;244;247;248;250;258;263;271;280;281;285;286;291;303;311;330;334;341;347;352;362;374;409;411;416;417;419;428;433;447;472;473;492;496;500;503;505;523;534;678;710;776;797
81,33;48;84;85;86;87;103;113;115;129;156;164;173;182;192;199;203;209;214;240;241;263;319;334;360;393;430;435;486;496;521;527;528;796;804
82,33;48;63;84;85;86;87;103;113;115;129;156;161;164;173;182;192;199;203;209;214;240;241;263;319;334;360;393;416;430;435;486;496;521;527;528;604;796;804
83,14;15;16;19;28;34;43;64;97;98;116;129;143;156;163;164;168;173;174;175;182;203;206;210;211;213;214;226;231;241;253;257;263;270;279;282;297;314;332;343;348;355;364;369;370;398;400;403;413;493;496;512;514;515;526;660;669;675;693;814
90,33;43;48;55;56;57;58;59;61;62;103;110;120;129;156;161;164;173;182;196;203;213;214;240;250;258;263;291;333;334;341;350;352;362;371;392;419;420;496;504;534;710;791
91,33;42;43;48;55;56;57;58;59;62;63;103;110;113;120;129;156;161;164;173;182;191;196;203;213;214;240;250;258;263;291;311;333;334;341;350;362;371;390;398;416;419;420;496;504;534;556;684;710;798
92,7;8;9;50;85;92;94;95;101;109;114;120;122;123;138;156;164;168;173;174;180;182;184;188;194;195;196;202;203;212;213;214;240;241;247;253;261;263;269;271;285;288;310;371;389;398;399;412;433;472;474;482;492;496;499;502;506;513;605;806;809;810
93,7;8;9;85;94;95;101;109;120;122;138;156;164;168;173;174;180;182;184;188;194;196;202;203;212;213;214;227;240;241;247;253;261;263;269;271;285;325;371;374;389;398;399;412;421;433;472;474;482;492;496;502;506;605;806;809;810
94,5;7;8;9;25;34;63;85;87;94;95;101;109;118;120;122;138;156;164;168;173;174;180;182;184;188;194;195;196;202;203;212;213;214;227;240;241;247;253;261;263;269;271;280;285;286;325;371;374;389;398;399;409;411;412;416;417;421;433;472;474;482;492;496;502;506;513;566;605;806;809;810
95,20;21;33;34;38;88;89;91;103;106;111;120;156;157;164;173;174;175;182;184;201;203;205;213;214;225;231;241;263;269;317;328;335;349;350;360;371;397;406;414;430;442;444;446;457;469;479;484;496;523;525;529;667;693;707;776;784;800;815
98,12;14;21;23;34;43;55;57;58;59;61;91;97;106;133;152;156;157;163;164;168;173;175;182;196;203;206;213;214;232;240;246;250;258;263;276;280;282;291;317;334;341;359;362;374;400;404;496;502;503;534;710
99,12;14;21;23;34;43;55;56;57;58;59;61;63;91;97;106;133;152;156;157;164;168;173;175;182;196;203;206;213;214;232;240;250;258;263;276;280;291;317;334;341;359;362;374;404;416;469;496;502;503;534;667;693;707;710
102,14;71;72;73;76;77;78;79;93;94;95;113;115;120;156;164;168;173;174;182;188;202;203;213;214;235;236;241;246;253;263;275;285;326;331;335;384;388;402;412;433;437;447;496;580;803
103,14;23;63;67;71;72;73;76;93;94;95;113;115;120;156;164;168;173;182;188;202;203;213;214;235;241;248;253;263;285;326;331;345;347;384;388;402;412;416;427;428;433;437;447;452;473;496;523;580;707;797;803;805
104,5;7;9;14;24;25;29;34;37;38;39;43;45;53;58;59;67;89;91;103;116;126;129;130;155;156;157;164;168;173;174;182;187;189;195;196;197;198;201;203;206;213;214;231;241;246;253;263;280;283;317;334;374;414;442;446;496;514;523;693;707;815
105,5;7;9;14;25;29;34;37;38;39;45;53;58;59;63;67;89;91;103;116;126;129;155;156;157;164;168;173;182;189;196;198;200;201;203;206;213;214;231;241;253;263;280;283;317;334;374;411;414;416;442;444;446;496;514;523;675;693;707;815
106,5;24;25;33;34;67;89;116;118;129;136;156;157;164;168;170;173;179;182;203;213;214;240;241;252;253;263;270;276;279;280;299;317;339;340;364;370;374;396;398;411;444;469;490;496;514;523;526;675;707;811
107,5;7;8;9;25;33;34;67;68;89;97;116;118;129;156;157;164;168;173;182;183;197;203;213;214;240;241;252;253;263;264;270;279;280;317;339;364;370;374;396;409;410;411;418;444;490;496;501;514;523;526;612;675;811
108,5;7;8;9;14;21;23;25;34;35;37;48;50;53;56;57;58;59;63;76;85;87;89;91;103;111;122;126;133;156;157;164;168;173;174;182;187;196;201;203;205;213;214;231;240;241;247;250;263;270;280;282;317;330;359;374;416;428;438;496;514;523;526;562;693;707;776;798;805
109,33;53;60;85;87;92;103;108;114;120;123;124;126;139;153;156;164;168;173;174;180;182;188;194;203;213;214;220;240;241;247;253;254;255;256;261;262;263;269;288;360;371;372;390;399;474;482;496;499;562;599;810
110,33;53;63;85;87;92;103;108;114;120;123;124;126;139;153;156;164;168;173;182;188;194;203;213;214;240;241;247;253;257;261;262;263;269;360;371;372;390;399;416;458;474;482;496;499;562;599;810
111,14;23;30;32;33;34;36;39;53;58;59;68;85;87;89;91;126;130;156;157;164;168;173;174;179;182;184;196;201;203;213;214;224;231;240;241;242;253;263;276;317;341;350;368;371;397;398;406;407;414;422;423;424;444;446;470;479;496;523;529;667;684;707;815
112,5;6;7;8;9;14;23;25;30;32;33;34;36;39;53;56;57;58;59;63;85;87;89;91;126;156;157;164;168;173;179;182;184;196;200;201;203;213;214;224;231;240;241;242;250;253;263;270;276;280;317;334;341;350;359;371;374;398;406;411;414;416;419;421;422;423;424;444;446;479;484;496;523;529;535;667;684;693;707;776;784;800;815
113,1;5;7;8;9;25;34;36;38;39;47;53;58;59;63;69;76;85;86;87;89;94;107;111;113;118;126;135;156;157;161;164;173;182;186;196;201;203;204;213;214;217;219;231;240;241;247;253;258;263;270;280;285;304;312;317;343;347;356;361;374;383;387;409;416;428;446;447;496;497;500;502;505;514;523;526;528;574;605;707;791
114,14;20;21;22;34;63;71;72;73;74;76;77;78;79;93;115;133;156;164;168;173;175;182;188;202;203;213;214;241;246;263;267;275;282;283;321;331;384;402;412;416;437;438;447;476;496;580;803
115,1;5;7;8;9;23;25;29;34;38;39;44;45;50;53;56;57;58;59;63;67;68;76;85;87;89;91;116;126;156;157;164;168;173;179;182;196;200;201;203;213;214;219;231;240;241;242;247;250;251;252;253;258;263;270;280;283;317;359;372;374;387;389;409;411;416;419;421;458;496;509;514;523;526;805
116,43;50;55;56;57;58;59;61;62;97;108;116;127;129;150;156;164;173;175;182;190;196;200;203;213;214;225;239;240;250;258;263;291;330;340;349;352;362;406;430;496;499;503;673;710;799;812
117,43;55;56;57;58;59;61;63;97;108;116;127;129;156;164;173;182;196;200;203;213;214;225;239;240;250;258;263;291;330;340;349;362;406;416;430;496;503;673;710;799;812
118,14;30;32;34;39;48;56;57;58;59;60;64;97;114;127;129;156;164;173;175;182;189;196;203;213;214;224;240;250;258;263;291;330;340;341;352;367;392;398;401;487;496;503;529;675;684;799;812
119,14;30;32;34;39;48;56;57;58;59;63;64;97;127;129;156;164;173;175;182;196;203;213;214;224;240;250;258;263;291;330;340;341;352;392;398;416;487;496;503;529;675;684;799;812
120,33;55;56;57;58;59;60;85;86;87;94;105;106;107;109;113;115;127;129;156;161;164;173;182;196;203;214;229;240;250;258;263;291;322;360;362;408;430;496;503;605;812
121,33;55;56;57;58;59;60;63;85;86;87;94;97;105;106;107;109;113;115;127;129;156;161;164;173;182;196;203;214;229;240;250;258;263;271;285;291;322;360;362;408;416;419;427;430;433;447;472;473;496;502;503;605;797;800;812
122,1;5;7;8;9;25;34;60;63;76;85;86;87;93;94;95;102;109;113;115;118;156;164;168;173;182;196;203;204;213;214;219;226;227;240;241;247;248;252;253;263;269;270;271;272;278;280;285;298;321;334;345;347;371;374;383;384;385;389;409;411;412;416;417;428;433;447;469;471;472;473;478;492;496;500;501;502;581;595;605;678;797
123,14;17;43;63;68;97;98;104;113;116;129;156;163;164;168;173;179;182;203;206;210;211;213;214;219;226;240;241;263;280;364;369;372;400;403;404;405;416;427;432;440;458;496;501;512;673;693;814
124,1;5;8;25;34;47;58;59;63;93;94;113;115;118;122;142;156;164;168;173;181;182;186;195;196;203;204;212;213;214;227;240;247;248;253;258;263;269;270;271;280;285;304;313;333;343;347;371;374;383;409;411;412;416;417;419;427;428;433;447;472;473;478;496;500;502;577;678;797;813
125,5;7;8;9;25;34;43;63;67;84;85;86;87;94;98;103;113;129;156;164;168;173;182;203;213;214;231;240;253;263;268;270;280;351;374;411;416;435;486;490;496;521;527;528;804
126,5;7;9;25;34;43;52;53;63;67;83;94;103;108;109;116;123;126;156;164;168;172;173;182;184;203;213;214;231;241;253;257;261;263;270;280;315;374;384;394;411;416;436;490;496;499;807;815
127,11;12;14;20;31;34;37;63;66;69;70;89;91;98;106;116;156;157;164;168;173;175;179;182;203;206;213;214;233;240;241;263;270;276;279;280;317;334;339;364;370;374;404;411;416;444;446;450;458;480;496;523;667;675;693
128,30;33;34;36;37;38;39;53;57;58;59;63;76;85;87;89;126;156;157;164;173;179;182;184;196;200;201;203;207;213;214;224;231;240;241;250;253;263;270;279;317;370;371;372;416;428;442;444;496;514;523;526;528;667;675;684;707;808
129,33;56;150;175;340
130,33;34;37;43;44;53;56;57;58;59;63;85;86;87;89;126;127;150;156;164;173;175;182;184;196;200;201;203;213;214;231;239;240;242;250;253;258;263;269;291;330;340;349;362;371;399;401;406;416;419;423;438;442;444;496;503;523;542;693;799;808
131,32;34;45;47;54;55;56;57;58;59;63;85;87;90;94;109;127;156;164;173;174;182;195;196;200;203;204;213;214;219;224;231;240;246;248;250;258;263;270;291;304;311;321;329;349;352;362;406;416;419;420;428;442;496;523;529;573;664;684;710;776;791
132,144
133,6;24;28;33;34;36;38;39;44;45;91;98;116;129;156;164;173;174;175;182;189;197;203;204;213;214;226;231;240;241;247;263;270;273;281;304;311;313;321;343;383;387;496;500;514;526;608
134,6;28;33;34;36;38;39;44;45;55;56;57;58;59;62;63;91;98;114;116;127;129;151;156;164;173;182;196;203;204;213;214;226;231;240;241;247;250;258;263;270;291;304;311;313;330;343;352;362;383;387;392;416;496;500;503;514;526;608;710;812
135,6;24;28;33;34;36;38;39;42;44;45;63;84;85;86;87;91;97;98;113;116;129;156;164;173;182;203;204;213;214;226;231;240;241;247;263;270;304;311;313;343;383;387;416;422;435;486;496;500;514;521;526;528;608;804
136,6;28;33;34;36;38;39;44;45;52;53;63;83;91;98;116;123;126;129;156;164;173;182;184;203;204;213;214;226;231;240;241;247;257;261;263;270;276;304;311;313;315;343;383;387;394;416;424;436;496;500;514;526;595;608;807;815
137,33;58;59;60;63;76;84;85;86;87;94;97;105;129;156;160;161;164;168;173;176;182;192;196;199;203;214;231;240;241;247;263;271;277;278;384;385;393;416;428;433;435;472;473;492;496;502;527;598;683
138,20;21;28;34;43;44;48;55;56;57;58;59;61;62;110;114;127;156;157;164;168;173;182;191;196;201;203;205;213;214;240;246;250;258;263;282;291;317;321;330;334;341;350;352;360;362;390;414;446;496;503;504;513;800
139,20;28;34;42;43;55;56;57;58;59;63;110;127;156;157;164;168;173;182;191;196;201;203;205;213;214;240;242;246;250;258;263;291;317;330;334;341;350;360;362;390;414;416;444;446;496;503;504;710;800
140,10;28;34;36;43;56;57;58;59;61;62;71;72;91;103;106;109;127;141;156;157;164;168;173;175;182;196;201;202;203;213;214;229;240;246;250;258;263;282;317;319;334;341;350;362;414;444;446;453;496;503;710;800
141,10;14;25;28;34;43;56;57;58;59;63;67;71;91;103;106;127;141;156;157;163;164;168;173;182;196;201;202;203;213;214;240;246;250;258;263;276;280;291;317;319;334;341;350;362;364;400;404;414;416;427;440;444;446;453;496;503;534;710;800;812
142,17;18;19;36;44;46;48;53;63;89;97;126;129;156;157;164;168;173;174;182;184;201;203;211;213;214;225;231;240;241;242;246;257;263;269;317;337;349;350;355;366;371;372;406;414;416;422;423;424;442;444;446;469;496;523;542;693;706;800;814
143,5;6;7;8;9;25;33;34;38;44;53;56;57;58;59;63;68;76;85;87;89;90;94;103;111;118;120;122;126;133;156;157;164;173;174;175;182;187;196;200;201;203;204;213;214;227;240;241;242;247;250;253;254;256;263;276;278;280;281;304;317;335;343;359;374;380;387;402;411;416;428;441;442;484;496;514;523;526;528;535;562;663;667;707;776;798;805
144,16;19;54;58;59;63;97;115;129;156;164;170;173;181;182;196;201;203;211;214;240;241;246;258;263;311;329;333;355;366;369;403;413;416;419;420;496;542;573;813;814
145,19;63;64;65;84;85;86;87;97;113;129;156;164;173;182;192;197;201;203;211;214;226;240;241;246;257;258;263;268;311;355;365;369;413;416;435;496;521;528;542;598;602;804;814
146,16;17;19;43;52;53;63;76;83;97;126;129;143;156;164;173;182;201;203;211;214;219;240;241;246;257;261;263;311;315;355;369;394;403;413;416;496;510;542;595;682;807;814;815
147,21;34;35;43;48;53;54;56;57;58;59;63;83;85;86;87;97;113;126;127;129;156;164;173;182;196;200;203;213;214;219;225;231;239;240;241;245;250;258;263;349;352;401;406;407;416;434;453;496;525;693;784;799
148,21;34;35;43;53;56;57;58;59;63;83;85;86;87;97;113;126;127;129;156;164;173;182;196;200;203;213;214;219;231;239;240;241;250;258;263;349;401;406;407;416;434;496;525;693;784;799
149,5;7;8;9;17;19;21;25;34;35;43;53;56;57;58;59;63;83;85;86;87;89;97;113;126;127;129;156;157;164;173;182;196;200;201;203;211;213;214;219;231;239;240;241;245;250;257;258;263;276;280;291;317;337;349;355;374;401;403;406;407;411;416;434;442;444;496;523;525;542;693;776;784;799;814
150,5;6;7;8;9;25;34;50;53;54;58;59;63;67;76;85;86;87;89;93;94;97;105;113;115;118;120;126;129;133;156;157;161;164;173;182;196;201;203;214;219;231;240;241;246;247;248;258;261;263;269;271;280;285;291;317;339;347;374;384;385;396;398;409;411;412;416;417;419;427;428;433;444;447;472;473;478;486;490;492;496;500;502;523;540;542;673;678;683;693;791;797
151,1;5;6;7;8;9;14;19;25;34;42;53;56;57;58;59;63;67;76;83;85;86;87;89;91;94;97;103;113;115;116;118;120;126;127;129;133;141;144;156;157;161;164;168;173;179;182;184;188;191;196;200;201;202;203;204;206;211;213;214;219;224;226;227;231;240;241;242;246;247;248;250;251;253;257;258;261;263;269;270;271;276;279;280;285;286;291;299;304;311;313;315;317;322;328;330;331;333;334;337;339;340;341;345;347;348;349;350;360;362;369;370;371;372;374;384;385;390;394;396;398;399;402;403;404;405;406;408;409;411;412;413;414;416;417;419;421;422;423;424;427;428;430;433;437;438;440;441;442;444;446;447;472;473;474;478;482;484;486;490;492;496;500;502;503;506;512;513;514;521;523;526;527;528;529;534;535;541;542;555;566;577;580;581;583;595;598;599;604;605;663;667;669;675;676;678;683;684;693;706;707;710;776;784;791;797;798;799;800;802;803;804;805;806;807;808;809;810;811;812;813;814;815
163,17;18;19;33;36;45;48;64;93;94;95;97;101;103;115;129;133;138;156;164;168;173;182;203;211;213;214;240;241;247;253;257;263;286;297;304;326;347;355;375;403;417;428;432;496;497;500;526;542;585;814
164,19;33;36;45;63;64;93;94;95;97;103;115;129;133;138;143;156;164;168;173;182;203;211;213;214;240;241;247;248;253;257;263;286;304;326;347;355;375;403;416;417;428;496;497;500;526;542;585;814
169,19;44;48;63;71;92;97;103;109;114;129;141;156;164;168;173;182;188;202;203;211;212;213;214;240;241;242;247;253;257;263;269;305;310;314;366;369;371;372;399;403;404;413;416;417;428;440;474;496;501;506;512;542;599;814
170,36;48;54;55;56;57;58;59;60;61;85;86;87;97;103;109;127;133;156;164;173;175;182;196;203;209;213;214;240;250;258;263;268;291;340;352;362;392;435;486;487;496;503;521;528;605;804
171,36;48;55;56;57;58;59;61;63;85;86;87;97;103;109;127;133;156;164;173;175;182;196;203;209;213;214;240;250;254;255;256;258;263;268;291;340;362;392;416;435;486;496;503;521;528;598;605;804
172,5;9;25;34;39;57;84;85;86;87;113;115;129;156;164;173;175;179;182;186;203;204;213;214;217;227;231;240;252;253;263;268;270;273;321;374;417;447;496;521;527;528;574;583;589;604;609
173,1;5;25;34;47;53;76;86;91;94;113;115;118;126;133;150;156;164;173;182;186;196;203;204;213;214;217;219;227;231;240;241;247;253;263;270;271;273;304;312;313;321;345;374;383;428;447;472;473;496;500;505;526;574;577;581;583
174,1;5;25;34;47;50;53;76;86;91;94;103;111;113;115;126;156;164;173;182;186;195;196;203;204;205;213;214;217;219;240;241;247;253;263;270;273;304;313;340;343;356;374;383;387;447;496;505;526;528;574;577;581;583
175,1;5;25;34;38;45;53;64;76;86;94;113;115;118;126;129;156;161;164;173;182;186;203;204;213;214;217;219;226;227;234;240;241;246;247;248;253;263;266;270;271;273;281;304;326;332;374;375;387;417;428;447;473;495;496;500;526;577;583;595;605;791
176,1;5;19;25;34;38;45;53;63;76;86;94;113;115;118;126;129;156;161;164;173;182;186;203;204;211;213;214;219;226;227;240;241;246;247;248;253;257;263;266;270;271;273;280;281;286;304;345;374;387;409;416;417;428;447;473;495;496;500;514;526;577;583;584;595;605;684;791;814
177,43;64;65;76;86;94;98;100;101;109;113;115;129;156;164;168;173;182;202;203;211;213;214;226;240;241;247;248;257;263;271;273;285;286;297;322;347;355;369;375;384;385;389;403;428;433;447;473;478;493;496;500;502;605;797;814
178,19;43;63;64;76;86;94;100;101;109;113;115;129;156;164;168;173;182;202;203;211;213;214;226;240;241;247;248;257;263;271;273;285;286;322;347;366;369;375;384;385;403;416;428;433;447;473;478;492;496;500;502;605;797;814
182,14;51;63;71;72;74;76;77;78;79;80;92;156;164;173;182;188;202;203;204;213;214;219;226;230;236;241;253;263;270;331;345;348;374;402;409;412;416;437;447;474;483;496;572;580;583;585;605;803
183,5;8;21;25;33;34;38;39;47;48;55;56;57;58;59;61;91;111;113;127;129;133;156;164;173;182;187;195;196;203;204;205;213;214;217;227;231;240;248;250;253;258;263;270;276;280;291;304;313;321;330;340;341;374;383;392;401;447;453;487;496;503;526;577;581;583;693;798;802
184,5;8;21;25;33;34;38;39;55;56;57;58;59;61;63;91;111;113;127;129;133;156;164;173;182;196;203;204;205;213;214;227;231;240;248;250;253;258;263;270;276;280;291;304;313;330;340;341;374;392;401;411;416;447;496;503;523;526;577;581;583;693;710;798;802
185,5;7;8;9;21;25;29;34;38;67;68;88;89;91;102;106;111;120;156;157;164;168;173;174;175;182;201;203;205;213;214;241;253;263;269;270;280;313;317;328;334;335;347;350;359;374;383;389;397;414;444;446;452;457;492;496;523;707;715;776;800
186,1;5;8;25;34;38;55;56;57;58;59;61;63;89;91;94;95;103;118;127;156;164;168;173;182;187;195;196;203;207;213;214;227;240;250;253;258;263;270;280;291;304;311;330;340;341;371;374;411;414;416;496;503;523;710
194,8;21;24;34;39;54;55;56;57;58;59;68;89;91;92;105;114;127;133;156;164;173;174;182;188;196;201;203;213;214;219;227;231;240;246;250;254;255;256;258;263;281;291;330;341;385;401;414;482;491;495;496;503;523;598;612;707
195,5;8;21;25;34;39;54;55;56;57;58;59;63;89;91;92;114;127;133;156;157;164;168;173;182;188;196;201;203;213;214;219;227;231;240;250;258;263;280;281;291;317;330;341;374;385;401;411;414;416;444;482;496;503;523;598;667;707;710
196,6;28;33;34;36;38;39;44;45;60;63;91;93;94;98;113;115;116;129;156;164;173;182;203;204;213;214;226;231;234;240;241;244;247;248;263;270;271;285;304;311;313;343;347;383;384;387;416;428;433;447;473;478;496;500;502;514;526;605;608;706;797
197,6;28;33;34;36;38;39;44;45;63;91;94;98;103;109;116;129;156;164;168;173;182;203;204;212;213;214;226;231;236;240;241;242;247;263;269;270;304;311;313;343;371;372;383;385;387;399;416;472;492;496;500;514;526;555;608;675;808
199,5;6;8;25;29;33;34;45;50;53;55;56;57;58;59;63;86;89;91;93;94;113;126;129;133;156;161;164;173;174;182;196;203;207;213;214;219;231;240;241;244;247;248;250;258;263;271;280;281;285;286;291;303;311;330;334;341;347;352;362;374;408;409;411;416;417;419;428;433;447;472;473;492;496;500;503;505;523;534;678;710;797
202,68;133;150;194;204;219;227;243
206,29;34;36;38;44;53;58;59;76;85;86;87;89;91;97;103;111;126;133;137;156;157;164;168;173;174;175;182;189;203;205;213;214;226;231;240;241;246;247;263;270;277;281;283;310;317;347;355;360;387;398;401;403;407;428;446;489;496;500;506;514;523;528;529;707;799;805;806;814
208,20;21;33;34;38;63;88;89;91;103;106;120;156;157;164;173;174;182;184;201;203;213;214;225;231;241;242;263;269;317;328;334;349;350;360;371;393;397;399;406;414;416;422;423;424;430;442;444;446;475;479;484;496;523;529;667;693;706;707;776;784;796;798;800;815
211,14;33;36;40;42;48;55;56;57;58;59;61;86;92;106;107;114;120;127;129;156;164;173;175;179;182;184;188;191;194;196;203;213;214;240;247;250;254;255;258;263;269;279;291;310;340;352;360;362;367;371;372;390;398;401;453;474;482;491;496;503;506;565;599;675;710;798;799
212,14;17;43;63;97;98;104;113;116;129;156;163;164;168;173;179;182;201;203;206;210;211;213;214;219;226;232;240;241;263;276;280;328;334;369;372;374;403;404;405;416;418;427;430;440;442;458;474;496;512;673;693;796;814
213,34;35;51;88;89;91;92;110;111;156;157;164;173;179;182;188;201;203;205;213;214;219;227;230;241;263;270;282;317;328;334;341;343;350;360;367;379;380;414;444;446;450;470;471;474;482;496;504;515;522;523;564;611;798;800;806
214,14;30;31;33;34;36;37;38;42;43;63;67;68;69;89;91;106;156;157;164;168;173;175;179;182;191;203;206;213;214;224;240;241;263;270;279;280;317;331;332;334;339;350;364;370;372;374;400;411;416;421;444;474;496;514;523;526;667;675;684;693;811
215,5;8;10;14;25;43;44;57;58;59;67;68;91;97;98;103;115;129;154;156;163;164;168;173;180;182;196;203;206;213;214;231;232;240;241;247;250;251;252;258;263;269;280;313;347;364;371;374;398;399;404;419;420;421;427;458;468;490;492;496;514;555;556;675;808;813
220,33;34;36;38;44;54;58;59;89;90;91;113;115;133;156;157;164;173;174;175;181;182;184;189;196;201;203;213;214;240;246;258;263;276;317;328;333;341;414;419;420;446;496;523;556;573
221,33;34;36;37;54;58;59;63;89;91;113;115;133;156;157;164;173;175;181;182;184;189;196;201;203;213;214;240;246;258;263;276;317;328;333;341;414;416;419;420;423;444;446;496;523;667;707
222,33;34;54;55;56;57;58;59;61;89;91;94;103;105;106;109;113;115;120;133;156;157;164;173;174;175;182;196;201;203;213;214;219;240;241;243;246;247;250;258;263;267;317;333;334;347;350;352;362;392;408;414;444;446;457;496;503;523;675;707;710;791;800
223,48;53;55;56;57;58;59;60;61;62;63;86;94;103;114;116;126;127;129;156;164;168;173;175;182;190;196;199;203;213;214;240;241;250;263;270;291;323;331;340;341;350;352;362;372;402;441;487;491;496;503
224,35;53;55;56;57;58;59;60;61;62;63;86;94;103;116;126;127;129;156;164;168;173;182;188;190;196;199;203;213;214;240;241;250;263;270;291;331;340;341;350;352;362;371;372;402;412;416;430;441;482;487;496;503;710;806
225,5;8;19;25;34;58;59;62;65;68;97;98;129;150;156;164;168;173;182;191;194;196;203;211;213;214;217;226;229;240;248;252;258;262;263;270;280;311;333;340;372;374;402;413;419;420;441;496;529;573;693;694;813;814
226,17;21;29;33;34;36;48;55;56;57;58;59;60;61;63;89;97;109;114;127;129;133;150;156;157;164;173;182;196;203;213;214;239;240;243;250;258;263;270;291;317;331;340;350;352;355;362;366;372;392;402;403;416;441;442;469;496;503;512;523;542;710;776;814
227,14;17;18;19;28;31;43;64;65;97;129;143;156;157;163;164;168;173;174;182;191;196;201;203;211;213;214;232;241;263;269;314;317;319;328;334;355;364;371;372;385;399;400;403;404;413;430;442;446;475;496;776;796;814
230,34;43;55;56;57;58;59;61;63;97;108;116;127;129;156;164;173;182;196;200;203;213;214;225;239;240;250;258;263;281;291;330;340;349;362;406;416;430;434;442;496;503;542;673;710;784;799;812
233,33;58;59;60;63;76;84;85;86;87;94;97;105;111;129;156;160;161;164;168;173;176;182;192;196;199;203;214;231;240;241;247;263;271;277;278;384;385;393;416;428;433;435;472;473;492;496;502;527;598;683
236,5;25;33;34;67;68;89;116;129;136;156;157;164;168;170;173;182;183;203;213;214;229;240;241;252;253;263;270;280;339;364;410;418;490;496;514;523;526
237,5;25;33;34;67;68;89;91;97;98;116;129;156;157;164;167;168;173;182;197;201;203;213;214;229;240;241;252;253;263;270;279;280;283;339;360;364;370;389;411;444;469;490;496;501;514;523;526;529;693;811;813
238,1;5;8;25;34;47;58;59;93;94;113;115;118;122;156;164;168;173;181;182;186;195;196;203;204;212;213;214;227;240;247;252;253;258;263;270;271;272;273;285;313;343;347;371;374;383;417;419;428;433;447;472;473;478;496;500;577
239,5;7;8;9;25;34;43;67;84;85;86;87;94;98;103;113;129;156;164;168;173;182;203;213;214;223;238;240;253;263;264;268;270;280;351;359;364;374;435;486;496;521;527;528
240,5;7;9;25;34;43;52;53;67;83;94;103;108;109;116;123;126;156;164;168;172;173;182;183;184;203;213;214;223;231;238;241;253;257;261;263;264;270;280;315;374;384;394;436;496;499;562
241,5;7;8;9;23;25;29;33;34;38;45;57;58;59;63;69;76;85;86;87;89;111;118;156;157;164;173;174;179;182;196;201;203;204;205;208;213;214;215;217;231;240;241;247;250;263;264;270;280;317;359;360;374;411;416;428;442;446;484;496;514;523;526;562;583;667;707;776;798
242,1;5;7;8;9;25;34;36;38;39;47;53;58;59;63;76;85;86;87;89;94;107;111;113;118;126;135;156;157;161;164;173;182;186;196;201;203;204;213;214;219;231;240;241;247;253;258;263;270;280;285;304;317;343;347;361;374;383;387;409;411;416;419;428;446;447;496;497;500;502;505;514;523;526;528;574;605;707;791
243,34;43;44;46;63;84;85;86;87;91;97;98;113;115;129;156;164;173;182;192;201;203;209;214;231;240;241;242;245;247;263;268;270;311;326;336;347;396;416;422;435;442;496;503;521;523;528;555;598;604;675;804
244,23;34;43;44;46;52;53;63;76;83;91;97;108;115;126;129;156;164;172;173;179;182;184;201;203;207;214;221;231;240;241;242;245;247;257;261;263;270;284;311;315;326;347;394;416;424;436;442;444;496;523;555;707;815
245,16;34;43;44;46;54;55;56;57;58;59;63;91;97;115;127;129;156;164;173;182;196;201;203;214;231;240;241;242;243;245;247;250;258;263;270;291;311;326;329;347;352;362;366;403;416;419;423;442;496;503;523;555;710
246,23;33;34;37;43;44;63;88;89;91;103;116;156;157;164;173;174;182;184;200;201;203;213;214;231;240;241;242;246;253;263;269;276;280;317;328;330;334;349;371;372;399;414;442;444;446;496;514;523;555;707
247,33;34;37;43;44;63;88;89;91;103;116;156;157;164;173;182;184;200;201;203;213;214;231;240;241;242;253;263;269;276;280;317;328;330;334;349;371;372;399;414;442;444;446;496;514;523;555;707
248,5;7;8;9;25;33;34;37;43;44;53;56;57;58;59;63;67;85;86;87;88;89;91;103;116;126;156;157;164;173;182;184;200;201;203;213;214;231;240;241;242;250;253;263;269;276;279;280;317;328;330;334;337;349;350;371;372;374;399;406;411;414;416;419;421;422;423;424;442;444;446;484;492;496;514;523;555;667;693;707;776;784;808
249,16;18;19;34;54;56;57;58;59;63;85;86;87;89;94;105;113;115;127;129;143;156;164;173;177;182;196;201;202;203;211;214;219;231;240;241;246;247;248;250;258;263;270;271;285;286;291;304;311;326;347;362;403;406;407;414;416;419;428;442;472;473;496;523;542;799;814
250,16;18;19;53;63;76;83;85;86;87;89;94;105;113;115;126;129;143;156;164;173;182;201;202;203;211;214;219;221;240;241;246;247;248;257;261;263;270;286;304;311;315;326;347;394;403;413;414;416;428;442;496;523;595;682;791;814;815
251,14;63;73;76;86;93;94;105;113;115;118;129;156;164;173;182;195;201;202;203;214;215;219;226;240;241;246;247;248;253;263;270;271;285;286;311;345;347;348;361;369;374;396;402;412;414;416;417;427;428;433;437;446;447;472;478;496;502;580;605;669;676;678;791;797;803;814
252,1;5;9;14;21;24;25;34;43;67;71;72;73;76;91;97;98;103;104;129;156;157;163;164;173;182;197;202;203;213;214;219;225;231;235;241;242;263;280;283;317;331;345;372;374;388;400;402;409;412;437;447;496;501;512;520;526;580;670;803
253,1;5;9;14;21;25;34;43;67;72;76;91;97;98;103;104;129;156;157;164;173;182;197;202;203;206;210;213;214;219;231;241;242;263;280;283;317;331;345;348;372;374;402;404;409;412;437;447;490;496;501;512;520;526;580;669;670;803
254,1;5;9;14;21;25;34;43;63;67;72;76;89;91;97;98;103;104;129;156;157;164;173;182;197;200;202;203;206;210;213;214;219;231;241;242;263;280;283;317;331;337;338;345;348;349;372;374;402;404;406;409;411;412;416;437;440;447;490;496;501;512;520;523;526;530;580;669;670;675;693;784;799;803
255,5;10;14;25;28;34;45;52;53;64;67;68;83;91;97;98;116;126;156;157;163;164;173;174;179;182;197;203;213;214;226;241;257;261;263;270;297;306;315;317;332;340;364;372;387;394;400;421;488;496;519;526
256,5;7;9;10;14;24;25;28;34;45;52;53;67;83;91;97;98;116;126;129;156;157;163;164;173;179;182;197;203;213;214;226;241;257;261;263;270;279;280;297;299;315;317;332;339;340;372;374;394;398;411;421;488;490;496;519;526;811
257,5;7;9;10;14;24;25;28;34;45;52;53;63;67;76;83;89;91;97;98;116;126;129;156;157;163;164;173;179;182;197;203;213;214;226;241;257;261;263;270;276;279;280;297;299;307;315;317;332;339;340;369;370;372;374;394;396;398;411;413;416;421;444;488;490;496;512;519;523;526;535;811;815
258,23;33;34;36;38;44;45;48;55;56;57;58;59;67;68;88;91;103;124;127;133;156;157;164;173;174;182;189;196;203;213;214;231;240;243;246;249;250;253;258;263;276;281;283;291;317;352;414;419;469;482;496;503;518;526
259,5;8;25;33;34;36;45;48;55;56;57;58;59;67;88;89;91;103;127;133;156;157;164;173;182;196;203;213;214;231;240;249;250;253;258;263;276;280;283;291;317;328;330;341;352;374;414;419;446;482;496;503;518;523;526
260,5;8;25;33;34;36;45;48;55;56;57;58;59;63;67;88;89;91;103;127;133;156;157;164;173;182;196;200;203;213;214;231;240;249;250;253;258;263;276;280;283;291;308;317;328;330;339;341;352;359;374;411;414;416;419;444;446;482;496;503;518;523;526;663;667;707;710;776;812
263,28;29;33;34;36;38;39;42;45;57;58;59;85;86;87;91;129;156;164;168;173;175;182;187;196;203;204;213;214;231;240;241;245;247;250;263;270;271;304;321;341;343;374;402;441;447;493;496;514;526;541;608
264,28;29;33;34;36;38;39;42;45;57;58;59;63;85;86;87;91;129;154;156;163;164;168;173;175;182;187;196;203;204;213;214;231;240;241;247;250;263;270;271;304;341;343;374;402;415;416;421;441;447;468;496;514;526;541;583;608;675;707
270,14;34;45;54;55;57;58;59;61;68;71;72;73;75;76;156;164;168;173;175;182;196;202;203;213;214;230;235;240;241;250;253;258;263;267;298;310;321;331;402;412;428;447;496;503;803
271,5;7;8;9;14;25;34;45;54;55;56;57;58;59;61;71;72;76;127;154;156;164;168;173;175;182;196;202;203;213;214;227;240;241;250;252;253;258;263;267;280;282;291;298;304;310;330;331;341;374;402;409;412;428;447;496;503;803
272,5;7;8;9;14;25;34;45;54;55;56;57;58;59;61;63;71;72;76;118;127;133;154;156;164;168;173;175;182;196;202;203;213;214;227;240;241;250;252;253;258;263;267;280;282;291;298;304;310;311;330;331;341;374;402;409;411;412;416;428;437;447;496;503;803
273,14;33;34;36;71;72;73;74;76;91;98;106;120;133;153;156;164;173;182;202;203;205;206;213;214;235;241;247;251;263;267;310;331;371;384;388;389;400;402;412;417;432;447;492;496;514;580;803
274,14;25;33;34;63;67;71;72;74;75;76;91;106;120;129;133;153;156;157;164;168;173;182;202;203;205;206;207;213;214;235;241;247;251;252;259;263;267;280;310;314;317;326;331;348;371;372;374;384;389;399;402;412;417;447;490;492;496;514;555;580;669;803;808
275,14;18;25;33;34;63;67;71;72;74;75;76;91;103;106;120;129;133;153;156;157;164;168;173;182;196;202;203;205;206;207;213;214;235;241;247;251;252;257;259;263;267;279;280;310;314;317;326;331;340;348;371;372;374;384;389;399;402;403;404;411;412;416;417;437;447;490;492;496;514;536;542;555;580;669;675;693;803;808
278,16;17;19;45;48;54;55;58;59;97;98;129;156;164;168;173;182;196;203;211;213;214;239;240;253;258;263;282;314;332;352;355;362;369;392;403;469;487;496;503;542;710;814
279,17;19;45;48;54;55;56;57;58;59;63;97;98;129;156;164;168;173;182;196;203;211;213;214;240;250;253;254;255;256;258;263;311;352;355;362;366;369;371;374;402;403;413;416;441;487;496;503;542;710;814
280,5;7;8;9;25;34;45;50;60;85;86;93;94;95;100;104;109;113;115;129;138;156;164;168;173;182;194;196;203;204;212;213;214;219;227;240;241;247;248;261;262;263;269;270;271;282;285;286;288;304;345;347;374;425;428;433;447;472;473;478;496;500;502;505;574;577;581;605;791;797
281,5;7;8;9;25;34;45;60;85;86;93;94;95;100;104;113;115;129;138;156;164;168;173;182;196;203;204;213;214;219;227;240;241;247;248;261;263;269;270;271;285;286;304;345;347;374;428;433;447;472;473;478;496;500;502;505;574;577;581;605;791;797;813
282,5;7;8;9;25;34;45;60;63;85;86;93;94;95;100;104;113;115;129;138;156;164;168;173;182;196;203;204;213;214;219;227;240;241;247;248;261;263;269;270;271;273;285;286;304;345;347;361;374;384;385;411;412;416;428;433;447;472;473;478;496;500;502;505;574;577;581;585;595;605;678;791;797;802;813
290,10;16;28;71;76;91;106;141;154;156;164;170;173;175;182;189;201;202;203;206;214;232;241;247;263;400;404;405;450;496;515;806
291,10;14;28;63;71;76;91;97;103;104;106;129;141;154;156;163;164;168;170;173;182;189;201;202;203;206;210;214;226;232;241;247;253;263;332;369;403;404;405;416;450;496;512;806;814
292,10;28;63;71;76;91;97;106;109;141;154;156;164;168;170;173;180;182;189;201;202;203;206;214;232;241;247;261;263;271;288;404;405;416;421;425;496;502;506;566;806;809
293,1;5;7;8;9;18;23;25;34;36;46;48;53;58;59;76;103;108;126;156;164;173;182;196;203;213;214;240;241;247;253;263;283;304;310;313;326;336;359;374;428;496;497;509;514;526;574
294,1;5;7;8;9;23;25;34;44;46;48;53;58;59;67;76;89;103;126;156;157;164;173;182;196;203;213;214;240;241;247;253;263;269;280;304;310;313;315;317;336;374;428;496;497;514;523;526;707
295,1;5;7;8;9;23;25;34;44;46;48;53;56;57;58;59;63;67;76;89;103;126;156;157;164;173;182;196;200;203;213;214;240;241;242;247;250;253;263;269;280;304;310;313;315;317;336;374;411;416;419;422;423;424;428;496;497;514;523;526;586;707;805
298,21;34;39;47;48;55;57;58;59;61;113;127;150;156;164;173;182;187;195;196;203;204;213;214;217;227;231;240;250;253;258;263;270;304;313;321;330;340;341;383;453;487;496;503;526;577;693
302,5;7;8;9;10;25;34;43;50;67;91;94;101;105;109;118;154;156;164;168;173;182;196;197;203;212;213;214;227;240;241;247;252;259;260;261;263;269;270;271;280;282;286;310;317;347;360;364;368;371;374;389;398;399;408;409;417;421;425;428;472;490;492;496;502;506;511;514;555;605;808;809
303,5;8;9;14;21;25;34;44;45;53;58;63;69;76;126;156;157;164;173;182;188;196;201;203;206;213;214;226;230;240;241;242;246;247;254;255;256;263;269;270;280;310;313;317;321;334;371;372;374;385;389;399;411;416;422;423;424;430;442;444;446;447;492;496;577;581;583;584;612;693;706;796
304,23;29;33;34;36;38;46;89;91;103;106;156;157;164;173;174;179;182;189;201;203;213;214;231;232;240;241;253;263;276;283;317;319;334;368;407;414;421;442;446;457;475;484;496;523;776;796;798
305,29;33;34;36;38;46;89;91;103;106;156;157;164;173;179;182;201;203;213;214;231;232;240;241;253;263;276;317;319;328;334;350;368;414;421;442;444;446;475;484;496;523;707;776;796;798
306,5;7;8;9;25;29;33;34;36;38;46;53;56;57;58;59;63;67;76;85;86;87;89;91;103;106;126;156;157;164;173;179;182;184;196;200;201;203;213;214;231;232;240;241;242;250;253;263;269;276;280;317;319;328;334;337;350;368;371;374;399;406;411;414;416;419;421;430;442;444;446;475;484;496;523;667;684;693;707;776;796;798;800
309,29;33;34;43;44;46;53;85;86;87;97;98;113;129;156;164;168;173;174;182;203;209;213;214;231;240;242;253;263;268;336;351;415;422;423;424;435;486;496;521;528;555;598;706;804
310,33;34;43;44;46;53;63;85;86;87;97;98;113;129;156;164;168;173;182;184;203;213;214;231;240;242;253;263;268;304;315;336;351;416;422;423;424;435;486;496;521;528;555;598;604;706;804
315,14;34;40;42;71;72;73;74;75;76;78;79;80;92;129;156;164;173;178;182;188;191;202;203;213;214;230;235;240;241;247;253;263;275;311;312;326;331;345;388;390;398;402;412;437;438;447;474;496;572;605;791;803
318,36;37;38;43;44;56;57;58;59;97;103;116;127;129;156;164;168;173;182;184;194;196;203;207;213;214;240;242;246;250;253;258;263;269;291;305;340;352;362;371;372;399;423;428;453;496;503;514;555;706;710;799;812
319,36;43;44;56;57;58;59;63;89;97;103;116;127;129;156;163;164;168;173;182;184;196;203;207;213;214;240;242;250;253;258;263;269;291;305;317;340;362;370;371;372;398;399;400;416;419;423;428;453;496;503;514;523;555;706;710;799;812
320,34;37;38;45;54;55;56;57;58;59;89;90;111;120;127;133;150;156;164;173;174;182;196;203;205;213;214;240;250;258;263;291;304;310;311;317;321;323;340;352;362;392;419;428;484;487;496;503;523;776;798
321,34;45;54;55;56;57;58;59;63;89;120;127;133;150;156;164;173;182;196;203;213;214;240;250;258;263;291;304;310;311;317;323;340;352;362;416;419;428;442;484;487;496;503;523;568;710;776;798
324,34;52;53;63;76;83;89;90;108;110;120;123;126;130;133;156;157;164;172;173;174;175;182;188;203;213;214;229;231;241;246;257;261;263;276;281;284;311;315;317;334;360;414;416;436;444;446;496;499;504;517;523;535;707;776;807;815
328,16;28;34;44;63;76;89;90;91;98;116;156;157;164;173;175;182;189;201;202;203;210;213;214;241;242;263;276;310;317;328;341;364;414;450;496;523;660;673;815
329,19;28;34;44;48;63;76;89;90;91;103;116;129;156;157;164;173;182;189;200;201;202;203;211;213;214;225;241;242;253;257;263;276;310;317;328;341;369;403;405;406;407;414;434;496;523;525;586;673;675;814;815
330,5;7;9;19;25;28;34;44;48;53;63;76;83;89;90;91;103;116;126;129;156;157;164;173;182;189;200;201;202;203;211;213;214;225;231;241;242;253;257;263;276;310;317;328;337;341;349;364;369;403;405;406;407;414;416;434;444;496;523;525;586;673;675;693;784;799;814;815
333,19;31;34;36;45;47;54;58;64;76;97;114;129;156;164;168;173;182;195;200;203;206;211;213;214;219;225;240;241;253;257;263;297;304;310;355;366;384;406;407;432;496;538;574;583;585;605;814
334,19;31;34;36;45;47;53;54;58;63;64;76;83;89;97;126;129;143;156;164;168;173;182;195;200;203;206;211;213;214;219;225;231;240;241;253;257;263;304;337;349;365;384;406;416;434;472;496;523;538;542;574;583;585;605;784;814
337,33;34;58;59;63;88;89;93;94;95;106;113;115;120;129;153;156;157;164;173;182;196;201;203;214;219;226;236;240;247;248;258;263;270;285;311;317;322;328;347;350;360;384;397;408;414;416;417;428;433;442;444;446;447;473;478;496;500;502;512;523;585;678;707;800
338,14;33;34;53;63;76;83;88;89;93;94;95;106;113;115;120;126;129;153;156;157;164;173;182;201;203;214;219;226;234;240;241;247;257;261;263;270;285;311;315;317;322;328;334;347;350;360;384;394;397;414;416;428;433;442;444;446;447;472;473;496;500;502;512;523;678;707;800
339,36;37;55;56;57;58;59;89;90;127;133;156;164;173;175;182;189;196;201;203;209;213;214;240;248;250;258;263;291;317;330;340;341;349;352;401;414;496;503;523
340,37;55;56;57;58;59;63;89;90;127;133;156;157;164;173;182;189;196;201;203;213;214;240;248;250;253;258;263;291;311;317;321;328;330;340;341;349;352;401;414;416;428;444;496;503;523;562;707;710
341,12;14;34;38;43;55;56;57;58;59;61;91;106;127;152;156;157;163;164;173;182;188;196;203;206;213;214;232;240;242;246;250;258;263;269;276;280;282;283;317;330;334;341;349;371;374;400;404;415;453;458;496;503;534
342,12;14;34;43;55;56;57;58;59;61;63;91;106;127;129;152;156;157;164;173;182;188;196;203;206;213;214;240;242;250;258;263;269;276;279;280;282;283;291;317;330;334;341;349;370;371;374;399;400;404;416;417;419;458;482;496;503;514;534;555;710;808
343,58;60;76;89;91;93;94;106;113;115;120;153;156;157;164;173;182;189;201;203;214;219;229;240;241;246;247;263;271;285;286;317;322;326;328;347;360;379;384;385;414;428;433;446;447;470;471;472;473;496;502;506;523;529;598;605;678;797;815
344,58;60;63;76;89;91;93;94;100;106;113;115;120;153;156;157;164;173;182;189;201;203;214;219;229;240;241;246;247;248;263;271;285;286;317;322;326;328;334;347;360;379;384;385;414;416;417;428;433;444;446;447;470;471;472;473;496;500;502;506;523;529;598;605;678;776;797;815
345,14;20;34;35;51;72;76;105;109;133;156;157;164;173;174;182;188;201;202;203;213;214;241;243;246;254;255;256;263;275;310;317;321;331;341;350;362;380;402;412;414;446;447;496;800
346,14;34;35;51;63;72;73;76;89;91;109;133;156;157;164;173;182;188;201;202;203;213;214;241;246;254;255;256;263;275;310;317;331;341;350;362;380;402;412;414;416;438;444;446;447;482;496;523;580;800
347,14;28;34;55;91;103;106;156;157;163;164;173;174;182;201;203;206;210;213;214;229;232;241;246;263;280;282;306;317;334;341;350;352;362;404;414;440;446;450;453;479;496;800
348,14;34;55;63;67;89;91;103;106;156;157;163;164;173;182;201;203;206;210;213;214;231;232;241;246;263;276;280;306;317;334;341;350;362;404;414;416;421;430;440;444;446;450;479;496;523;693;707;710;800
349,33;54;57;58;59;95;109;113;114;127;129;150;156;164;173;175;182;196;203;213;214;225;231;240;243;250;258;263;291;321;330;341;362;406;496;503;799
350,33;34;35;55;56;57;58;59;63;105;113;127;129;150;156;164;173;175;182;196;203;213;214;219;231;239;240;250;258;263;270;286;291;311;330;341;349;352;362;392;401;406;416;419;442;489;496;503;523;525;574;693;784;791;799;806;812;813
355,34;43;50;58;59;94;101;109;114;156;164;168;173;174;182;196;203;212;213;214;220;240;241;247;248;261;262;263;269;270;271;279;285;286;288;310;347;371;374;399;425;433;472;496;502;506;806;809
356,5;7;8;9;20;25;34;43;50;58;59;63;89;94;101;109;118;156;157;164;168;173;174;182;196;203;212;213;214;240;241;247;248;261;263;269;270;271;279;280;285;286;310;317;325;347;356;371;374;399;416;425;433;472;496;502;506;523;806;809
359,14;34;38;43;44;53;58;59;63;85;86;87;98;104;116;126;129;156;157;163;164;168;173;174;182;195;196;197;201;203;206;212;213;214;224;226;231;240;241;247;248;258;261;263;269;276;277;282;317;340;347;364;370;371;372;389;399;400;403;404;416;421;427;428;444;492;496;506;514;555;583;675;693
360,68;133;150;194;204;219;227;243
361,29;34;43;44;50;58;59;104;113;156;164;173;181;182;191;196;203;205;213;214;219;240;242;247;258;263;310;311;313;335;415;419;420;423;496;506;524;556
362,29;34;43;44;58;59;63;89;104;113;120;156;164;173;181;182;184;191;196;203;213;214;219;240;242;247;258;263;269;310;311;313;329;333;360;371;399;416;419;420;423;442;496;506;523;524;573;798
363,34;45;55;57;58;59;62;89;90;111;127;156;157;164;173;174;181;182;187;196;203;205;213;214;227;231;240;250;254;255;256;258;263;281;291;317;329;352;362;392;496;523;798
364,34;45;55;57;58;59;62;89;111;127;156;157;164;173;181;182;196;203;205;207;213;214;227;231;240;250;258;263;291;317;329;333;362;496;523;798
365,14;34;45;55;56;57;58;59;62;63;89;111;127;156;157;164;173;181;182;196;203;205;207;213;214;227;231;240;242;250;258;263;291;317;329;333;362;416;419;423;442;484;496;523;707;710;776;798
369,33;34;36;38;55;56;57;58;59;63;89;106;127;130;133;156;157;164;173;175;182;189;196;201;203;213;214;219;240;246;250;258;263;281;291;317;330;334;340;341;347;350;362;401;414;416;428;444;446;457;496;503;523;707;710;776;799;800
371,29;34;37;38;43;44;52;53;56;111;116;126;156;157;164;173;182;184;200;203;213;214;225;239;240;241;242;263;280;304;317;334;337;349;406;407;421;424;428;434;496
372,29;34;38;43;44;52;53;56;116;126;156;157;164;173;182;184;200;203;213;214;225;240;241;242;263;280;304;317;334;337;349;406;421;424;428;434;496
373,19;29;34;38;43;44;52;53;56;63;89;116;126;129;156;157;164;173;182;184;200;203;211;213;214;225;231;240;241;242;257;263;280;304;317;334;337;349;403;406;416;421;422;424;428;434;444;496;523;525;542;693;784;814
374,33;334;428;442;796
375,8;9;33;34;36;63;89;93;94;97;113;115;120;129;156;157;164;173;182;184;188;196;201;203;214;232;240;241;247;263;271;280;309;317;322;334;360;393;418;427;428;430;442;446;447;473;496;502;523;796;797;798;800
376,8;9;33;34;36;63;89;93;94;97;113;115;120;129;156;157;164;173;182;184;188;196;201;203;214;232;240;241;247;263;271;280;309;317;322;334;359;360;393;416;418;427;428;430;442;446;447;473;496;502;523;693;707;776;796;797;798;800
377,5;7;8;9;23;25;34;63;85;86;87;88;89;91;120;153;156;157;164;173;174;182;192;199;201;203;214;219;241;246;263;276;280;317;328;334;350;359;374;409;411;414;416;430;442;444;446;451;484;496;523;707;776;800
378,5;8;9;23;25;34;58;59;63;85;86;87;89;120;133;153;156;157;164;173;174;182;192;196;199;203;214;219;240;246;258;263;276;280;317;333;359;374;411;416;419;430;442;451;484;496;523;707
379,5;8;9;23;25;34;63;85;86;87;89;120;133;153;156;157;164;173;174;182;192;199;201;203;214;219;232;240;241;246;263;276;280;317;328;334;359;374;411;416;421;430;442;446;451;484;496;523;707;776;796;798;800
380,19;34;57;58;63;76;85;86;87;89;93;94;97;105;113;115;127;129;156;161;164;173;182;196;200;201;203;204;211;213;214;219;225;226;240;241;247;248;250;263;270;271;273;291;296;337;347;349;361;366;375;396;403;406;412;416;421;427;428;434;447;470;473;478;496;500;502;505;513;514;523;595;784;799;814
381,19;34;57;58;63;76;85;86;87;89;93;94;97;105;113;115;127;129;156;161;164;173;182;196;200;201;203;211;213;214;219;225;226;240;241;247;248;250;262;263;270;271;291;295;337;347;349;366;375;396;403;406;412;416;421;427;428;434;447;471;472;473;493;496;500;502;505;514;523;595;784;799;814
382,34;38;56;57;58;59;63;85;86;87;89;127;156;157;164;173;182;184;196;203;214;219;240;246;250;253;258;263;280;291;317;323;329;330;347;352;362;392;401;416;419;442;484;496;503;523;618;710
383,5;7;9;14;25;34;53;63;76;85;86;87;89;90;91;126;156;157;164;173;182;184;201;203;214;219;231;241;246;253;263;280;284;315;317;337;339;341;359;374;406;411;414;416;421;436;442;444;446;484;496;523;535;619;667;693;707;815
384,14;19;34;53;56;57;58;59;63;76;85;86;87;89;126;127;129;156;157;164;173;182;184;196;200;201;203;214;231;239;240;241;242;245;246;250;253;263;280;291;304;315;317;322;337;339;349;360;374;403;406;411;412;414;416;419;421;434;442;444;496;523;542;620;693;784;799;800
385,5;7;8;9;25;34;38;63;85;86;87;93;94;113;115;118;129;133;156;164;173;182;196;201;203;204;214;219;226;227;240;241;247;248;253;263;270;271;273;285;286;309;322;334;347;353;356;361;369;374;387;396;409;412;416;428;430;433;442;446;447;473;478;496;500;502;583;605;791;796;797;800
403,24;33;36;43;44;46;84;85;86;87;98;113;129;156;164;168;173;182;184;203;207;209;213;214;231;240;242;263;268;270;313;336;351;400;422;423;424;435;486;496;521;528;555;583;598;608;706;804
404,33;43;44;46;84;85;86;87;113;129;156;164;168;173;182;184;203;207;209;213;214;231;240;242;263;268;270;313;422;423;424;435;486;496;521;528;555;583;598;706;804
405,33;43;44;46;63;84;85;86;87;97;113;129;156;164;168;173;182;184;203;207;209;213;214;231;240;242;263;268;270;276;313;416;422;423;424;435;486;496;521;528;555;583;598;604;675;706;804
406,14;42;71;74;75;76;78;79;129;156;164;173;178;182;188;191;202;203;213;214;235;240;241;247;253;263;311;326;331;388;402;412;437;447;474;496;605;791;803
407,14;34;40;42;63;71;72;73;74;76;78;80;92;129;156;164;173;182;188;191;202;203;213;214;230;235;240;241;247;253;263;275;311;312;331;345;388;390;398;402;412;416;437;438;447;474;496;572;580;599;605;803
415,16;173;230;405;450;522;814
416,16;40;42;63;92;103;109;129;154;156;163;164;168;173;179;182;188;194;203;207;210;213;214;230;240;241;251;253;263;279;312;369;372;374;390;403;404;405;408;416;440;450;454;455;474;496;506;512;522;565;597;814
420,14;33;36;73;74;75;76;111;156;164;173;182;202;203;205;213;214;219;230;234;241;263;267;270;311;312;321;331;345;361;388;402;412;447;496;505;572;577;579;580;605;670;676;803
421,14;33;36;63;73;74;76;80;156;164;173;182;202;203;213;214;219;234;241;263;270;311;331;345;388;402;412;416;447;496;572;577;579;580;583;605;669;670;676;803
422,34;54;55;56;57;58;59;68;105;106;124;133;151;156;164;173;174;182;189;196;203;213;214;240;243;246;250;254;255;256;258;262;263;281;291;330;341;352;362;414;496;499;503;806
423,34;55;56;57;58;59;63;89;91;105;106;127;133;156;157;164;173;182;188;189;196;201;203;213;214;240;246;250;258;262;263;291;311;317;328;330;341;352;362;414;416;444;482;496;503;523;707;806
425,16;34;50;85;86;87;94;95;107;114;116;120;129;133;153;156;164;168;173;182;194;196;203;213;214;226;240;241;247;254;255;256;261;262;263;271;285;310;311;347;360;366;371;432;496;499;502;506;512;693
426,16;19;34;63;85;86;87;94;107;116;120;129;133;153;156;164;168;173;182;194;196;203;213;214;226;240;241;247;254;255;256;261;263;271;285;286;310;311;347;360;366;371;416;496;502;506;512;566;668;693
427,1;5;7;8;9;24;25;29;58;67;76;85;86;91;97;98;111;129;150;156;164;173;175;182;186;203;204;213;214;226;227;231;240;241;247;252;253;260;263;264;270;298;304;313;322;340;361;371;372;374;383;409;415;447;458;490;494;495;496;509;514;526;583;608;813
428,1;5;7;8;9;24;25;29;58;59;63;67;76;85;86;87;91;97;98;111;129;136;150;156;164;173;179;182;203;204;213;214;226;227;231;240;241;243;247;253;260;263;270;277;304;313;322;340;361;369;370;371;372;374;396;409;411;416;447;490;494;495;496;512;514;526;583;608;693;813
434,10;38;43;44;53;91;92;103;108;114;116;123;126;129;139;153;154;156;163;164;168;173;182;184;188;203;213;214;231;240;241;242;247;262;263;269;310;364;371;372;389;399;400;417;421;474;491;492;496;506;541;555;562;583;599;675;808;810
435,10;44;53;63;83;91;92;103;108;116;126;129;139;153;154;156;164;168;173;182;184;188;203;213;214;231;240;241;242;247;262;263;269;364;371;372;389;398;399;400;416;417;421;474;491;492;496;506;541;555;562;583;599;675;807;808;810
436,33;76;89;93;94;95;109;113;115;156;157;164;173;182;201;203;214;219;240;241;247;248;263;271;285;286;317;319;326;334;347;360;371;384;385;430;433;446;447;472;473;484;496;502;506;523;683;796;797;798
437,33;63;76;89;93;94;95;109;113;115;156;157;164;173;182;201;203;214;219;240;241;247;248;263;271;285;286;311;317;319;326;334;335;347;360;371;384;385;416;428;430;433;442;446;447;472;473;484;496;502;506;523;678;683;776;796;797;798;800
438,29;38;67;68;88;91;102;106;111;120;156;157;164;168;173;174;175;182;201;203;205;213;214;241;253;263;270;280;313;317;328;335;347;383;389;397;414;446;492;496;707;715
439,1;60;76;85;86;87;93;94;95;102;109;113;115;156;164;168;173;182;196;203;204;213;214;219;226;227;240;241;247;248;252;253;263;269;270;271;272;278;280;285;298;321;347;374;383;389;409;417;433;447;471;472;473;478;496;500;502;581;605;678
440,1;53;69;76;86;94;107;111;113;118;126;156;164;173;182;186;196;203;204;213;214;217;219;240;241;247;253;258;263;270;304;312;343;356;374;383;409;428;447;496;500;526;574
442,50;63;94;95;101;108;109;138;156;164;168;173;174;180;182;194;196;203;213;214;220;240;241;247;253;261;262;263;269;271;286;288;317;347;371;389;399;416;417;425;472;492;496;502;506;514;555;566;807;808;809
443,28;33;34;36;37;38;44;53;89;91;126;129;156;157;163;164;173;182;184;200;201;203;213;214;225;231;232;239;240;241;263;317;328;337;341;406;407;414;421;434;442;444;446;496;523;799;815
444,28;33;34;36;44;53;89;91;126;129;156;157;163;164;173;182;184;200;201;203;213;214;225;231;240;241;263;317;328;337;341;406;407;414;421;434;442;444;446;496;523;530;799;815
445,14;28;33;34;36;44;53;57;63;89;91;126;129;156;157;163;164;173;182;184;200;201;203;206;213;214;225;231;240;241;242;250;263;280;317;328;337;341;374;398;406;407;414;416;421;424;434;442;444;446;496;523;530;693;707;784;799;815
446,5;6;7;8;9;25;33;34;38;44;53;56;57;58;59;68;76;85;87;89;90;94;103;111;118;120;122;126;133;156;157;164;173;174;175;182;187;196;201;203;204;213;214;227;240;241;247;250;253;254;256;263;276;278;280;304;317;343;374;387;402;428;441;496;514;523;526;562;707
447,5;8;9;14;25;44;67;68;89;91;97;98;103;129;136;156;157;164;170;173;179;182;197;203;213;214;231;232;238;240;241;242;249;263;270;279;280;299;317;334;336;339;364;371;374;383;395;398;409;410;411;417;418;421;428;490;496;501;509;514;515;523;526;811
448,5;8;9;14;25;63;67;68;89;91;94;97;98;103;116;129;156;157;164;173;179;182;184;197;198;203;213;214;231;232;240;241;242;245;247;249;263;270;279;280;299;309;317;319;334;339;347;364;370;371;374;383;395;396;398;399;406;409;411;416;417;421;428;430;444;490;496;501;505;514;515;523;526;612;673;791;796;805;811
449,18;28;33;34;36;38;44;46;89;90;91;133;156;157;164;173;174;182;201;203;213;214;231;241;242;254;255;256;263;276;279;281;303;311;317;328;330;341;414;446;496;523;667;707;815
450,28;33;34;36;38;44;46;63;89;90;91;133;156;157;164;173;182;201;203;213;214;231;241;242;263;276;279;281;303;311;317;328;330;341;414;416;422;423;424;442;444;446;484;496;523;667;707;776;815
451,14;18;28;40;42;43;44;91;92;97;103;109;156;163;164;168;173;182;184;188;203;206;213;214;231;240;241;242;247;263;269;280;282;305;317;367;371;372;374;390;398;399;400;404;405;440;450;468;474;496;565;806
452,14;40;42;43;44;63;89;91;92;97;103;141;156;157;164;168;173;182;184;188;203;206;213;214;231;240;241;242;247;263;269;280;282;305;317;328;334;367;371;372;374;390;398;399;400;404;405;416;422;423;424;440;450;468;474;496;514;523;555;565;599;675;693;707;806;808
453,5;8;9;25;29;40;67;68;89;91;92;103;156;157;164;168;173;182;188;189;196;203;207;213;214;223;226;227;238;240;241;247;252;260;263;269;270;279;280;310;317;339;340;364;371;372;374;389;398;399;404;409;410;411;417;418;441;474;482;490;492;496;501;514;523;526;562;599;808;811
454,5;8;9;14;25;40;63;67;89;91;92;103;156;157;164;168;173;182;188;189;196;203;207;213;214;226;227;240;241;247;260;263;269;270;279;280;310;317;339;340;371;372;374;389;398;399;404;409;411;416;417;440;441;444;474;482;490;492;496;514;523;526;562;599;675;808;810;811
458,17;21;29;33;36;48;55;56;57;58;59;61;89;97;109;114;127;129;133;150;156;157;164;173;182;196;203;213;214;239;240;243;250;258;263;270;291;340;352;366;392;403;469;496;503;512;523
459,5;8;14;23;38;43;54;58;59;73;74;75;76;113;130;156;164;173;181;182;196;202;203;207;213;214;219;231;240;247;258;263;275;311;329;331;345;402;412;419;420;447;452;496;670;803
460,5;8;14;25;43;54;58;59;63;75;76;89;113;156;157;164;173;181;182;196;200;202;203;207;213;214;219;231;240;247;258;263;275;280;311;317;329;331;333;345;374;402;411;412;414;416;419;420;437;447;452;496;523;670;694;707;803
461,5;8;10;14;25;43;57;58;59;63;67;91;97;98;103;115;129;154;156;163;164;168;173;182;196;203;206;213;214;231;232;240;241;247;250;251;258;263;269;279;280;313;333;347;371;372;374;398;399;400;404;411;416;417;419;420;421;427;468;490;492;496;514;555;675;808;813
462,33;48;63;84;85;86;87;103;113;115;120;129;156;161;164;173;182;192;199;203;209;214;240;241;243;263;319;334;360;393;416;430;435;442;484;486;496;502;521;527;528;602;604;776;796;798;804
463,5;7;8;9;14;21;23;25;34;35;48;50;53;56;57;58;59;63;76;85;87;89;91;103;111;120;122;126;133;156;157;164;168;173;182;187;196;201;203;205;213;214;231;240;241;247;250;263;270;280;282;317;330;360;374;411;416;428;438;496;514;523;526;693;707;776;798;805
464,5;6;7;8;9;14;23;25;30;32;33;34;36;39;53;56;57;58;59;63;85;87;89;91;126;156;157;164;168;173;179;182;184;196;200;201;203;213;214;224;231;240;241;242;250;253;263;270;276;280;317;334;341;350;359;371;374;398;406;411;414;416;419;421;422;423;424;430;439;442;444;446;479;484;496;523;529;535;667;684;693;707;776;784;800;815
465,14;20;21;22;34;63;71;72;74;76;77;78;79;89;115;133;156;157;164;168;173;182;188;202;203;213;214;241;246;263;275;280;282;317;321;331;335;371;374;384;398;402;411;412;416;437;438;447;496;523;580;669;693;707;803
466,5;7;8;9;25;34;43;53;63;67;84;85;86;87;89;91;94;98;103;113;129;156;157;164;168;173;182;203;213;214;231;240;253;263;268;269;270;280;311;317;351;374;411;416;435;486;490;496;521;523;527;528;604;663;707;804
467,5;7;9;25;34;43;52;53;63;67;76;83;85;89;94;103;108;109;116;123;126;156;157;164;168;172;173;182;184;203;213;214;231;241;253;257;261;263;269;270;280;311;315;317;374;384;394;411;416;436;490;496;499;523;595;707;807;815
468,1;5;19;25;34;38;45;53;63;76;86;94;113;115;118;126;129;133;143;156;161;164;173;182;186;203;204;211;213;214;219;226;227;240;241;245;246;247;248;253;257;263;266;270;271;273;280;281;286;304;345;374;387;396;403;409;416;417;428;447;473;495;496;500;502;514;526;577;583;584;595;605;684;791;814
470,6;14;28;33;34;36;38;39;44;45;63;73;75;76;91;98;116;129;156;164;173;182;202;203;204;213;214;226;231;235;240;241;247;263;270;304;311;313;331;343;345;348;383;387;402;404;412;416;437;447;496;500;514;526;608;669;803
471,6;28;33;34;36;38;39;44;45;58;59;63;91;98;116;129;156;164;173;182;196;203;204;213;214;226;231;240;241;243;247;258;263;270;304;311;313;333;343;383;387;416;419;420;423;496;500;514;526;573;608;813
473,33;34;36;37;54;58;59;63;89;91;113;115;133;156;157;164;173;175;181;182;184;189;196;201;203;213;214;240;246;258;263;276;317;328;333;341;350;414;416;419;420;423;442;444;446;458;484;496;523;667;707;776
474,33;58;59;60;63;76;84;85;86;87;94;97;105;111;129;156;160;161;164;168;173;176;182;192;196;199;203;214;231;240;241;247;253;263;271;277;278;384;385;393;399;416;417;428;433;435;472;473;492;496;502;527;598;683
475,5;7;8;9;14;25;34;43;45;60;63;67;85;86;89;93;94;95;100;104;113;115;129;138;156;157;163;164;168;173;179;182;196;203;204;206;210;213;214;219;227;240;241;247;248;261;263;269;270;271;279;280;285;286;304;317;332;339;345;347;348;364;370;374;396;398;400;403;404;409;411;412;416;427;428;433;444;447;469;472;473;478;490;496;500;501;502;505;514;523;526;574;577;581;605;669;675;791;797;811;813
477,5;7;8;9;20;25;34;43;50;58;59;63;89;94;101;109;118;156;157;164;168;173;174;182;194;196;203;212;213;214;240;241;247;248;261;263;269;270;271;279;280;285;286;310;317;325;347;356;371;374;399;411;416;425;433;472;496;502;506;523;663;806;809
478,8;29;34;43;44;58;59;63;85;86;87;94;104;109;113;115;156;164;173;181;182;191;194;196;203;204;213;214;219;240;242;247;258;261;263;269;271;286;310;311;313;333;371;374;416;419;420;423;496;502;506;524;577;694;809;813
479,84;85;86;87;104;109;113;115;129;156;164;168;173;182;203;214;240;241;247;253;261;263;268;270;271;304;310;351;399;417;435;486;492;496;500;502;506;521;527;598;604;804;809
480,7;8;9;60;63;76;85;86;87;93;94;113;115;118;129;133;156;161;164;173;175;182;201;202;203;214;219;226;227;231;240;241;247;248;262;263;270;271;281;285;286;326;347;369;374;409;412;416;417;427;428;433;446;447;472;473;478;492;496;500;502;512;577;583;605;797
481,7;8;9;58;59;60;63;85;86;87;93;94;113;115;118;129;156;161;164;173;182;201;203;204;214;219;226;227;231;240;241;247;248;260;263;270;271;285;286;326;347;361;369;374;383;409;412;416;417;427;428;433;446;447;472;473;478;496;500;502;512;577;583;605;797
482,7;8;9;53;60;63;85;86;87;93;94;113;115;118;120;126;129;153;156;161;164;173;182;197;201;203;214;219;226;227;231;240;241;247;248;253;263;269;270;271;285;286;326;347;369;371;372;374;387;409;412;416;417;427;428;433;446;447;472;473;478;496;500;502;512;577;583;605;797
483,34;53;58;59;63;85;86;87;89;126;129;156;157;163;164;173;182;184;200;201;203;214;219;225;231;232;240;241;246;263;280;304;315;317;334;337;339;368;396;406;408;414;416;421;430;433;434;442;444;446;459;484;496;523;707;776;784;796;799
484,34;53;56;57;58;59;63;85;86;87;89;126;129;156;157;163;164;173;182;184;200;201;203;214;219;225;240;241;246;250;258;263;280;291;304;317;337;339;352;362;374;392;396;401;406;408;411;414;416;419;421;433;434;444;460;484;496;523;707;710;776;784;799;814
485,34;43;53;63;76;83;89;91;120;126;156;157;164;173;182;184;203;213;214;232;241;242;246;253;257;261;263;269;315;317;319;334;371;399;406;414;416;424;430;436;442;444;446;463;484;496;523;535;707;776;796;798;807;815
486,1;5;7;8;9;23;25;34;63;85;86;87;89;109;156;157;164;173;182;196;203;214;219;240;241;263;276;279;280;282;317;359;371;374;409;411;414;416;419;428;442;444;462;469;484;496;514;523;535;663;667;707;776;805
487,19;34;63;85;86;87;89;94;129;156;163;164;173;182;184;194;196;200;203;211;214;219;220;225;231;240;241;246;247;261;263;304;337;347;371;396;399;406;412;414;416;421;425;432;434;442;444;467;496;506;523;566;693;784;809;814
488,34;54;58;60;62;63;76;86;93;94;104;113;115;129;156;163;164;173;182;196;203;213;214;219;236;240;241;247;248;263;270;271;285;347;375;384;385;412;416;427;428;433;447;461;473;478;496;500;502;585;797
494,5;7;9;25;29;38;53;63;76;83;85;86;87;93;94;98;113;116;126;129;156;164;173;179;182;203;214;219;226;227;241;247;248;253;257;261;263;269;270;271;280;285;299;315;340;369;374;384;385;394;411;412;416;428;433;447;473;488;496;500;510;515;517;526;528;545;557;595;605;683;797;815
506,33;36;43;44;46;85;86;91;122;156;164;173;179;182;189;203;204;213;214;240;241;242;247;253;263;270;281;304;317;336;343;371;387;416;422;423;424;495;496;514;526;528;555;583;608;706
507,33;36;43;44;46;57;85;86;91;156;164;173;179;182;203;204;213;214;240;241;242;247;253;263;270;304;317;371;387;416;422;423;424;496;514;526;528;555;583;608;706
508,33;36;43;44;46;57;63;85;86;87;91;156;164;173;179;182;203;204;213;214;240;241;242;247;253;263;270;276;304;317;371;387;416;422;423;424;442;496;514;526;528;555;583;608;706;707
509,6;10;28;45;86;98;103;104;129;154;156;163;164;168;173;182;203;204;213;214;226;227;231;240;241;247;252;259;263;269;271;281;304;313;343;369;371;372;383;389;399;400;402;417;421;441;447;468;492;496;555;583;808
510,6;10;28;45;63;86;103;129;154;156;164;168;173;182;203;204;213;214;226;227;231;240;241;247;252;259;263;269;271;304;313;369;371;372;389;399;400;402;416;417;421;427;441;447;468;492;496;555;583;675;806;807;808
517,60;86;94;95;111;113;115;129;133;138;156;157;164;173;174;182;203;213;214;219;236;240;247;248;263;270;271;277;281;285;286;317;347;360;361;384;385;412;428;433;472;473;496;500;502;585;605;797
518,60;63;86;94;95;111;113;115;129;133;138;156;157;164;173;182;203;213;214;219;236;240;247;248;263;270;271;277;281;285;286;317;347;360;384;385;412;416;428;433;472;473;496;500;502;585;605;678;797;802
519,16;19;43;45;95;97;98;116;129;143;156;164;173;182;197;203;207;211;213;214;234;240;241;253;257;263;269;273;297;314;355;366;369;400;403;432;496;526;814
520,16;19;43;45;97;98;116;129;143;156;164;173;182;197;203;207;211;213;214;240;241;253;257;263;269;297;314;355;366;369;403;496;526;814
521,16;19;43;45;63;97;98;116;129;143;156;164;173;182;197;203;207;211;213;214;240;241;253;257;263;269;297;314;355;366;369;403;413;416;496;526;542;814
524,28;29;33;36;89;106;153;156;157;164;173;174;182;189;201;203;213;214;263;317;328;334;350;356;414;430;444;446;469;475;479;484;496;523;776;800
525,28;29;33;89;106;153;156;157;164;173;182;189;201;203;213;214;263;317;328;334;350;408;414;430;444;446;479;484;496;523;707;776;800
526,28;29;33;63;76;89;106;120;153;156;157;164;173;182;189;201;203;213;214;263;276;311;317;328;334;350;408;414;416;430;442;444;446;479;484;496;523;675;707;776;800
527,16;19;48;86;93;94;113;115;129;133;156;164;168;173;182;202;203;204;211;213;214;219;226;240;247;248;253;257;260;263;269;270;271;282;283;285;286;313;314;347;355;360;369;372;375;403;412;417;427;428;433;473;493;496;500;502;512;599;683;797;814
528,16;19;63;86;93;94;113;115;129;133;156;164;168;173;182;202;203;204;211;213;214;219;226;240;247;248;253;257;263;269;270;271;283;285;286;313;314;347;360;369;372;403;412;416;417;427;428;433;473;493;496;500;502;512;599;683;706;797;814
529,10;14;66;89;90;91;154;156;157;163;164;173;182;188;189;201;203;213;214;229;232;263;280;306;317;319;328;334;341;374;398;404;414;421;446;468;496;523;529;667;815
530,10;14;32;63;89;90;91;154;156;157;164;173;182;188;189;201;203;213;214;229;232;263;280;306;317;328;334;341;350;374;398;404;411;414;416;421;442;446;468;496;523;529;667;684;693;707;796;815
531,1;5;7;8;9;25;34;36;38;45;53;57;58;59;63;67;76;85;86;87;91;94;113;115;126;133;156;164;173;182;186;196;203;213;214;219;227;231;240;241;247;253;263;270;273;281;285;304;347;361;374;387;409;416;428;433;447;473;493;494;495;496;502;505;514;526;528;574;577;581;589;605;608;675;707;791
532,1;5;7;8;9;21;25;43;67;68;88;91;116;156;157;164;173;179;182;183;184;197;203;213;214;223;240;241;263;264;269;270;276;279;280;317;339;359;371;374;398;409;411;432;444;447;469;490;496;514;526;612;693;811
533,1;5;7;8;9;21;25;43;67;88;91;116;156;157;164;173;179;182;184;203;213;214;223;240;241;263;264;269;270;276;279;280;317;339;359;370;371;374;398;409;411;444;447;490;496;514;526;667;693;811
534,1;5;7;8;9;21;25;43;63;67;88;89;91;116;156;157;164;173;179;182;184;203;213;214;223;240;241;263;264;269;270;276;279;280;317;339;350;359;370;371;374;398;409;411;416;444;447;490;496;514;523;526;667;693;707;811
535,45;48;51;54;56;57;61;92;103;156;164;173;175;182;188;189;196;203;213;214;240;253;258;263;304;311;330;340;341;352;392;414;482;496;497;503;599
536,45;48;51;56;57;61;103;156;164;173;175;182;188;196;203;213;214;240;253;258;263;304;311;330;340;341;392;414;438;446;482;496;497;503;523;599
537,5;8;25;45;48;51;56;57;61;63;67;89;91;103;156;157;164;173;175;182;188;196;203;213;214;240;253;258;263;280;291;304;311;317;330;340;341;371;374;380;392;398;409;411;414;416;438;446;447;474;482;496;497;503;523;599;707;710
538,5;7;8;9;20;25;34;43;67;69;89;91;116;156;157;164;173;179;182;184;203;213;214;233;240;241;263;269;270;276;279;280;317;339;371;374;398;411;416;428;444;447;469;480;490;496;509;514;523;526;707;811
539,5;7;8;9;24;25;43;67;68;89;91;116;156;157;164;173;179;182;184;203;213;214;240;241;249;263;269;270;276;279;280;317;339;370;371;374;398;411;416;428;444;447;490;496;501;514;523;526;675;811
543,36;38;40;42;44;76;92;97;103;111;156;164;173;182;188;191;203;205;210;213;214;241;263;334;342;360;371;390;398;450;474;496;506;599;798;806
544,36;38;40;42;76;92;97;103;111;156;164;173;182;188;191;203;205;213;214;241;263;334;342;360;371;390;398;450;474;496;506;599;798;806
545,14;36;38;40;42;63;76;89;91;92;97;103;111;156;157;164;173;182;188;191;203;205;213;214;224;226;231;241;263;276;317;334;342;360;371;372;390;398;404;416;440;450;474;496;506;523;599;675;684;707;798;806
546,71;72;73;74;75;76;77;78;129;156;164;173;178;182;202;203;204;213;214;219;227;241;251;262;263;267;269;270;283;313;321;388;402;412;415;447;496;538;580;581;584;605;803
547,16;63;71;72;73;74;75;76;77;78;94;113;129;156;164;168;173;178;182;202;203;204;213;214;219;227;241;247;251;262;263;269;270;283;313;366;369;374;402;412;416;433;447;496;538;542;580;581;583;584;585;605;803
548,71;72;73;74;76;78;79;156;164;173;182;202;203;204;213;214;219;227;230;235;241;263;270;275;312;345;361;388;402;412;437;447;494;495;496;676;803
549,14;63;71;72;73;74;76;78;79;80;113;156;164;173;182;202;203;204;213;214;219;227;235;241;263;270;298;312;345;348;402;412;416;437;447;483;494;495;496;572;580;669;676;803
550,29;33;36;37;38;39;44;55;56;57;58;61;97;127;129;156;164;173;175;179;182;184;196;203;213;214;240;242;250;253;258;263;269;276;279;283;291;330;340;341;362;372;401;423;428;453;457;487;496;503;515;706;710;799;812
551,28;37;38;43;44;68;89;91;116;156;157;164;168;173;180;182;184;188;201;203;207;213;214;231;242;251;253;259;263;269;317;328;371;372;399;401;414;422;424;444;446;468;492;496;514;523;555;681;806;808;815
552,5;25;28;37;43;44;67;89;91;116;156;157;164;168;173;182;184;188;201;203;207;213;214;231;242;251;253;259;263;269;279;280;317;328;371;372;374;399;414;421;422;424;444;446;447;468;490;492;496;514;523;555;681;693;707;806;808;815
553,5;25;28;34;37;43;44;63;67;89;91;116;156;157;164;168;173;182;184;188;200;201;203;207;213;214;231;242;251;253;259;263;269;276;279;280;317;328;337;339;370;371;372;374;399;406;411;414;416;421;422;424;444;446;447;468;490;492;496;514;523;555;663;667;675;681;693;707;799;806;808;815
554,5;7;25;29;33;36;37;44;52;53;76;83;91;116;126;156;157;164;168;172;173;182;187;203;213;214;227;241;253;257;261;263;264;269;276;280;281;315;317;326;359;360;369;374;394;424;428;447;496;510;526
555,5;7;25;29;33;34;37;44;52;53;63;76;83;89;91;94;116;126;156;157;164;168;173;179;182;187;203;213;214;227;241;248;253;257;261;263;269;271;276;280;315;317;334;339;359;360;369;371;374;384;385;394;411;416;424;428;442;444;447;496;510;523;526;595;776;797;807;808
556,42;64;71;72;73;74;76;80;103;156;164;173;178;182;191;202;203;213;214;219;230;235;240;241;253;263;270;275;304;311;331;340;367;372;388;389;398;402;409;412;437;447;452;495;496;538;572;580;596;675;803
557,14;28;68;76;89;91;110;156;157;163;164;173;174;175;182;191;201;203;210;213;214;263;282;317;328;334;335;350;397;398;400;404;421;439;444;446;450;469;479;496;504;523;806
558,14;28;63;76;89;91;110;156;157;163;164;173;175;182;191;201;203;210;213;214;263;317;328;334;350;397;398;404;416;421;439;444;446;450;479;484;496;504;523;669;707;776;800;806
559,5;7;8;9;25;28;29;43;67;68;91;133;136;156;157;164;168;173;182;184;188;197;203;207;213;214;231;240;241;242;251;252;263;264;269;279;280;313;317;334;337;339;349;371;372;374;398;399;406;409;411;428;442;444;447;457;490;491;492;496;501;514;526;555;612;808;811
560,5;7;8;9;25;28;29;43;63;67;91;133;136;156;157;164;168;173;182;184;188;200;203;207;213;214;231;240;241;242;251;263;264;269;279;280;313;317;334;337;339;349;370;371;372;374;398;399;406;409;411;416;428;442;444;447;457;490;492;496;514;526;555;675;808;811
561,16;18;19;58;60;63;76;86;93;94;95;113;115;129;143;156;164;168;173;182;196;203;211;213;214;219;240;246;247;248;257;263;271;285;286;314;322;347;355;356;366;375;384;399;403;412;416;427;428;430;433;473;478;496;500;605;683;797;814
562,50;94;101;114;156;164;168;173;174;182;194;203;212;213;214;219;240;247;261;262;263;271;285;286;288;310;313;334;347;371;390;399;412;417;428;433;470;471;472;496;502;506;578;809
563,50;63;94;101;114;156;164;168;173;174;182;184;194;203;212;213;214;219;240;247;261;263;271;279;285;286;288;310;313;334;347;371;384;385;390;399;412;416;417;421;428;433;447;470;471;472;496;502;506;566;578;776;809
564,21;34;44;55;56;57;58;59;88;89;91;110;127;156;157;164;173;174;182;196;201;203;205;213;214;231;240;242;246;250;263;282;291;317;330;334;335;341;350;352;362;385;401;414;428;444;446;453;469;479;496;503;504;523;710;800
565,34;44;55;56;57;58;59;63;67;89;91;110;127;156;157;164;173;174;182;196;201;203;213;214;231;240;242;246;250;263;276;291;317;330;334;341;350;362;385;401;411;414;416;428;442;444;446;453;469;479;496;503;504;523;534;710;800
566,17;37;43;44;88;89;91;97;98;104;129;156;157;164;173;182;184;201;203;211;213;214;225;231;242;246;253;257;263;269;282;283;317;334;337;340;350;365;366;369;372;406;414;415;421;428;432;444;446;457;496;501;502;512;523;800;808;814
567,17;19;37;43;63;88;89;91;97;98;129;156;157;164;173;182;184;200;201;203;211;213;214;225;231;242;246;253;257;263;269;283;317;334;337;340;350;365;366;369;372;403;406;411;414;416;421;428;444;446;496;501;502;512;523;800;808;814
568,1;28;36;92;114;120;124;133;139;153;156;164;168;173;174;182;188;191;202;203;205;213;214;220;240;241;254;256;263;278;350;371;390;399;402;409;441;474;475;482;491;496;499;562;599;810
569,1;34;36;63;76;85;92;94;103;120;124;133;139;153;156;164;168;173;182;188;191;202;203;213;214;220;232;240;241;254;256;263;278;350;371;374;390;399;402;409;411;416;440;441;474;482;491;496;499;562;599;707;776;810
570,10;14;43;68;91;97;129;154;156;164;168;173;182;184;188;197;203;213;214;240;241;247;253;259;262;263;269;271;279;282;286;304;313;326;340;347;369;371;372;374;383;389;399;417;447;468;492;496;506;514;539;555;806;807;808
571,5;10;14;25;43;53;63;67;91;97;129;154;156;164;168;173;182;184;188;203;213;214;227;240;241;247;253;259;263;269;271;279;282;286;304;313;340;347;369;371;372;374;399;400;411;416;417;421;447;468;490;492;496;506;514;539;555;675;806;807;808
572,1;21;39;47;85;86;91;129;156;164;168;173;175;182;203;204;213;214;219;227;231;240;241;253;263;270;282;304;313;321;347;369;374;387;401;402;441;447;495;496;497;514;526;541;583;605;608;813
573,1;21;47;63;85;86;87;91;113;129;156;164;168;173;182;203;204;213;214;219;227;231;240;241;253;263;270;304;313;321;331;347;350;369;374;387;402;411;416;441;447;495;496;497;514;526;541;583;605;608;813
574,1;60;85;86;93;94;95;113;115;156;157;164;168;173;182;203;204;212;213;214;219;240;243;244;247;248;252;253;259;260;263;269;270;271;285;313;317;321;347;371;374;385;399;412;417;428;433;447;473;478;492;496;500;502;505;589;797
575,1;60;85;86;93;94;95;113;115;156;157;164;168;173;182;203;204;213;214;219;240;244;247;248;253;260;263;269;270;271;285;313;317;321;347;371;374;385;399;412;417;428;433;447;473;478;492;496;500;502;589;797
576,1;60;63;85;86;93;94;95;113;115;156;157;164;168;173;182;203;204;213;214;219;240;244;247;248;253;260;263;269;270;271;280;285;286;313;317;321;322;347;371;374;385;399;412;416;417;428;433;447;473;478;490;492;496;500;502;589;797
577,60;86;87;93;94;105;109;113;115;151;156;157;164;173;182;203;204;213;214;219;220;227;240;247;248;263;270;271;283;285;286;310;317;334;347;360;384;385;412;428;430;433;472;473;496;500;502;678;797;798
578,60;86;87;93;94;105;113;115;156;157;164;173;182;203;204;213;214;219;220;227;240;247;248;263;270;271;283;285;286;317;334;347;360;384;385;412;428;430;433;472;473;496;500;502;678;797;798
579,5;7;8;9;60;63;86;87;93;94;105;113;115;156;157;164;173;182;203;204;213;214;219;220;227;240;247;248;263;270;271;276;283;285;286;317;334;347;359;360;374;384;385;409;411;412;416;428;430;433;447;472;473;496;500;502;678;797;798
582,54;58;59;106;113;120;151;153;156;164;173;182;196;203;213;214;240;243;253;258;263;269;286;304;310;329;333;334;393;419;420;430;475;496;502;556;694
583,54;58;59;106;113;120;151;156;164;173;182;196;203;213;214;240;243;253;258;263;269;286;304;310;329;333;334;419;430;496;502
584,54;58;59;63;106;113;120;151;156;164;173;182;196;203;213;214;240;243;251;253;258;263;269;286;304;310;311;329;333;334;416;419;430;496;502;556;573
587,39;76;84;85;86;87;97;98;104;113;129;156;164;173;182;203;204;209;213;214;226;227;231;240;263;268;269;270;310;321;343;351;355;369;374;403;412;432;435;486;496;512;521;527;528;598;609;683;804;814
588,14;29;36;38;43;64;68;103;156;163;164;173;175;182;184;202;203;206;210;213;214;224;227;240;263;282;334;398;400;404;405;412;450;491;496;529
589,14;29;36;38;43;63;64;97;103;156;164;173;175;179;182;184;202;203;206;210;213;214;224;227;240;263;269;279;334;368;370;398;404;405;411;412;416;442;491;496;501;529;534;565;684;693;796
590,34;71;72;74;76;77;78;92;111;147;156;164;173;182;188;202;203;205;213;214;230;235;240;241;263;275;310;371;388;402;412;447;474;476;492;496;499;676
591,34;63;71;72;74;76;78;92;147;156;164;173;182;188;202;203;213;214;230;235;240;241;263;275;310;371;402;412;416;447;474;476;492;496;499;506;580;676;707
592,40;54;55;56;57;58;59;61;71;94;101;105;109;127;151;156;164;173;182;188;194;196;202;203;213;214;219;220;240;247;250;258;261;263;269;271;286;291;323;352;362;399;412;433;482;496;503;506;605;668;809
593,40;55;56;57;58;59;63;71;94;101;105;127;151;156;164;173;182;188;194;196;202;203;213;214;219;240;247;250;258;261;263;269;271;286;291;323;330;352;362;399;412;416;433;482;496;503;506;605;809
595,40;42;71;81;85;86;97;103;104;113;129;141;156;163;164;168;173;182;202;203;210;213;214;240;263;340;380;389;398;404;405;412;435;440;450;486;496;521;522;527;528;611;679;683;804;806
596,42;63;71;81;85;86;87;97;103;113;129;141;156;163;164;168;173;182;202;203;210;213;214;240;263;340;380;389;398;404;405;412;416;435;440;450;486;496;521;527;528;564;675;683;804;806
597,33;42;73;76;85;86;92;106;120;153;156;164;173;174;182;191;202;203;213;214;232;241;263;275;279;282;331;334;356;360;371;372;398;402;412;430;442;446;491;496;796;798
598,14;33;42;63;76;85;86;87;106;120;153;156;164;173;174;182;191;201;202;203;213;214;232;241;263;275;279;331;334;360;371;372;398;402;412;416;421;430;438;442;446;447;484;496;523;693;776;796;798
599,11;20;63;84;85;86;103;156;164;173;182;192;199;201;203;214;253;263;268;319;334;372;408;430;435;451;475;496;508;521;528;544;796;798;804
600,11;20;63;84;85;86;103;156;164;173;182;192;199;201;203;214;253;263;268;319;334;372;408;430;435;451;475;496;502;508;521;528;544;796;798;804
601,11;20;63;84;85;86;87;103;156;164;173;182;192;199;201;203;214;253;263;268;319;334;372;408;416;430;433;435;451;475;496;502;508;521;528;544;602;604;674;796;798;804
605,29;45;50;60;85;86;93;94;97;100;103;105;113;115;156;157;164;168;173;182;194;203;211;213;214;219;240;244;247;253;263;271;285;286;310;317;322;347;384;385;399;412;417;428;433;470;471;472;473;496;500;502;797;800
606,29;45;60;63;85;86;93;94;97;100;103;105;113;115;156;157;161;164;168;173;182;203;211;213;214;219;240;247;248;253;263;271;285;286;317;322;347;384;385;399;412;416;417;428;430;433;470;471;472;473;496;500;502;678;797;800
607,52;53;76;83;94;101;107;109;114;123;126;151;156;164;168;173;174;182;203;213;214;219;220;241;247;257;261;262;263;269;271;286;310;315;347;371;399;412;433;471;496;499;502;506;517;595;806;807;809
608,52;53;76;83;94;101;107;109;123;126;156;164;168;173;174;182;203;213;214;219;220;241;247;257;261;262;263;269;271;286;310;315;347;371;399;412;433;496;502;506;517;595;806;807;809
609,52;53;63;76;83;94;101;107;109;123;126;156;164;168;173;174;182;203;213;214;219;220;241;247;257;261;262;263;269;271;286;310;315;347;371;399;412;416;433;496;502;506;517;595;806;807;809
610,10;12;14;43;44;68;91;106;116;129;156;163;164;173;179;182;184;200;203;206;213;214;231;240;241;242;263;269;276;283;317;337;349;371;372;374;398;400;404;406;416;434;496;530;660;673;784;799
611,10;12;14;43;44;67;91;116;129;156;163;164;173;179;182;184;200;203;206;213;214;231;240;241;242;263;269;276;317;337;349;371;372;374;398;404;406;416;421;434;496;530;673;707;784;799
612,10;12;14;43;44;57;63;67;89;91;116;129;156;157;163;164;173;179;182;184;200;203;206;213;214;231;240;241;242;263;269;276;280;317;337;349;370;371;372;374;398;404;406;411;416;421;427;434;447;496;523;530;555;673;693;707;784;799
613,5;8;25;37;45;57;58;59;67;91;154;156;163;164;173;175;181;182;196;203;204;213;214;227;240;258;263;264;276;281;317;329;362;372;374;400;419;421;423;447;496;524;583;589
614,5;8;14;25;37;45;57;58;59;63;67;91;154;156;157;163;164;173;175;181;182;184;196;203;204;207;213;214;227;240;258;263;269;276;280;291;317;329;333;339;362;372;374;411;416;419;421;423;444;447;453;484;496;523;524;556;583;589;675;710;776
615,20;54;58;59;62;63;76;105;109;113;114;115;120;151;156;163;164;173;182;196;203;214;229;240;246;258;263;329;333;334;398;400;419;420;430;496;512;573;673;813
616,34;38;51;71;72;105;141;151;156;164;170;173;174;182;188;191;202;203;213;214;226;227;240;263;281;341;364;385;390;405;412;470;474;496;515;522;806
617,34;51;63;71;72;92;97;98;104;105;129;141;151;156;164;173;174;179;182;188;191;201;202;203;213;214;226;227;240;263;281;341;369;384;385;390;405;409;411;412;416;474;491;496;515;522;594;599;806
618,33;55;57;84;85;86;87;89;90;91;156;157;164;173;174;175;180;182;188;189;201;203;209;213;214;220;240;253;263;268;279;281;310;317;330;340;341;371;389;414;435;444;446;482;492;496;503;513;523;527;598;604;707;808
619,1;5;14;25;67;91;97;115;116;129;136;154;156;157;164;173;179;182;197;203;213;214;226;233;240;241;252;263;264;269;270;279;280;282;317;339;340;347;364;369;370;371;374;395;396;398;409;411;444;447;468;490;496;501;502;512;514;526;811
620,1;5;14;25;63;67;91;97;115;116;129;136;154;156;157;164;173;179;182;197;203;213;214;226;240;241;252;263;269;270;279;280;299;317;339;340;347;369;370;371;372;374;395;396;398;409;411;416;444;447;468;469;490;496;501;502;512;514;526;693;811
621,5;7;9;10;34;43;44;53;57;63;89;91;137;156;157;163;164;173;182;184;188;200;203;213;214;231;232;240;241;242;257;263;269;276;279;317;337;342;371;374;389;399;400;406;411;416;421;422;424;430;434;441;442;446;468;496;514;523;525;555;707;799;808;814
622,1;5;7;8;9;25;58;67;89;91;94;101;111;120;156;157;164;168;173;174;182;189;196;203;214;219;223;240;247;263;270;276;280;286;310;317;325;334;359;360;374;409;411;414;446;447;484;490;496;502;523;566;707;809;815
623,1;5;7;8;9;19;25;34;58;63;67;76;85;89;91;94;101;111;120;156;157;164;168;173;174;182;189;196;203;214;219;223;240;247;263;264;270;271;276;280;286;310;317;325;334;359;360;370;374;409;411;414;416;428;430;444;446;447;484;490;496;502;523;535;566;663;667;707;776;809;815
624,10;12;14;29;43;67;86;91;103;156;163;164;168;173;182;184;201;203;206;210;212;213;214;232;240;251;259;263;269;279;280;317;319;334;371;372;374;389;398;399;400;404;421;427;442;446;447;490;492;496;501;514;555;673;796;808
625,10;12;14;43;63;67;86;91;103;156;163;164;168;173;182;184;201;203;206;210;213;214;232;240;251;259;263;269;279;280;317;319;334;368;371;372;374;398;399;400;403;404;411;416;421;427;442;444;446;447;490;492;496;514;555;673;675;796;808
626,14;23;29;30;31;33;34;43;57;89;116;130;133;156;157;164;173;179;182;184;189;200;203;213;214;224;240;241;253;263;269;276;279;283;317;341;370;371;372;398;416;428;442;444;496;514;523;526;528;538;543;562;667;675;684;707;808
627,17;18;19;37;43;64;97;129;156;157;163;164;173;182;184;203;211;213;214;240;241;257;263;276;306;317;332;339;366;369;370;372;403;413;421;428;432;468;496;514;526;542;814
628,17;18;19;37;43;63;64;97;129;143;156;157;163;164;173;182;184;203;211;213;214;240;241;257;263;276;306;317;332;339;366;369;370;372;403;413;416;421;428;432;442;468;496;514;526;542;814
629,16;18;19;43;92;129;156;164;168;173;182;184;203;211;212;213;214;240;241;247;257;260;263;269;282;313;317;334;355;365;366;369;371;372;399;403;413;417;432;492;496;514;555;808;814
630,16;18;19;43;63;92;129;143;156;164;168;173;182;184;198;203;211;213;214;240;241;247;257;260;263;269;282;313;317;334;365;366;369;371;372;399;403;413;416;417;432;492;496;514;555;808;814
631,7;9;20;33;34;53;67;76;83;91;122;126;133;154;156;163;164;168;173;174;182;202;203;213;214;240;241;254;255;256;257;261;263;269;276;315;317;321;374;389;394;400;409;411;416;421;450;468;496;510;517;562;675;680;693;707;807;815
632,11;12;28;44;86;91;97;103;156;157;164;173;175;182;201;203;210;213;214;226;232;242;251;263;270;276;317;319;334;368;404;412;416;421;422;430;442;444;450;494;496;514;522;611;660;707;796;806
633,21;29;33;34;44;46;86;103;116;156;164;168;173;182;184;200;203;213;214;225;240;241;242;253;263;269;276;304;310;372;399;406;407;414;417;422;423;424;428;434;457;458;496;526;562
634,21;29;33;34;44;46;86;103;116;156;164;168;173;182;184;200;203;213;214;225;240;241;242;251;253;263;269;270;276;304;372;399;406;407;414;417;422;423;424;428;434;458;496;526
635,19;21;29;33;34;44;46;53;56;57;63;83;86;89;103;115;116;126;156;157;161;164;168;173;182;184;200;203;211;213;214;225;231;240;241;242;251;253;257;263;269;270;276;304;317;349;369;371;372;399;406;407;411;414;416;417;422;423;424;428;430;434;444;458;496;512;523;526;555;675;693;784;799;814
636,36;37;38;52;53;71;76;81;94;103;106;113;126;133;141;156;164;172;173;182;202;203;213;214;219;241;257;261;263;315;347;369;394;405;428;450;488;496;512;522;528;806
637,16;18;19;36;38;52;53;63;76;81;83;94;103;113;126;133;141;156;164;172;173;182;202;203;213;214;219;241;257;261;263;315;347;369;394;398;405;416;428;450;476;483;488;496;512;522;528;542;552;595;806;814
638,14;24;36;43;63;86;98;115;129;156;164;173;179;182;184;201;203;206;214;219;224;232;263;269;270;276;279;280;334;340;347;368;370;398;403;404;411;416;428;430;442;444;446;496;501;514;521;526;533;684;796;811
639,14;24;36;43;63;89;98;115;129;156;157;164;173;179;182;184;201;203;206;214;219;224;263;269;270;276;279;280;317;347;350;370;398;403;404;411;414;416;428;442;444;446;479;496;501;514;523;526;533;684;707;811
640,14;24;36;43;63;76;98;113;115;129;156;164;173;179;182;202;203;206;214;219;224;241;263;269;270;276;279;280;340;345;347;348;370;402;403;404;411;412;416;428;437;444;447;496;501;514;526;533;669;684;803;811
641,16;19;34;37;43;44;63;94;97;156;164;168;173;182;184;188;196;203;207;213;214;231;240;242;253;257;263;269;276;279;280;310;311;314;326;339;359;366;369;371;372;374;399;403;411;416;417;447;482;492;496;512;542;693;808
642,9;19;34;37;43;44;63;84;85;86;87;94;97;156;164;168;173;182;184;188;203;207;213;214;231;240;242;253;263;268;269;276;279;280;310;311;339;351;359;369;371;372;374;399;411;416;417;430;435;447;482;486;492;496;521;527;528;598;684;693;804;808
643,19;53;63;76;94;113;115;126;129;156;157;163;164;173;182;200;203;211;214;219;225;240;241;242;246;247;257;261;263;270;286;304;311;315;317;326;337;349;371;374;394;406;411;414;416;421;424;428;434;444;496;535;551;558;568;595;693;776;784;799;814;815
644,9;19;63;85;86;87;94;113;115;129;156;157;163;164;173;182;200;203;211;214;219;225;240;242;246;247;263;270;286;304;311;317;337;349;371;374;406;411;414;416;421;422;428;430;434;444;486;496;521;528;550;559;568;693;776;784;799;804;814
645,14;19;34;43;63;88;89;90;91;94;120;156;157;164;173;182;184;188;200;201;203;213;214;231;263;276;280;286;311;317;326;328;335;339;341;347;359;369;371;374;411;414;416;444;446;447;482;496;523;693
646,19;58;59;63;94;113;115;129;156;157;163;164;173;182;184;196;200;203;211;214;219;225;240;241;246;247;258;263;270;283;286;304;311;317;329;333;337;349;371;374;406;411;414;416;421;428;430;434;442;444;496;549;568;573;693;776;784;799;814
647,14;24;36;43;56;57;61;63;67;115;129;156;164;173;179;182;196;203;206;214;219;224;240;241;258;263;269;270;276;279;280;330;340;347;370;396;398;401;403;404;411;416;444;453;496;501;503;514;526;533;548;684;710;811;812
649,19;53;58;59;63;76;85;86;87;94;98;103;113;115;120;129;141;156;161;164;173;182;192;199;202;203;210;214;232;263;299;319;334;369;372;393;399;404;405;412;416;421;428;430;441;442;488;493;496;502;527;546;565;796
659,14;24;33;36;43;57;89;91;97;98;111;156;157;162;164;168;173;175;182;188;189;191;201;203;205;213;214;231;263;280;317;339;340;341;369;371;374;442;444;447;496;523;526;528;673
660,5;7;8;9;14;24;25;33;34;36;43;57;63;67;89;91;97;98;156;157;162;164;168;173;175;182;188;189;191;201;203;213;214;231;253;263;276;280;317;328;339;340;341;359;369;371;374;414;416;441;442;444;447;492;496;523;526;528;667;673;693;707;815
661,14;19;45;52;64;97;98;129;156;164;168;173;175;182;203;211;213;214;241;257;261;263;269;315;332;355;366;369;432;488;496;501;512;526;814
662,14;19;45;52;53;64;83;97;98;126;129;156;164;168;173;175;182;203;211;213;214;241;257;261;263;269;315;332;355;364;366;369;488;496;512;526;814
663,14;19;45;52;53;63;64;76;83;97;98;126;129;156;164;168;173;175;182;203;211;213;214;241;257;261;263;269;315;332;339;355;364;366;369;394;413;416;488;496;512;526;542;814
674,5;7;8;9;14;25;33;34;43;57;67;69;91;156;157;163;164;173;182;188;203;206;213;214;233;240;241;242;253;263;269;270;276;280;292;304;317;339;371;374;399;409;421;428;441;442;444;447;480;490;492;494;496;501;509;511;514;523;526;575;681;808;811
675,5;7;8;9;14;25;33;34;43;57;63;67;89;91;116;156;157;163;164;168;173;179;182;184;188;200;203;206;213;214;233;240;241;242;251;253;263;269;270;276;279;280;292;304;317;337;339;359;370;371;374;398;399;400;404;409;411;416;418;421;428;441;442;444;447;490;492;494;496;509;514;523;526;555;575;663;675;707;808;811
677,6;10;43;60;85;86;93;94;113;115;129;156;164;173;182;203;213;214;219;231;240;241;252;263;270;271;281;285;313;321;343;347;371;399;412;417;428;433;472;473;478;496;502;526;574;583;797
678,6;10;43;60;63;85;86;91;93;94;113;115;129;156;164;173;182;203;204;212;213;214;219;231;240;241;247;252;263;270;271;272;285;286;313;343;347;371;389;399;412;416;417;428;433;472;473;478;496;501;502;526;541;574;581;583;678;797
679,14;33;103;115;156;157;163;164;173;179;182;194;203;206;210;213;214;240;263;280;319;332;334;335;360;370;379;400;421;425;427;430;442;469;475;496;514;533;669;693;796
680,14;33;103;115;156;157;163;164;173;179;182;203;206;210;213;214;240;263;280;319;332;334;360;370;379;400;421;425;427;430;442;475;496;514;533;669;693;796
681,14;33;63;103;115;156;157;163;164;173;179;182;203;206;210;213;214;240;241;247;263;280;319;332;334;360;370;379;400;403;416;421;425;427;430;442;457;475;496;514;533;588;669;693;796
682,50;85;94;113;115;156;164;173;175;182;186;203;204;213;214;227;230;240;241;263;270;273;285;312;313;347;360;412;417;430;433;495;496;497;502;577;581;584;585;605;802
683,63;85;87;94;113;115;118;156;164;173;175;182;186;203;204;213;214;227;230;240;241;244;263;270;285;312;313;347;360;409;412;416;417;430;433;473;496;497;502;505;574;577;581;584;585;597;605;802
684,33;53;57;81;85;94;113;133;156;164;168;173;178;182;203;204;213;214;219;230;240;241;263;270;273;281;283;312;313;347;383;412;495;496;538;564;577;583;584;589;605;802
685,33;53;57;63;81;85;87;94;113;118;133;156;164;168;173;178;182;203;204;213;214;219;230;240;241;263;270;273;283;312;313;347;409;412;416;496;538;564;577;583;584;589;605;802
686,33;35;50;53;60;64;85;94;95;113;115;156;157;163;164;168;173;182;194;203;207;213;214;226;240;241;248;263;269;276;313;347;365;367;371;374;385;399;400;415;417;427;433;492;496;500;502;514;576;710;797;808
687,33;35;53;60;63;64;85;94;95;113;115;156;157;163;164;168;173;179;182;184;203;207;213;214;226;240;241;248;263;269;276;313;347;365;371;374;385;399;400;415;416;417;427;433;473;492;496;500;502;514;576;675;693;710;797;808
688,10;14;28;55;57;58;59;89;91;103;110;154;156;157;163;164;168;173;182;188;189;196;201;203;206;210;213;214;219;238;240;246;251;253;263;269;270;280;317;334;341;350;371;372;374;397;398;400;404;415;421;444;446;447;468;482;496;503;504;523;534;710
689,10;14;55;57;58;59;63;67;89;91;103;110;130;154;156;157;163;164;168;173;182;188;189;196;201;203;206;210;213;214;219;238;240;246;250;251;253;263;269;270;276;280;291;317;330;334;337;339;341;350;371;372;374;397;398;404;411;414;416;421;444;446;447;468;482;496;503;504;523;534;693;710;800
690,33;39;51;55;56;57;85;92;104;108;114;127;151;156;164;173;182;188;196;200;203;213;214;231;239;240;247;258;263;291;340;342;352;390;401;406;441;474;482;496;503;525;583;599;799;812
691,33;39;51;55;56;57;63;85;87;92;104;108;127;156;164;173;182;188;196;200;203;213;214;231;240;247;258;263;291;340;342;352;390;401;406;411;416;434;441;474;482;496;503;583;599;799;812
692,11;14;55;57;58;61;127;150;152;156;157;164;173;175;182;188;196;203;213;214;231;240;263;270;291;330;340;352;369;396;401;406;430;453;468;474;479;482;494;496;503;805;812
693,11;14;55;57;58;63;127;150;152;156;157;164;173;175;182;188;196;203;213;214;231;240;247;263;270;291;330;340;352;369;396;399;406;411;416;430;453;468;474;479;482;496;503;505;710;805;812
694,1;39;57;84;85;86;87;91;97;98;113;129;137;156;157;164;173;182;189;201;203;213;214;231;240;263;268;317;369;399;407;447;486;490;496;502;521;523;525;527;528;570;582;604;799;804
695,1;5;7;9;25;39;57;63;67;76;84;85;86;87;91;97;98;113;129;156;157;164;173;182;189;201;203;213;214;231;240;241;263;268;304;311;317;369;399;406;411;416;435;447;486;490;496;502;521;523;527;528;570;582;598;604;693;784;799;804
696,23;32;33;34;37;39;44;46;88;89;91;156;157;164;173;174;182;184;200;201;203;204;213;214;231;241;242;246;263;276;280;304;305;317;334;337;349;350;370;372;397;399;406;414;422;423;424;428;434;442;444;446;496;523;525;583;706;707;799;800;808
697,23;32;33;34;37;39;44;46;63;89;91;156;157;164;173;182;184;200;201;203;204;213;214;231;241;242;246;263;276;280;304;317;334;337;349;350;370;372;399;406;414;416;422;423;424;428;434;442;444;446;457;496;523;525;583;667;693;706;707;784;799;800;808
698,34;36;45;54;58;59;62;63;85;86;88;113;114;115;156;157;164;173;181;182;196;200;201;203;213;214;219;227;231;240;243;246;258;263;267;304;311;317;334;341;347;350;399;414;419;428;430;435;442;444;446;496;523;573;694;800
699,34;45;54;58;59;62;63;85;86;87;89;94;113;115;156;157;164;173;181;182;196;200;201;203;213;214;219;227;231;240;246;258;263;267;304;311;317;333;334;341;347;350;399;414;416;419;428;430;442;444;446;496;523;573;800
700,6;28;33;34;36;38;39;44;45;63;91;98;113;115;116;129;156;164;173;182;203;204;213;214;219;226;231;240;241;244;247;263;270;285;304;311;313;343;345;347;383;387;416;473;496;500;514;526;574;577;581;583;585;595;605;608;802
701,5;7;9;14;17;19;25;33;66;67;91;97;129;136;143;156;157;164;173;179;182;197;203;206;211;212;213;214;226;227;238;240;241;263;269;270;276;279;280;283;297;317;332;339;340;355;364;369;370;371;372;374;398;404;409;411;413;416;428;432;442;444;447;468;490;494;496;501;502;512;514;526;560;675;776;811;814
702,9;33;39;84;85;86;87;91;156;162;164;168;173;182;203;204;213;214;231;240;241;263;268;270;343;369;374;393;416;435;447;486;494;496;502;514;521;527;528;570;583;598;604;605;609;715;804
703,33;94;106;113;115;156;157;164;173;175;182;201;203;204;214;219;241;246;258;263;285;317;328;334;347;360;385;397;408;414;433;444;446;470;472;479;496;502;585;605;707;776;800;802;805
704,33;34;55;68;71;85;156;157;164;173;174;175;182;188;200;203;213;214;225;231;240;241;263;330;341;352;406;434;482;496;791;806
705,33;34;55;58;59;71;85;156;157;164;173;174;175;182;188;200;203;213;214;225;231;240;241;263;330;341;352;406;434;482;491;496;806
706,5;7;9;25;33;34;53;55;56;57;58;59;63;71;85;87;89;126;156;157;164;173;174;175;182;188;200;203;213;214;225;231;240;241;258;263;276;311;330;341;342;352;364;372;401;406;411;416;434;438;482;491;496;523;693;707;715;776;784;806
707,33;63;86;94;113;115;156;164;168;173;182;191;203;213;214;219;240;241;259;263;278;286;310;319;334;347;387;393;415;416;430;473;478;492;496;500;577;578;581;583;584;587;605;796
708,33;50;73;74;76;91;94;109;115;156;157;164;168;173;174;182;194;202;203;213;214;219;241;247;261;263;271;275;285;286;288;310;345;389;398;399;402;412;421;433;447;452;492;496;502;506;523;532;566;571;599;785;803;806;809
709,33;63;73;74;76;89;91;94;109;115;156;157;164;168;173;174;182;194;202;203;213;214;219;241;247;261;263;271;275;285;286;310;345;347;398;399;402;404;409;411;412;416;421;433;437;447;452;492;496;502;506;523;532;566;571;599;693;785;803;806;809
710,50;53;73;75;76;94;109;113;126;156;157;164;168;173;174;182;184;188;194;202;203;213;214;219;220;241;247;261;263;271;285;286;310;331;360;388;399;402;412;425;433;447;492;496;502;506;567;595;803;806;809
711,53;63;73;75;76;94;109;113;126;153;156;157;164;168;173;182;184;188;202;203;213;214;219;220;241;247;261;263;271;285;286;310;331;360;388;399;402;411;412;416;417;425;433;438;447;492;496;502;506;566;567;585;595;693;803;806;809
712,33;36;38;44;54;57;58;59;105;106;156;157;164;173;174;181;182;196;203;213;214;219;229;240;242;243;258;263;317;333;334;360;419;423;430;444;496;694
713,33;34;36;38;44;56;57;58;59;63;89;105;106;130;156;157;164;173;174;181;182;196;203;213;214;219;229;240;242;258;263;276;317;333;334;360;416;419;423;430;442;444;469;484;496;523;667;707;776
714,16;17;18;19;33;44;48;71;76;94;97;103;104;129;141;156;162;164;168;173;182;200;203;211;213;214;231;241;247;253;257;263;269;280;304;314;355;366;369;399;403;404;406;407;421;432;434;496;512;528;542;814
715,16;17;18;19;33;44;48;53;63;71;76;94;97;103;104;129;141;156;162;164;168;173;182;200;203;211;213;214;231;236;241;247;253;257;263;269;280;304;314;337;349;355;366;369;399;403;404;406;411;416;421;434;496;512;528;542;586;814
716,33;34;36;62;63;85;86;87;94;113;115;129;156;157;164;173;182;200;203;214;224;240;241;244;258;263;267;275;304;312;347;356;370;400;411;416;428;430;447;472;473;496;505;532;577;581;583;585;601;605;684;802;805
717,16;19;34;50;63;94;104;129;143;156;157;164;168;173;182;203;211;214;240;241;247;257;263;269;304;337;355;366;369;371;389;399;403;407;411;416;421;428;492;496;512;542;555;566;613;808;814
718,20;34;44;63;89;91;114;129;137;156;157;164;173;179;182;200;201;203;214;219;225;231;241;242;263;276;280;304;349;371;406;411;414;416;428;434;444;447;482;489;496;514;523;614;615;616;667;687;707;784;799;806;815
719,33;63;94;106;113;115;118;133;156;157;164;173;175;182;201;203;204;214;219;226;227;241;246;258;263;270;285;313;317;328;334;347;360;385;397;408;414;416;433;444;446;470;472;473;479;496;500;502;577;583;585;591;595;605;776;800;802;805
721,23;34;36;43;53;54;55;56;63;76;83;89;114;116;120;126;153;156;157;164;173;182;184;188;201;203;214;240;241;257;261;263;276;280;311;315;341;352;360;374;394;411;414;416;422;430;444;482;484;488;496;503;510;523;535;581;592;707;710;776;815
722,14;33;45;64;75;76;104;109;113;129;156;164;173;182;202;203;206;211;213;214;219;226;235;241;263;282;297;310;348;365;389;402;412;413;417;421;425;432;447;496;520;526;670;803;814
723,14;33;45;64;75;76;113;129;156;164;173;182;202;203;206;211;213;214;219;226;235;241;263;297;310;348;365;389;402;412;413;417;421;425;447;496;520;526;670;803;814
724,14;33;45;63;64;75;76;113;129;156;164;173;180;182;202;203;206;211;213;214;219;226;235;241;247;263;286;297;310;338;348;365;369;389;402;403;412;413;416;417;421;425;427;437;447;490;496;506;512;520;526;542;566;662;669;670;803;806;809;814
725,6;10;14;24;34;37;44;45;46;52;53;83;122;126;141;154;156;164;173;182;184;200;203;207;213;214;241;242;252;257;261;263;269;279;315;339;369;394;417;421;424;496;512;519;526;575;681
726,6;10;14;24;34;37;44;45;46;52;53;83;122;126;141;154;156;164;173;182;184;200;203;207;213;214;241;242;257;261;263;269;279;315;339;369;394;417;421;424;496;512;519;526
727,5;6;7;9;10;14;24;25;34;37;44;45;46;52;53;63;67;83;89;122;126;141;154;156;164;173;179;182;184;200;203;207;213;214;238;241;242;257;261;263;269;276;279;280;299;307;315;339;369;370;372;374;394;399;409;411;416;417;421;424;442;490;496;512;519;523;526;535;555;663;675;693;707;807;808;815
728,1;45;47;55;56;57;58;59;61;127;133;156;164;173;182;195;196;203;204;213;214;227;231;240;250;253;258;263;270;291;304;362;392;453;472;496;503;512;518;526;574;577;581;583;585;608;791;812;813
729,1;45;47;55;56;57;58;59;61;127;133;156;164;173;182;196;203;204;213;214;227;231;240;250;253;258;263;270;291;304;362;453;472;496;503;512;518;526;574;577;581;583;585;608;812;813
730,1;45;47;55;56;57;58;59;61;63;94;113;115;127;133;156;164;173;182;196;203;204;213;214;227;231;240;247;250;253;258;263;270;291;304;308;311;347;362;412;416;453;472;496;500;503;512;518;526;574;577;581;583;585;605;608;664;710;802;812;813
736,11;44;81;85;86;91;103;106;113;156;164;173;182;189;203;209;213;214;240;242;263;341;398;404;435;450;496;512;521;527;528;564;804;806
737,11;44;81;85;86;91;103;113;156;164;173;182;189;203;209;213;214;240;242;263;268;334;341;398;404;435;450;486;496;512;521;527;528;564;598;804;806
738,11;12;19;44;63;76;81;85;86;87;91;97;103;113;156;164;173;182;189;192;203;209;213;214;240;242;263;268;334;341;398;403;404;405;412;416;430;435;450;486;496;512;521;527;528;564;598;804;806;814
742,71;78;94;113;115;129;141;156;164;168;173;182;203;204;213;214;219;226;230;241;263;270;271;285;286;312;313;347;369;405;412;415;472;478;483;496;502;512;522;564;577;583;584;585;597;605;683;814
743,63;71;76;78;94;113;115;129;141;156;164;168;173;182;203;204;213;214;219;226;230;241;263;270;271;285;286;312;313;343;345;347;369;405;412;415;416;472;478;483;496;502;512;522;577;583;584;605;676;683;814
744,14;28;33;37;43;44;46;88;104;156;157;164;173;182;184;203;213;214;231;242;263;269;283;304;317;334;336;387;414;422;424;428;442;444;446;496;555;583;707
745,14;28;33;43;44;46;88;97;98;104;129;156;157;164;173;182;184;201;203;213;214;231;242;263;269;280;304;317;334;336;339;350;370;372;389;414;416;422;424;428;442;444;446;496;501;529;541;555;583;706;707;709
746,36;38;45;54;55;56;57;58;89;127;156;164;173;182;203;213;214;231;240;250;251;253;258;263;270;283;291;330;341;352;362;369;392;401;487;496;503;523;710;715;799;812
747,40;42;44;56;57;58;59;64;92;105;114;156;164;173;182;188;196;203;213;214;219;240;254;255;256;258;263;330;334;341;362;371;390;398;441;469;474;482;496;503;599;611;710
748,40;42;44;56;57;58;59;64;92;105;113;156;164;173;182;188;196;203;213;214;219;240;258;263;330;334;341;362;371;390;398;440;441;469;474;482;496;503;506;599;661;710
749,23;24;25;34;38;46;67;68;70;89;90;156;157;164;173;182;189;201;203;213;214;249;263;276;317;328;334;370;371;414;442;446;479;484;490;496;523;667;707
750,23;24;25;34;63;67;68;70;89;156;157;164;173;182;184;189;201;203;213;214;249;263;276;279;317;328;334;341;370;371;411;414;416;442;446;484;490;496;523;667;707;776;808
751,29;44;55;57;58;59;61;127;141;156;164;173;182;196;202;203;213;214;240;242;243;254;255;263;334;392;398;404;405;450;471;472;478;487;494;496;503;564;611;679;710;806
752,29;44;55;56;57;58;59;61;115;127;141;156;164;173;182;196;202;203;213;214;219;240;242;243;263;291;334;392;398;404;405;450;469;472;478;487;494;496;503;611;679;710;806
753,14;74;75;76;141;156;163;164;173;182;202;203;206;210;213;214;219;230;235;241;263;275;311;312;331;345;348;371;374;388;398;402;404;412;432;437;447;496;670;803
754,14;63;74;75;76;141;156;163;164;173;182;202;203;206;210;213;214;219;230;235;241;263;275;276;280;311;331;345;348;371;374;398;400;402;404;412;416;427;437;440;447;490;496;530;572;580;669;670;803
755,71;72;73;74;76;77;78;79;86;109;113;133;138;147;156;164;173;182;188;202;203;213;214;219;236;241;263;275;310;402;412;447;472;478;496;577;585;605;668;676
756,63;71;72;76;79;86;109;113;133;138;147;156;164;173;182;188;202;203;213;214;219;236;240;241;263;275;310;311;402;409;412;416;447;472;478;496;577;585;605;668;676
757,10;28;52;53;86;92;123;126;129;139;141;156;164;168;173;182;188;189;203;213;214;230;231;251;252;257;261;263;269;270;283;305;315;337;371;374;398;406;417;421;441;474;482;492;496;510;562;599;799;806
758,1;10;50;52;53;86;92;123;126;129;139;141;156;164;168;173;182;188;203;207;213;214;227;230;231;251;257;259;261;263;269;270;282;283;305;313;315;337;349;371;374;394;398;406;417;421;440;441;474;482;492;496;510;512;599;680;784;799;806;810
759,5;8;9;14;23;25;33;36;37;38;43;70;89;111;156;157;164;173;175;182;203;204;205;213;214;220;263;269;276;280;317;339;359;371;374;395;411;428;442;490;496;523;526;608;693;707;811
760,5;8;9;14;20;25;33;34;36;37;38;43;63;67;70;89;156;157;164;173;175;179;182;203;204;213;214;220;263;269;276;279;280;317;337;339;359;370;371;374;409;411;416;421;428;442;490;496;523;526;608;663;667;693;707;776;811
761,75;76;113;115;150;156;164;173;175;182;202;203;204;213;214;219;229;230;235;241;263;270;283;298;312;340;345;367;402;412;428;447;496;577;583;589;597;605;803
762,23;75;76;113;115;150;156;164;173;175;182;202;203;204;213;214;219;229;230;241;263;270;298;312;340;345;371;374;402;412;428;437;447;490;496;577;583;589;597;605;803;813
763,23;25;63;67;75;76;113;115;136;150;156;164;173;175;182;202;203;204;207;213;214;219;229;230;241;263;269;270;298;312;340;345;369;371;374;402;412;416;428;437;438;447;490;496;512;577;583;589;597;605;669;688;803;813
764,22;35;63;73;74;76;80;113;133;156;164;168;173;182;186;202;203;204;213;214;219;227;230;235;241;263;269;270;271;312;331;345;347;369;374;388;402;412;433;447;495;496;500;502;512;536;572;577;579;580;583;605;666;676;803
765,5;25;63;85;87;89;93;94;113;115;138;156;157;164;173;182;203;213;214;219;227;240;241;244;247;248;263;269;271;280;281;286;326;347;371;374;387;411;412;416;417;428;433;472;473;478;492;495;496;500;502;511;523;526;678;689;693;797;805
766,5;25;33;36;37;38;43;63;68;69;89;98;116;156;157;164;168;173;179;182;184;203;213;214;231;233;240;241;247;249;251;253;263;269;276;279;280;282;317;339;360;364;369;370;371;372;374;402;409;411;412;416;441;442;447;490;496;501;512;514;523;526;527;693;811
767,28;57;103;106;111;127;129;141;156;164;173;182;191;203;205;213;214;232;240;258;263;269;341;372;405;453;469;496;503;522;806
768,14;28;42;57;58;59;63;103;111;127;129;141;156;157;163;164;173;180;182;188;191;196;203;206;210;213;214;240;249;258;263;269;280;291;317;330;334;339;341;370;371;372;374;389;398;399;404;405;411;416;421;442;450;474;482;496;503;522;529;534;555;660;675;710;806
769,28;71;72;89;94;95;106;133;156;157;164;173;174;182;188;194;201;202;203;213;214;246;247;254;255;256;263;271;285;310;317;328;334;341;362;412;414;444;446;496;523;659;809;815
770,28;71;72;89;94;95;106;133;156;157;164;173;182;188;201;202;203;213;214;247;263;271;285;310;317;328;334;341;362;374;412;414;416;444;446;496;523;659;805;809;815
771,68;92;103;105;106;113;115;156;164;174;180;182;203;207;213;214;219;220;226;240;243;258;262;269;270;321;380;487;599;685
772,14;33;36;38;63;86;129;156;157;161;164;173;182;184;196;201;203;214;240;241;258;263;286;306;319;332;334;337;369;371;403;404;416;421;442;458;496;526;805
773,14;33;36;38;44;53;57;58;63;85;86;120;129;153;156;157;161;164;173;179;182;184;196;200;201;203;211;214;240;241;242;247;257;258;263;286;304;305;306;319;332;334;337;369;371;403;404;416;421;422;423;424;428;430;434;442;458;496;518;519;520;526;555;575;706;718;796;805
776,5;25;33;34;52;53;63;76;83;89;123;126;153;156;164;173;174;175;182;200;203;213;214;229;231;241;253;257;261;263;269;279;304;315;317;334;337;339;371;374;406;411;416;430;434;442;444;457;469;474;484;496;504;510;523;526;535;693;704;707;776;799;807;808;815
777,33;42;63;84;85;86;87;97;111;115;129;156;164;168;173;175;179;182;203;209;213;214;217;227;231;252;263;268;270;273;321;340;360;369;371;372;374;393;398;416;428;435;442;447;486;496;521;526;527;528;565;574;596;598;604;609;716;796;798;804
778,10;14;63;85;86;87;94;102;103;104;113;141;150;156;163;164;168;173;174;182;194;202;203;204;213;214;219;220;247;251;261;263;269;271;288;310;339;371;374;383;399;404;409;416;421;425;433;452;468;478;496;506;526;566;577;583;605;608;807
780,19;53;54;56;57;58;59;63;76;85;86;87;89;113;126;129;133;137;156;157;164;173;182;196;200;203;211;213;214;219;225;239;240;241;247;253;257;263;270;276;304;321;326;337;347;349;374;406;407;411;412;416;421;434;447;496;497;523;526;542;555;583;589;707;784;799;808
781,14;21;35;56;57;63;71;72;74;76;89;156;157;164;168;173;182;202;203;214;229;240;241;247;250;263;270;280;310;319;330;334;360;362;371;372;412;415;416;421;430;438;442;447;482;484;496;502;506;523;566;669;677;693;710;776;798;803;809
782,14;29;33;43;67;68;89;103;156;157;164;173;179;182;184;200;201;203;206;213;214;219;225;231;253;263;264;269;280;317;334;337;339;349;371;374;404;406;411;421;434;442;496;523;525;526;568;799
783,5;14;25;29;33;43;67;89;103;156;157;164;173;179;182;184;200;201;203;206;213;214;219;231;253;263;269;280;317;334;337;339;349;370;371;374;404;406;409;411;421;434;442;475;496;523;525;526;568;693;799;811
784,5;7;8;9;14;25;29;33;43;53;63;67;89;103;156;157;164;173;179;182;184;187;200;201;203;206;213;214;219;231;253;263;269;276;279;280;304;317;334;337;339;349;370;371;374;396;398;404;406;409;411;416;421;430;434;442;446;475;496;523;525;526;568;586;691;693;707;775;776;784;799;811
785,9;19;63;84;85;86;87;97;98;103;110;113;115;129;156;164;168;173;182;203;206;209;211;212;214;219;240;263;268;269;304;334;347;351;369;372;384;413;416;435;442;447;486;496;500;512;521;526;527;528;584;598;604;605;717
786,60;63;85;87;93;94;110;113;115;156;164;168;173;182;203;204;212;214;219;230;241;247;248;260;263;269;285;310;312;321;326;334;347;374;384;385;411;412;416;427;447;472;473;478;496;500;502;577;583;585;597;605;678;683;717
787,5;14;18;30;50;63;72;73;76;110;113;115;130;156;157;164;173;182;184;202;203;206;212;214;219;224;241;249;263;269;276;279;280;317;331;334;339;347;370;371;374;384;385;402;411;412;416;428;444;447;452;496;500;526;532;555;580;605;663;667;670;684;693;717
788,8;54;55;56;57;58;59;63;110;113;114;115;127;156;164;173;182;196;203;212;214;219;240;247;250;263;269;271;291;330;334;347;352;362;374;385;392;416;432;447;472;478;487;496;500;503;505;574;577;581;583;585;605;684;717
789,100;150
790,100;322
791,53;63;76;83;85;86;87;89;94;97;100;113;115;126;129;156;157;164;173;182;184;200;203;214;219;231;232;234;241;242;248;263;270;276;304;317;319;322;334;347;360;368;370;394;411;416;428;430;433;442;444;469;473;484;496;523;526;528;535;555;568;595;706;713;796;797;798;800
792,19;58;59;63;76;85;86;87;93;94;95;97;100;101;109;113;115;129;138;156;164;173;182;184;196;203;214;219;236;241;247;248;257;261;263;270;271;277;322;347;403;411;416;421;427;433;469;472;473;478;496;506;512;526;539;566;585;605;714;797;800;809;814
793,1;29;34;35;51;85;86;87;94;113;156;157;164;173;182;188;201;203;214;219;243;263;317;321;390;398;408;428;433;440;441;442;446;447;457;470;471;472;473;474;482;491;492;496;499;502;506;599;605;693;800;810
794,5;8;9;34;68;89;106;116;141;156;157;164;173;179;182;200;203;206;214;223;233;263;264;269;276;279;280;317;339;340;359;360;370;371;374;398;409;416;442;444;490;496;523;526;565;612;663;667;679;707;811;814
795,23;24;43;58;59;63;67;97;129;136;156;164;167;173;182;196;200;203;206;214;229;263;269;280;340;364;369;370;372;374;398;405;411;416;450;483;490;492;496;501;527;529;675;679;683;806;811;813
796,9;35;63;76;84;85;86;87;95;113;115;156;164;173;182;192;203;209;214;240;241;263;268;275;347;351;374;393;412;416;435;438;447;486;496;521;527;528;598;604;605;693;804
797,19;33;34;38;53;63;71;72;73;76;89;106;120;126;130;156;157;164;173;182;202;203;214;224;263;275;276;319;334;360;402;403;412;416;428;430;442;444;447;469;475;479;484;496;512;523;684;693;707;796;798;800
798,12;14;15;75;103;156;164;173;182;197;202;203;206;210;214;235;280;314;332;334;347;348;400;403;404;410;416;427;432;496;533;669;673;684;796
799,5;23;25;34;37;44;53;63;89;126;133;156;157;164;168;173;182;188;200;203;214;231;242;254;256;257;263;280;282;317;334;337;359;360;371;374;380;398;399;406;407;409;416;421;434;442;444;469;482;484;496;523;525;535;555;562;667;693;707;776;798;808;810
800,14;63;76;86;89;93;94;113;115;156;157;163;164;168;173;182;184;200;203;214;232;234;236;248;257;263;280;286;304;317;322;334;347;349;350;356;360;374;399;400;404;406;408;414;416;421;427;430;433;442;444;446;451;473;475;496;500;502;523;684;693;706;711;722;784;797;800
801,58;60;62;63;76;85;86;97;111;113;115;120;156;161;164;170;173;182;192;203;205;206;220;226;227;247;270;271;280;286;334;347;360;384;385;396;411;412;416;428;430;433;442;447;486;496;500;508;521;527;577;578;598;605;674;683;705;796;798;802
802,5;7;8;9;25;63;67;68;97;129;156;157;164;168;173;179;182;200;203;206;214;244;247;261;263;272;276;279;280;283;299;317;325;339;340;347;364;370;371;372;374;383;389;395;396;398;409;411;416;421;425;428;442;444;447;490;492;496;506;512;526;566;673;675;712;806;809;811
803,31;42;45;51;64;92;156;164;173;182;188;203;204;214;231;253;263;270;380;390;398;406;417;441;474;482;496;565;599
804,19;31;42;45;51;53;63;64;85;92;126;129;141;156;164;168;173;182;188;191;200;203;204;214;231;253;257;263;270;314;337;349;369;372;380;390;398;399;403;404;406;407;416;417;421;434;440;441;474;482;496;502;506;512;555;565;599;675;684;784;799;814
805,23;25;33;34;36;38;88;89;106;113;115;156;157;164;173;182;201;203;214;219;263;276;285;317;334;335;350;360;393;416;428;430;433;442;444;446;469;472;475;478;484;496;502;523;535;667;693;707;776;796;798;800
806,7;52;53;63;76;83;94;95;101;109;113;120;126;156;164;168;173;182;203;214;227;241;247;253;257;261;263;269;271;277;310;315;347;350;371;374;399;421;428;473;492;496;500;510;595;720;797
807,5;6;7;9;10;25;63;67;85;86;87;97;98;129;154;156;163;164;173;179;182;184;200;203;206;209;214;231;252;263;268;269;270;276;279;280;299;339;340;347;370;372;374;396;409;411;416;435;447;468;486;490;496;501;512;521;526;527;528;555;583;604;612;675;693;721;804;811
808,29;39;84;85;86;106;151;156;164;173;182;203;214;263;334;360;430;496;796
809,5;8;9;25;29;34;39;58;63;76;84;85;86;87;89;106;120;151;156;157;164;173;182;203;214;223;263;276;280;317;334;360;416;430;435;442;484;496;604;663;667;693;742;776;796;798
810,5;10;14;21;25;45;67;70;73;74;75;76;103;116;129;156;164;173;182;202;203;206;213;214;241;252;253;263;267;269;282;283;345;359;369;372;374;388;409;412;447;452;496;512;520;526;669;785;803
811,5;10;14;21;25;45;67;75;76;103;116;129;156;164;173;182;202;203;206;213;214;241;253;263;269;282;283;345;369;372;374;409;412;447;452;458;496;512;520;526;669;785;803
812,5;10;14;21;25;34;45;63;67;75;76;89;103;116;129;156;164;173;182;184;202;203;206;213;214;241;253;263;269;276;280;282;283;304;331;338;339;341;345;369;372;374;409;411;412;414;416;437;447;452;458;496;512;520;523;526;555;568;580;586;663;667;669;693;707;776;778;785;803
813,24;25;28;29;33;38;45;52;53;67;68;97;98;116;126;129;136;156;162;164;173;179;182;203;213;214;226;241;257;263;269;299;315;340;341;369;372;389;424;441;486;488;490;496;502;512;519;526
814,24;25;29;33;38;45;52;53;67;68;97;98;116;126;129;156;164;173;179;182;203;213;214;226;241;257;263;269;299;315;339;340;341;369;372;394;424;441;486;488;490;496;502;512;519;526
815,7;24;25;29;33;38;45;52;53;63;67;68;83;97;98;116;126;129;156;164;173;179;182;203;213;214;226;241;247;257;263;269;270;279;299;307;315;339;340;341;364;369;372;394;411;416;424;428;441;442;486;488;490;496;502;512;519;526;555;756;780;811;815
816,1;20;45;54;55;57;104;113;114;115;129;156;164;173;182;203;213;214;219;226;240;250;263;291;311;330;340;341;352;369;389;392;420;453;487;496;518;526;565;710;715
817,1;20;45;55;57;113;115;129;156;164;173;182;203;213;214;219;226;240;250;263;291;311;330;340;341;352;369;374;389;487;496;518;526;710;715
818,1;14;20;45;55;56;57;58;59;63;97;113;115;116;118;127;129;156;164;173;182;196;203;213;214;219;226;240;247;250;263;291;308;311;330;333;340;341;352;369;374;389;399;403;416;487;496;503;512;518;526;710;715;745;784;799
819,33;34;39;44;68;91;111;133;156;162;164;168;173;182;187;203;205;213;214;231;242;253;254;255;256;263;304;331;341;360;371;372;374;387;402;496;541;562;693;747
820,14;33;34;39;44;63;68;89;91;133;156;162;164;168;173;182;203;213;214;231;242;253;254;255;256;263;276;304;331;341;343;360;371;372;374;402;416;422;423;424;496;528;541;562;693;706;707;747;776
821,19;28;31;43;64;65;97;116;129;143;156;164;168;173;179;180;182;184;203;207;213;214;249;263;269;279;313;355;365;366;369;371;372;403;413;417;432;468;496;514;526;681;814
822,19;31;43;64;65;97;116;129;156;164;168;173;179;182;184;203;207;213;214;263;269;279;313;365;369;371;372;403;413;417;468;496;514;526;681;814
823,19;31;34;43;63;64;65;97;103;113;115;116;129;156;164;168;173;179;182;184;203;207;211;213;214;263;269;279;313;319;334;339;365;369;371;372;403;413;416;417;430;442;468;484;496;514;526;542;681;776;796;814
824,48;105;522;564;611
825,76;93;94;113;115;141;156;164;173;182;203;213;214;219;247;248;263;270;271;285;286;334;347;371;384;385;405;412;428;433;472;473;478;496;500;502;522;678;776;797
826,60;63;76;93;94;95;97;109;113;115;141;156;164;173;182;202;203;213;214;219;226;243;247;248;263;270;271;277;285;286;334;347;369;371;384;385;405;412;416;427;428;433;472;473;478;495;496;500;502;522;678;776;797
827,39;91;97;98;103;129;156;164;168;173;182;203;213;214;226;251;259;263;269;282;313;336;341;372;389;400;417;468;492;496;501;541;555;583;808
828,39;63;91;94;97;98;103;129;156;164;168;173;182;203;213;214;226;242;247;251;263;269;313;341;369;372;389;399;400;416;417;421;422;423;424;447;468;492;496;512;541;555;575;583;807;808
829,47;73;74;75;76;77;78;79;113;156;164;173;182;202;203;204;213;214;229;230;235;241;263;270;304;312;331;345;388;412;437;447;496;536;580;670;676;803
830,47;63;75;76;113;156;164;173;178;182;202;203;204;213;214;229;230;235;241;263;270;304;311;312;331;345;402;412;416;437;447;496;536;538;580;670;676;803
831,23;24;29;33;36;38;45;68;86;97;111;156;164;173;179;182;203;207;213;214;263;371;383;385;470;486;496;528;538;803
832,14;24;25;29;33;34;36;38;45;63;86;97;111;156;164;173;179;182;203;213;214;226;263;340;371;383;385;387;416;428;470;486;496;514;528;538;776;803
833,29;33;34;44;55;56;57;68;130;156;164;173;182;203;213;214;240;250;263;279;291;341;371;372;380;423;496;525;710;746;799;806
834,14;29;33;34;44;55;56;57;58;59;63;68;89;91;127;156;157;164;173;182;184;201;203;206;213;214;224;231;240;242;250;263;276;279;291;317;328;330;334;341;350;371;372;397;398;414;416;423;444;446;457;496;503;523;534;667;675;684;707;710;746;776;799;800;806
835,28;33;38;39;44;46;85;86;87;91;129;156;164;173;182;203;204;209;213;214;242;253;263;268;270;336;422;424;435;486;488;496;521;528;555;583;609;804
836,33;39;44;46;63;85;86;87;91;97;116;129;156;164;173;182;203;204;209;213;214;242;253;263;268;270;304;339;416;422;424;486;496;521;528;555;582;583;598;604;609;706;804
837,33;91;108;115;120;153;156;157;164;173;182;189;191;201;203;213;214;229;246;261;263;317;328;334;335;350;360;397;442;444;446;479;496;510;535;800
838,33;53;83;91;108;115;120;126;156;157;164;173;182;191;201;203;213;214;229;246;257;261;263;315;317;328;334;350;360;394;397;442;444;446;479;484;488;496;503;510;535;667;682;776;800;815
839,5;7;25;33;34;53;63;76;83;89;91;108;115;120;126;156;157;164;173;182;191;201;203;213;214;229;246;257;261;263;315;317;328;334;350;360;394;397;414;416;442;444;446;479;484;488;496;503;510;523;535;667;682;749;776;800;815
840,110;111;205;213;278;310;389;434;803
841,17;19;63;73;74;76;110;116;156;164;173;182;184;200;202;203;213;214;225;239;241;263;278;310;331;334;349;369;402;403;406;407;412;416;434;447;484;491;496;512;788;803;814
842,23;29;34;63;73;74;76;89;105;110;113;115;133;156;164;173;174;182;200;202;203;213;214;219;230;241;263;276;278;310;331;334;360;371;402;406;412;416;434;447;484;496;523;667;776;787;803
843,21;28;29;35;89;91;103;107;137;156;164;173;182;189;201;203;213;214;263;328;341;342;387;407;414;489;496;523;529;562;693;799;806;815
844,21;28;29;35;63;89;91;103;107;130;137;156;157;164;173;182;200;201;203;213;214;263;317;328;334;341;350;414;416;424;428;442;444;446;489;496;523;529;542;667;693;776;799;806;815
845,19;31;37;55;56;57;58;59;63;64;65;97;133;156;164;168;173;179;182;196;203;211;213;214;240;250;253;254;255;256;263;276;291;297;311;332;355;365;372;392;403;413;416;432;496;503;542;562;675;710;814
846,31;37;38;44;64;97;116;127;129;156;163;164;173;182;203;213;214;240;242;250;263;280;291;340;367;370;372;398;400;423;453;496;503;529;673;675;706;710;799
847,31;38;44;56;57;63;64;97;116;127;129;156;164;173;182;184;203;213;214;240;242;250;263;280;291;340;370;372;398;416;423;453;496;503;529;673;675;706;710;799;812
848,45;51;156;164;173;175;182;203;213;214;227;263;283;319;496;562;609;612;715
849,5;7;9;25;43;45;51;63;84;85;86;87;92;103;129;156;164;173;175;182;184;188;203;207;209;213;214;227;253;263;268;269;304;351;371;374;398;409;416;435;441;474;482;486;491;496;500;506;508;521;528;555;562;568;586;598;609;675;715;786;804
850,21;35;44;52;83;108;111;141;156;164;172;173;182;203;205;213;214;241;242;257;263;282;405;438;450;474;489;496;503;522;535;679;680;682;693;806;815
851,21;35;44;52;53;63;76;83;108;126;141;156;164;172;173;182;203;213;214;241;242;257;261;263;315;394;404;405;416;422;424;438;450;474;489;496;503;517;535;595;679;680;682;693;806;815
852,5;8;20;34;43;66;69;127;156;164;173;179;182;197;203;213;214;220;249;263;269;276;279;280;291;330;339;341;362;364;370;371;389;411;487;496;509;514;526;612;710;811
853,5;8;20;34;43;56;57;63;66;91;127;156;164;173;179;182;184;190;197;203;213;214;249;250;263;269;276;279;280;291;330;339;341;362;364;370;371;409;411;416;496;514;526;576;693;707;710;753;806;811
854,72;94;110;118;156;164;173;182;202;203;214;226;247;261;262;263;271;286;310;312;371;389;399;417;472;473;492;496;500;502;504;506;566;597;809
855,63;72;94;110;113;115;118;120;156;164;173;174;182;202;203;214;226;247;261;262;263;271;286;310;312;371;389;399;416;417;472;473;492;496;500;502;504;506;566;597;668;752;809
856,60;86;93;94;113;156;164;173;182;202;203;204;213;214;219;226;263;270;285;286;312;345;347;361;399;473;495;496;500;505;511;574;577;583;589;595;597;605;609;791;797
857,60;86;93;94;113;156;164;173;182;202;203;204;213;214;219;226;263;270;285;286;312;345;347;361;399;473;496;500;505;574;577;583;589;595;605;693;791;797
858,14;60;63;86;93;94;113;156;164;173;182;202;203;204;213;214;219;226;247;248;263;270;285;286;312;345;347;361;384;385;399;416;421;427;433;438;472;473;478;496;500;505;574;577;583;589;595;605;693;750;791;797;802
859,5;25;44;67;86;118;141;156;164;168;173;182;203;207;213;214;252;253;259;260;263;269;271;279;313;372;389;399;409;417;492;496;514;577;583;590;605;807;808
860,5;25;44;67;86;113;115;118;141;156;164;168;173;182;203;207;213;214;252;253;259;260;263;269;271;279;313;372;389;399;409;417;421;492;496;514;577;583;590;605;675;793;807;808
861,5;7;8;9;25;34;44;63;67;86;113;115;116;118;141;156;164;168;173;182;184;203;207;213;214;242;252;253;259;260;263;269;271;276;279;280;313;339;359;372;384;389;399;409;411;416;417;421;438;472;490;492;496;514;577;583;590;605;612;663;675;707;776;789;793;807;808
862,5;7;8;9;25;28;29;33;34;36;38;42;43;57;58;59;63;66;67;68;85;86;87;91;103;116;122;129;154;156;164;168;173;179;182;184;196;203;213;214;231;238;240;241;247;250;263;269;270;271;279;280;304;313;334;339;341;370;371;372;374;400;402;404;415;416;421;440;441;447;468;496;514;526;555;608;675;707;776;792;808
863,6;10;14;34;37;45;63;85;87;91;103;133;154;156;163;164;168;173;182;203;207;213;214;226;231;232;240;241;242;247;252;253;263;269;304;319;334;360;368;369;370;371;372;374;399;402;416;417;421;441;442;468;484;492;496;514;526;583;675;796;808
864,33;34;42;50;56;57;58;59;63;89;91;94;101;103;106;113;115;120;133;141;156;157;164;173;174;180;182;195;196;201;202;203;213;214;219;240;241;243;246;247;250;258;261;263;279;288;310;317;333;334;347;350;362;408;414;416;444;446;496;503;506;523;668;675;707;710;800;807;809
865,14;21;28;34;43;64;116;156;164;173;182;197;203;210;211;213;214;241;249;263;270;276;279;280;282;334;348;370;372;398;413;432;496;514;515;526;660;669;675;693;794;803;811;814
866,1;5;8;24;25;34;58;59;60;63;76;85;86;87;93;94;95;102;103;113;115;118;156;164;168;173;182;196;203;204;213;214;219;226;227;229;240;241;243;247;248;253;258;263;269;270;271;272;278;280;285;298;303;313;333;334;335;347;371;374;383;384;385;389;409;411;412;416;417;419;420;428;433;447;472;473;478;492;495;496;500;502;573;581;605;678;707;797;813
867,21;50;63;89;94;101;114;133;156;157;164;168;173;174;182;184;194;201;203;212;213;214;219;240;247;261;263;269;271;279;285;286;310;313;317;328;334;347;350;371;384;385;390;399;406;412;414;416;417;421;428;433;444;446;447;470;471;472;496;502;506;523;566;578;693;776;809
868,33;105;151;156;164;173;182;186;203;204;213;214;230;263;270;312;374;387;494;496;500;577;581;597;605;608
869,33;63;76;94;105;113;118;151;156;161;164;173;182;186;202;203;204;213;214;219;227;230;263;270;286;312;313;345;347;374;409;412;416;472;473;478;494;496;500;577;581;583;595;597;605;777;802
870,14;29;33;63;68;97;103;116;156;157;164;173;179;182;203;206;214;224;249;251;263;270;276;279;280;317;334;339;370;371;372;398;411;416;428;442;496;514;660;675;684;748;811
871,31;42;55;56;57;61;64;84;85;86;87;105;120;156;164;173;174;179;182;191;203;209;213;214;240;262;263;268;330;362;367;371;372;389;390;398;435;474;496;503;506;599;604;675;710;716;804
872,156;164;173;181;182;196;203;213;214;243;263;333;405;450;496;522;584;806
873,54;58;59;62;63;78;113;115;141;156;164;173;181;182;196;202;203;213;214;219;258;263;270;286;297;311;333;347;366;369;403;405;416;419;432;469;483;496;512;522;542;583;605;611;694;806;813;814
874,23;25;34;63;88;89;120;156;157;164;173;174;182;201;203;213;214;219;246;263;276;286;317;328;334;335;350;356;372;397;414;416;444;446;469;472;484;496;523;535;693;707;776;800
875,8;29;33;38;54;56;57;58;59;97;115;127;133;156;164;173;179;181;182;187;196;203;213;214;250;258;263;291;311;333;334;362;392;419;428;442;457;487;496;556;573;694;710
876,6;60;94;118;129;156;161;164;173;182;203;213;214;227;244;247;248;252;263;270;271;286;304;312;326;345;347;384;387;409;412;428;433;471;472;473;478;495;496;500;502;574;577;583;589;595;605;678;797;805
877,9;37;39;43;44;84;85;86;87;97;98;129;156;162;164;168;173;182;184;200;203;207;209;213;214;229;242;252;253;259;260;263;268;269;279;280;313;321;331;371;372;374;399;402;417;422;423;424;486;492;496;511;521;527;528;555;575;604;681;706;707;783;804;808
878,18;21;23;25;33;34;38;45;70;90;91;103;111;156;157;164;173;174;182;203;205;207;213;214;249;263;276;280;317;334;341;350;374;414;428;438;442;446;496;523;526;562;583;667;693;707;776;796;798
879,23;25;33;34;45;63;70;89;91;103;156;157;164;173;182;184;200;203;205;213;214;249;263;269;276;279;280;317;334;341;350;371;374;414;416;428;430;438;442;444;446;484;496;523;526;535;555;583;667;693;707;776;796;798
880,5;9;21;23;25;33;34;53;63;67;83;84;85;86;87;89;126;156;157;164;173;182;200;203;214;231;240;241;246;263;268;269;317;332;337;350;365;406;407;414;416;422;424;434;435;444;486;496;523;525;528;667;693;707;754;784;800;804
881,5;9;21;25;34;56;57;58;59;63;67;84;85;86;87;156;157;164;173;181;182;196;203;214;231;240;246;258;263;268;269;304;317;333;350;365;371;416;419;422;423;435;444;486;496;497;523;528;556;573;707;754;800;804
882,23;25;33;34;44;55;56;57;63;67;89;127;141;156;157;162;164;173;182;200;203;214;225;240;242;246;250;263;291;317;350;362;406;407;414;416;423;428;434;442;444;496;503;523;693;706;707;710;755;800
883,34;44;55;56;57;58;59;63;127;156;157;162;164;173;181;182;196;203;214;240;242;246;250;258;263;291;317;333;334;350;362;416;419;423;428;442;444;496;556;573;694;706;710;755;800
884,14;34;43;63;76;85;86;87;103;113;115;156;157;163;164;173;182;184;200;203;213;214;232;243;249;263;280;317;319;334;337;360;368;399;400;406;416;430;434;442;444;446;468;484;492;496;525;555;673;707;776;784;796;798
885,44;50;86;98;104;109;129;156;164;173;174;182;203;213;214;226;263;270;288;310;389;434;496;525;611
886,36;38;44;53;56;57;85;86;87;97;98;126;129;156;164;168;173;182;199;200;203;211;213;214;226;247;251;261;263;270;291;310;349;362;369;372;387;406;407;434;458;496;502;503;506;512;566;611;706;784
887,19;34;36;38;44;53;56;57;63;76;85;86;87;97;98;113;115;126;129;156;161;164;168;173;182;199;200;203;211;213;214;225;226;247;251;261;263;270;291;310;337;349;362;369;372;387;389;406;407;416;434;458;496;502;503;506;512;566;611;706;751;784
888,14;44;63;91;97;98;116;129;156;163;164;173;179;182;184;203;206;214;231;232;242;263;270;279;280;286;304;336;370;372;403;411;416;422;423;424;427;442;496;501;514;526;528;533;541;555;583;585;669;673;693;706;796
889,44;63;76;91;97;98;113;115;116;129;156;163;164;173;179;182;184;203;214;219;231;232;242;263;270;279;286;304;334;336;368;370;371;384;385;411;416;422;423;424;430;442;469;496;514;526;528;541;555;583;585;605;673;706;796;811
890,19;53;63;76;92;97;103;105;109;113;115;156;164;173;182;184;188;203;214;247;263;322;342;349;371;372;390;398;406;416;430;434;440;474;482;496;525;595;599;693;744;795;800
891,5;7;8;9;25;29;34;43;67;68;91;116;156;164;173;179;182;184;197;203;213;214;223;249;263;264;270;276;279;280;332;339;369;370;428;442;490;496;512;514;526;811
892,5;7;8;9;25;29;34;43;67;68;91;116;129;156;157;164;173;179;182;184;197;203;206;213;214;223;242;249;251;263;264;269;270;276;279;280;317;332;334;339;369;370;371;372;374;389;396;398;399;409;411;416;428;442;444;490;492;496;512;514;526;555;663;675;776;808;811;817
893,5;10;20;22;25;34;37;43;44;63;67;74;76;91;129;154;156;157;164;168;173;182;184;202;203;207;214;227;231;235;241;242;263;269;276;279;280;304;317;331;339;341;345;359;369;370;371;372;374;399;402;409;412;416;417;438;447;496;512;555;580;663;669;675;693;707;803;808;816
894,34;37;63;84;85;86;87;97;103;113;115;120;129;153;156;164;173;182;192;199;203;214;229;240;245;246;263;340;351;372;393;416;486;496;512;521;527;528;598;604;804;819
895,11;34;37;44;63;113;115;116;120;153;156;164;173;179;182;200;203;214;225;239;242;246;263;337;349;359;406;416;422;424;434;496;673;784;799;820
896,14;23;24;33;34;36;37;38;39;54;58;59;63;156;164;173;182;184;196;200;203;214;224;242;253;258;259;263;269;276;333;334;341;370;371;372;416;419;484;496;523;555;556;667;675;684;707;776;808
897,23;24;33;34;36;37;38;39;50;63;97;109;114;129;156;164;173;182;184;203;214;242;247;253;261;263;269;341;347;371;372;399;416;417;427;492;496;506;523;555;566;707;808
898,1;6;63;72;73;74;76;93;94;97;113;115;118;129;156;161;164;173;182;202;203;214;219;226;227;241;248;263;270;271;285;286;312;331;345;347;384;385;402;412;416;428;433;437;447;472;473;478;496;500;502;505;577;580;669;676;678;683;791;797
10007,19;34;63;85;86;87;89;94;129;156;163;164;173;182;184;194;196;200;203;211;214;219;220;225;231;240;241;246;247;261;263;304;337;347;371;396;399;406;412;414;416;421;425;432;434;442;444;467;496;506;523;566;693;784;809;814
10008,84;85;86;87;104;109;113;115;129;156;164;168;173;182;203;214;240;241;247;253;261;263;268;270;271;304;310;315;351;399;417;435;486;492;496;500;502;506;521;527;598;604;804;809
10009,56;84;85;86;87;104;109;113;115;129;156;164;168;173;182;203;214;240;241;247;253;261;263;268;270;271;304;310;351;399;417;435;486;492;496;500;502;506;521;527;598;604;804;809
10010,59;84;85;86;87;104;109;113;115;129;156;164;168;173;182;203;214;240;241;247;253;261;263;268;270;271;304;310;351;399;417;435;486;492;496;500;502;506;521;527;598;604;804;809
10011,84;85;86;87;104;109;113;115;129;156;164;168;173;182;203;214;240;241;247;253;261;263;268;270;271;304;310;351;399;403;417;435;486;492;496;500;502;506;521;527;598;604;804;809
10012,84;85;86;87;104;109;113;115;129;156;164;168;173;182;203;214;240;241;247;253;261;263;268;270;271;304;310;351;399;417;435;437;486;492;496;500;502;506;521;527;598;604;804;809
10016,29;33;36;37;38;39;44;55;56;57;58;61;97;127;129;156;164;173;175;179;182;184;196;203;213;214;240;242;250;253;258;263;269;276;279;283;291;330;340;341;362;372;401;423;428;453;457;487;496;503;515;706;710;799;812
10017,5;7;25;29;33;34;37;44;52;53;63;76;83;89;91;94;116;126;156;157;164;168;173;179;182;187;203;213;214;227;241;248;253;257;261;263;269;271;276;280;315;317;334;339;359;360;369;371;374;384;385;394;411;416;424;428;442;444;447;496;510;523;526;595;776;797;807;808
10019,16;19;34;37;43;44;63;94;97;156;164;168;173;182;184;188;196;203;207;213;214;231;240;242;253;257;263;269;276;279;280;310;311;314;326;339;359;366;369;371;372;374;399;403;411;416;417;447;482;492;496;512;542;693;808
10020,9;19;34;37;43;44;63;84;85;86;87;94;97;156;164;168;173;182;184;188;203;207;213;214;231;240;242;253;263;268;269;276;279;280;310;311;339;351;359;369;371;372;374;399;411;416;417;430;435;447;482;486;492;496;521;527;528;598;684;693;804;808
10021,14;19;34;43;63;88;89;90;91;94;120;156;157;164;173;182;184;188;200;201;203;213;214;231;263;276;280;286;311;317;326;328;335;339;341;347;359;369;371;374;411;414;416;444;446;447;482;496;523;693
10022,19;58;59;63;94;113;115;129;156;157;163;164;173;182;184;196;200;203;211;214;219;225;240;241;246;247;258;263;270;283;286;304;311;317;329;333;337;349;371;374;406;411;414;416;421;428;430;434;442;444;496;553;559;568;573;693;776;784;799;814
10023,19;58;59;63;94;113;115;129;156;157;163;164;173;182;184;196;200;203;211;214;219;225;240;241;246;247;258;263;270;283;286;304;311;317;329;333;337;349;371;374;406;411;414;416;421;428;430;434;442;444;496;554;558;568;573;693;776;784;799;814
10024,14;24;36;43;56;57;61;63;67;115;129;156;164;173;179;182;196;203;206;214;219;224;240;241;258;263;269;270;276;279;280;330;340;347;370;396;398;401;403;404;411;416;444;453;496;501;503;514;526;533;548;684;710;811;812
10025,6;10;43;60;63;85;86;91;93;94;113;115;129;156;164;173;182;203;204;213;214;219;231;240;241;247;248;252;263;270;271;272;285;313;326;343;345;347;371;389;399;412;416;417;428;433;451;472;473;478;496;500;502;526;541;574;583;678;797
10026,14;33;63;103;115;156;157;163;164;173;179;182;203;206;210;213;214;240;241;247;263;280;319;332;334;360;370;379;400;403;416;421;425;427;430;442;457;475;496;514;533;588;669;693;796
10027,50;53;73;75;76;94;109;113;126;156;157;164;168;173;174;182;184;188;194;202;203;213;214;219;220;241;247;261;263;271;285;286;310;331;360;388;399;402;412;425;433;447;492;496;502;506;567;595;803;806;809
10028,50;53;73;75;76;94;109;113;126;156;157;164;168;173;174;182;184;188;194;202;203;213;214;219;220;241;247;261;263;271;285;286;310;331;360;388;399;402;412;425;433;447;492;496;502;506;567;595;803;806;809
10029,50;53;73;75;76;94;109;113;126;156;157;164;168;173;174;182;184;188;194;202;203;213;214;219;220;241;247;261;263;271;285;286;310;331;360;388;399;402;412;425;433;447;492;496;502;506;567;595;803;806;809
10030,53;63;73;75;76;94;109;113;126;153;156;157;164;168;173;182;184;188;202;203;213;214;219;220;241;247;261;263;271;285;286;310;331;360;388;399;402;411;412;416;417;425;433;438;447;492;496;502;506;566;567;585;595;693;803;806;809
10031,53;63;73;75;76;94;109;113;126;153;156;157;164;168;173;182;184;188;202;203;213;214;219;220;241;247;261;263;271;285;286;310;331;360;388;399;402;411;412;416;417;425;433;438;447;492;496;502;506;566;567;585;595;693;803;806;809
10032,53;63;73;75;76;94;109;113;126;153;156;157;164;168;173;182;184;188;202;203;213;214;219;220;241;247;261;263;271;285;286;310;331;360;388;399;402;411;412;416;417;425;433;438;447;492;496;502;506;566;567;585;595;693;803;806;809
10094,5;6;9;21;25;34;39;45;57;84;85;86;87;91;97;98;104;113;115;129;156;164;168;173;179;182;186;203;204;209;213;214;227;231;240;253;263;270;280;364;374;417;435;447;486;496;521;527;528;577;583;589;604;609;804
10095,5;6;9;21;25;34;39;45;57;84;85;86;87;91;97;98;104;113;115;129;156;164;168;173;179;182;186;203;204;209;213;214;227;231;240;253;263;270;280;364;374;417;435;447;486;496;521;527;528;577;583;589;604;609;804
10096,5;6;9;21;25;34;39;45;57;84;85;86;87;91;97;98;104;113;115;129;156;164;168;173;179;182;186;203;204;209;213;214;227;231;240;253;263;270;280;364;374;417;435;447;486;496;521;527;528;577;583;589;604;609;804
10097,5;6;9;21;25;34;39;45;57;84;85;86;87;91;97;98;104;113;115;129;156;164;168;173;179;182;186;203;204;209;213;214;227;231;240;253;263;270;280;364;374;417;435;447;486;496;521;527;528;577;583;589;604;609;804
10098,5;6;9;21;25;34;39;45;57;84;85;86;87;91;97;98;104;113;115;129;156;164;168;173;179;182;186;203;204;209;213;214;227;231;240;253;263;270;280;364;374;417;435;447;486;496;521;527;528;577;583;589;604;609;804
10099,5;6;9;21;25;34;39;45;57;84;85;86;87;91;97;98;104;113;115;129;156;164;168;173;179;182;186;203;204;209;213;214;227;231;240;253;263;270;280;364;374;417;435;447;486;496;521;527;528;577;583;589;604;609;804
10100,5;6;9;21;25;34;39;45;57;63;84;85;86;87;91;94;97;98;104;113;115;129;156;164;168;173;179;182;186;203;204;209;213;214;219;227;231;240;248;253;263;270;280;347;364;374;411;416;417;435;447;473;478;486;496;500;502;521;527;528;577;583;589;604;609;683;797;804
10101,8;10;14;34;54;59;68;89;91;111;129;133;141;154;156;157;163;164;168;173;174;175;181;182;196;203;205;210;213;214;219;229;231;232;241;258;263;280;306;317;333;334;360;374;398;400;404;419;421;442;446;468;496;523;526;675;796;798;813
10102,8;10;14;34;42;54;59;63;89;91;97;111;129;133;141;154;156;157;163;164;168;173;181;182;191;196;203;205;210;213;214;219;229;231;232;241;258;263;280;317;333;334;360;368;374;398;404;411;416;419;421;442;446;496;523;526;529;556;675;796;798;813
10103,34;39;46;50;54;58;59;62;91;95;97;109;129;156;164;173;175;180;181;182;196;203;204;213;214;219;227;231;240;258;263;286;288;311;326;329;336;371;384;399;420;428;492;496;506;541;573;577;585;608;694
10104,34;39;50;54;58;59;62;63;76;91;97;109;129;156;164;173;180;181;182;196;203;204;213;214;219;227;231;240;258;263;286;288;311;313;326;329;347;371;384;399;416;417;419;420;428;472;473;492;496;500;506;541;577;581;605;694;813
10105,28;29;34;37;45;89;90;91;97;103;156;157;164;168;173;179;182;188;189;201;203;213;214;232;241;246;251;253;262;263;310;317;319;334;372;389;414;421;430;442;468;496;502;515;523;526;707;796;815
10106,28;34;45;63;89;90;91;97;103;156;157;161;164;168;173;179;182;188;189;201;203;213;214;232;241;251;253;263;310;317;328;334;372;389;400;414;416;421;430;442;444;482;496;502;523;526;667;707;796;815
10107,6;10;34;44;45;85;87;91;95;103;129;133;154;156;164;168;173;175;180;182;196;203;204;213;214;231;240;241;247;252;253;260;263;269;304;343;364;369;371;372;399;400;402;417;421;441;492;496;514;526;575;583;675;808
10108,6;10;34;44;45;63;85;87;91;103;129;133;154;156;164;168;173;182;196;203;204;213;214;231;240;241;247;251;252;253;263;269;304;313;364;369;371;372;399;400;402;408;415;416;417;421;441;492;496;511;514;526;555;583;675;806;807;808
10114,14;53;63;67;71;72;73;76;89;93;94;95;113;115;120;156;164;168;173;182;188;200;202;203;213;214;231;235;241;253;263;276;280;285;326;331;345;384;388;402;406;412;416;428;433;434;437;438;442;447;452;473;496;523;580;692;693;707;784;803;805
10115,5;7;9;14;25;29;34;37;38;39;45;53;58;59;63;67;83;85;87;89;91;103;116;126;129;155;156;157;164;168;172;173;182;189;196;198;200;201;203;206;213;214;231;240;241;247;253;257;261;263;280;283;286;317;334;374;394;399;411;414;416;442;444;446;496;502;506;514;523;675;693;707;708;807;809;815
10118,20;34;44;63;89;91;114;129;137;156;157;164;173;179;182;200;201;203;214;219;225;231;241;242;263;276;280;304;349;371;406;411;414;416;428;434;444;447;482;489;496;514;523;614;615;616;667;687;707;784;799;806;815
10119,20;34;44;63;89;91;114;129;137;156;157;164;173;179;182;200;201;203;214;219;225;231;241;242;263;276;280;304;349;371;406;411;414;416;428;434;444;447;482;489;496;514;523;614;615;616;667;687;707;784;799;806;815
10120,20;34;44;63;89;91;114;129;137;156;157;164;173;179;182;200;201;203;214;219;225;231;241;242;263;276;280;304;349;371;406;411;414;416;428;434;444;447;482;489;496;514;523;614;615;616;667;687;707;784;799;806;815
10126,5;7;9;14;25;28;33;43;44;46;68;88;104;156;157;164;173;179;182;184;200;201;203;213;214;231;242;253;263;269;279;280;304;317;334;336;339;350;370;371;414;416;422;424;428;442;444;446;490;492;496;555;583;675;706;707;808
10127,36;38;45;54;55;56;57;58;89;127;156;164;173;182;203;213;214;231;240;250;251;253;258;263;270;283;291;330;341;352;362;369;392;401;487;496;503;523;710;715;799;812
10143,10;14;63;85;86;87;94;102;103;104;113;141;150;156;163;164;168;173;174;182;194;202;203;204;213;214;219;220;247;251;261;263;269;271;288;310;339;371;374;383;399;404;409;416;421;425;433;452;468;478;496;506;526;566;577;583;605;608;807
10147,58;60;62;63;76;85;86;97;111;113;115;120;156;161;164;170;173;182;192;203;205;206;220;226;227;247;270;271;280;286;334;347;360;384;385;396;411;412;416;428;430;433;442;447;486;496;500;508;521;527;577;578;598;605;674;683;705;796;798;802
10148,5;6;9;21;25;34;39;45;57;84;85;86;87;91;97;98;104;113;115;129;156;164;168;173;179;182;186;203;204;209;213;214;227;231;240;253;263;270;280;364;374;417;435;447;486;496;521;527;528;577;583;589;604;609;804
10151,14;28;33;37;43;44;46;88;104;156;157;164;173;182;184;203;213;214;231;242;263;269;283;304;317;334;336;387;414;422;424;428;442;444;446;496;555;583;707
10152,14;28;33;43;44;46;68;88;98;104;116;156;157;164;173;179;182;184;200;201;203;213;214;231;242;263;269;280;304;306;317;334;336;339;350;370;389;414;416;422;424;428;442;444;446;496;501;526;529;541;555;583;706;707;709
10155,14;63;76;86;89;93;94;113;115;156;157;163;164;168;173;182;184;200;203;214;232;234;236;248;257;263;280;286;304;317;322;334;347;349;350;356;360;374;399;400;404;406;408;414;416;421;427;430;433;442;444;446;451;473;475;496;500;502;523;684;693;706;711;722;784;797;800
10156,14;63;76;86;89;93;94;113;115;156;157;163;164;168;173;182;184;200;203;214;232;234;236;248;257;263;280;286;304;317;322;334;347;349;350;356;360;374;399;400;404;406;408;414;416;421;427;430;433;442;444;446;451;473;475;496;500;502;523;684;693;706;711;722;784;797;800
10160,5;6;9;21;25;34;39;45;57;84;85;86;87;91;97;98;104;113;115;129;156;164;168;173;179;182;186;203;204;209;213;214;227;231;240;253;263;270;280;364;374;417;435;447;486;496;521;527;528;577;583;589;604;609;804
10161,6;10;14;34;37;38;45;85;87;91;103;133;154;156;163;164;168;173;174;175;180;182;203;207;213;214;231;232;240;241;242;247;252;253;263;269;304;319;334;343;360;369;371;372;399;400;402;417;421;441;442;468;492;496;514;526;583;675;796;808
10162,23;24;32;33;34;36;37;38;39;45;60;67;93;94;95;97;129;156;164;173;182;203;204;213;214;231;234;248;263;286;340;347;361;428;496;500;502;505;528;583;584;595;605;667;797
10163,6;14;23;33;34;36;39;45;60;63;67;93;94;97;98;129;156;164;173;182;203;204;213;214;224;226;231;248;263;286;340;347;361;416;427;428;433;472;478;496;500;502;505;528;529;581;583;584;595;605;667;675;678;684;797
10164,6;23;29;33;34;45;50;51;53;56;57;58;59;86;89;91;93;94;113;126;129;133;156;161;164;173;174;182;187;196;203;213;214;219;231;240;241;244;247;248;250;258;263;271;281;285;286;291;303;311;335;341;347;352;362;428;433;447;472;473;492;496;500;503;505;523;562;678;710;797
10165,5;6;8;25;29;33;34;45;50;51;53;56;57;58;59;63;86;89;91;93;94;110;113;126;129;133;156;161;164;173;174;182;188;196;203;213;214;219;231;240;241;244;247;248;250;258;263;271;280;281;285;286;291;303;311;330;334;341;347;352;362;374;398;409;411;416;417;419;428;433;447;472;473;474;482;492;496;500;503;505;523;534;678;693;710;797;801
10166,14;21;28;34;38;43;64;68;98;116;143;156;164;173;174;175;182;197;203;210;211;213;214;241;249;263;270;276;279;280;282;343;348;364;370;372;398;400;413;432;493;496;501;514;515;526;669;675;693;814
10167,33;53;63;85;87;92;103;108;114;120;123;124;126;139;153;156;164;168;173;182;188;194;203;213;214;240;241;247;253;257;261;262;263;269;312;315;360;371;372;390;399;416;432;458;472;474;482;496;499;562;581;583;584;597;599;605;693;790;802;810
10168,1;5;8;24;25;34;58;59;60;63;76;85;86;87;93;94;95;102;103;109;113;115;118;156;164;168;173;182;196;203;204;213;214;219;226;227;229;240;241;243;247;248;252;253;258;263;269;270;271;272;278;280;285;298;321;333;334;347;371;374;383;384;385;389;409;411;412;416;417;419;420;428;433;447;471;472;473;478;492;496;500;502;573;581;605;678;707;797;813
10169,16;19;63;93;94;95;97;105;113;115;129;138;156;164;170;173;182;184;203;211;214;246;247;248;263;285;286;304;347;366;369;375;384;385;403;413;416;427;433;473;496;500;502;542;797;814;821
10170,19;25;63;64;65;67;68;97;103;113;116;129;156;164;173;179;182;184;197;203;211;214;246;249;263;269;276;279;280;299;339;340;365;369;370;371;372;413;416;490;496;501;512;514;542;675;707;811;814;823
10171,16;17;19;43;63;97;129;143;156;164;173;182;184;203;211;214;219;246;247;262;263;269;286;304;369;371;372;389;399;403;413;416;417;492;495;496;506;542;555;808;814;822
10172,5;6;8;25;29;33;34;45;50;51;53;56;57;58;59;63;86;89;91;93;94;113;126;129;133;156;161;164;173;174;182;188;196;203;207;213;214;219;231;240;241;244;247;248;250;258;263;271;280;281;285;286;291;303;311;330;334;341;347;352;362;374;408;409;411;416;417;419;428;433;447;472;473;474;482;492;496;500;503;505;506;523;534;599;678;710;797;826
10173,33;34;50;56;57;58;59;89;91;94;101;103;106;109;113;114;115;120;133;156;157;164;173;174;180;182;194;196;201;202;203;213;214;219;240;241;243;246;247;250;258;261;263;267;288;310;317;333;334;347;350;352;362;408;414;444;446;457;496;503;506;523;668;675;707;710;800
10174,28;29;33;34;36;38;42;43;57;58;59;68;85;86;87;91;103;122;129;156;164;168;173;182;184;196;203;213;214;231;240;241;247;250;263;269;270;271;282;304;313;341;371;372;374;402;441;447;496;501;514;526;555;575;608;808
10175,28;29;33;34;36;38;42;43;57;58;59;63;68;85;86;87;91;103;122;129;154;156;164;168;173;182;184;196;203;213;214;231;240;241;247;250;263;269;270;271;304;313;341;371;372;374;400;402;415;416;421;441;447;468;496;514;526;555;608;675;707;776;808
10176,5;7;8;25;29;33;36;37;44;53;58;59;76;83;91;116;126;156;157;164;168;172;173;181;182;187;203;213;214;227;241;253;257;261;263;264;269;276;280;281;315;317;359;360;369;374;394;419;423;424;428;447;496;510;526;573;612
10177,5;7;8;25;29;33;34;37;44;53;58;59;63;76;83;89;91;94;116;126;156;157;164;168;173;179;181;182;187;203;213;214;227;241;253;257;261;263;269;276;280;315;317;334;339;360;369;371;374;394;411;416;419;423;424;428;442;444;447;496;523;526;556;776;807;808
10178,5;7;8;25;29;33;34;37;44;53;58;59;63;76;83;89;91;94;116;126;156;157;164;168;173;179;181;182;187;203;213;214;227;241;253;257;261;263;269;276;280;315;317;334;339;360;369;371;374;394;411;416;419;423;424;428;442;444;447;496;523;526;556;776;807;808
10179,21;50;89;94;101;114;156;157;164;168;173;174;182;194;201;203;212;213;214;219;240;247;261;262;263;271;285;286;310;313;317;334;347;371;390;399;412;414;417;428;433;470;471;472;496;502;506;578;693;809
10180,20;33;55;57;68;86;89;90;91;103;156;157;164;173;174;175;180;182;188;189;201;203;213;214;220;232;240;242;253;263;279;281;310;317;319;330;334;340;341;371;389;414;423;430;444;446;482;492;496;503;513;523;707;779;796;805;808
10181,20;34;44;63;89;91;114;129;137;156;157;164;173;179;182;200;201;203;214;219;225;231;241;242;263;276;280;304;349;371;406;411;414;416;428;434;444;447;482;489;496;514;523;614;615;616;667;687;707;784;799;806;815
10182,19;31;37;55;56;57;58;59;63;64;65;97;133;156;164;168;173;179;182;196;203;211;213;214;240;250;253;254;255;256;263;276;291;297;311;332;355;365;372;392;403;413;416;432;496;503;542;562;675;710;814
10183,19;31;37;55;56;57;58;59;63;64;65;97;133;156;164;168;173;179;182;196;203;211;213;214;240;250;253;254;255;256;263;276;291;297;311;332;355;365;372;392;403;413;416;432;496;503;542;562;675;710;814
10184,5;7;9;25;43;45;51;63;84;85;86;87;92;103;129;156;164;173;175;182;184;188;203;207;209;213;214;227;253;263;268;269;304;351;371;374;398;409;416;435;441;482;486;491;496;500;506;521;528;555;562;568;586;598;599;602;609;675;715;786;804
10185,8;29;33;38;54;56;57;58;59;97;115;127;133;156;164;173;179;181;182;187;196;203;213;214;250;258;263;291;311;333;334;362;392;419;428;442;457;487;496;556;573;694;710
10186,6;60;94;113;115;118;129;156;164;173;182;203;213;214;219;226;244;247;248;252;263;266;270;271;286;304;312;345;347;361;375;385;409;412;428;470;473;496;500;502;505;574;577;583;589;595;605;678;797;805
10187,9;37;39;43;44;84;85;86;87;97;98;129;156;162;164;168;173;182;184;200;203;207;209;213;214;229;242;252;253;259;260;263;268;269;279;280;313;321;331;371;372;374;399;402;417;422;423;424;486;492;496;511;521;527;528;555;575;604;681;706;707;783;804;808
10188,14;44;63;91;97;98;116;129;156;163;164;173;179;182;184;203;206;214;231;232;242;263;270;279;280;286;304;336;370;372;403;411;416;422;423;424;427;442;496;501;514;526;528;533;541;555;583;585;669;673;693;706;796
10189,44;63;76;91;97;98;113;115;116;129;156;163;164;173;179;182;184;203;214;219;231;232;242;263;270;279;286;304;334;336;368;370;371;384;385;411;416;422;423;424;430;442;469;496;514;526;528;541;555;583;585;605;673;706;796;811
10190,19;53;63;76;92;97;103;105;109;113;115;156;164;173;182;184;188;203;214;247;263;322;342;349;371;372;390;398;406;416;430;434;440;474;482;496;525;595;599;693;744;795;800
10191,5;7;8;9;25;29;34;43;67;68;91;116;127;129;156;157;164;173;179;182;184;197;203;206;213;214;223;240;249;250;263;264;269;270;276;279;280;291;317;332;334;339;362;369;370;396;398;409;411;416;428;442;444;453;490;496;503;512;514;526;710;776;811;818
10192,5;10;20;22;25;34;37;43;44;63;67;74;76;91;129;154;156;157;164;168;173;182;184;202;203;207;214;227;231;235;241;242;263;269;276;279;280;304;317;331;339;341;345;359;369;370;371;372;374;399;402;409;412;416;417;438;447;496;512;555;580;663;669;675;693;707;803;808;816
10193,1;6;14;23;24;33;34;36;37;38;39;54;58;59;63;72;73;74;76;93;94;97;113;115;118;129;156;161;164;173;182;184;196;200;202;203;214;219;224;226;227;241;242;248;253;258;259;263;269;270;271;276;285;286;312;331;333;334;341;345;347;370;371;372;384;385;402;412;416;419;428;433;437;447;472;473;478;484;496;500;502;505;523;555;556;577;580;667;669;675;676;678;683;684;707;776;791;797;808;824
10194,1;6;23;24;33;34;36;37;38;39;50;63;72;73;74;76;93;94;97;109;113;114;115;118;129;156;161;164;173;182;184;202;203;214;219;226;227;241;242;247;248;253;261;263;269;270;271;285;286;312;331;341;345;347;371;372;384;385;399;402;412;416;417;427;428;433;437;447;472;473;478;492;496;500;502;505;506;523;555;566;577;580;669;676;678;683;707;791;797;808;825
