Id,Name,Type1,Type2,HP,Attack,Defense,SpAttack,SpDefense,Speed,Icon
1,フシギダネ,Grass,Poison,45,49,49,65,65,45,https://raw.githubusercontent.com/PokeAPI/sprites/master/sprites/pokemon/1.png
2,フシギソウ,Grass,Poison,60,62,63,80,80,60,https://raw.githubusercontent.com/PokeAPI/sprites/master/sprites/pokemon/2.png
3,フシギバナ,Grass,Poison,80,82,83,100,100,80,https://raw.githubusercontent.com/PokeAPI/sprites/master/sprites/pokemon/3.png
4,ヒトカゲ,Fire,,39,52,43,60,50,65,https://raw.githubusercontent.com/PokeAPI/sprites/master/sprites/pokemon/4.png
5,リザード,Fire,,58,64,58,80,65,80,https://raw.githubusercontent.com/PokeAPI/sprites/master/sprites/pokemon/5.png
6,リザードン,Fire,Flying,78,84,78,109,85,100,https://raw.githubusercontent.com/PokeAPI/sprites/master/sprites/pokemon/6.png
7,ゼニガメ,Water,,44,48,65,50,64,43,https://raw.githubusercontent.com/PokeAPI/sprites/master/sprites/pokemon/7.png
8,カメール,Water,,59,63,80,65,80,58,https://raw.githubusercontent.com/PokeAPI/sprites/master/sprites/pokemon/8.png
9,カメックス,Water,,79,83,100,85,105,78,https://raw.githubusercontent.com/PokeAPI/sprites/master/sprites/pokemon/9.png
23,アーボ,Poison,,35,60,44,40,54,55,https://raw.githubusercontent.com/PokeAPI/sprites/master/sprites/pokemon/23.png
24,アーボック,Poison,,60,95,69,65,79,80,https://raw.githubusercontent.com/PokeAPI/sprites/master/sprites/pokemon/24.png
25,ピカチュウ,Electric,,35,55,40,50,50,90,https://raw.githubusercontent.com/PokeAPI/sprites/master/sprites/pokemon/25.png
26,ライチュウ,Electric,,60,90,55,90,80,110,https://raw.githubusercontent.com/PokeAPI/sprites/master/sprites/pokemon/26.png
27,サンド,Ground,,50,75,85,20,30,40,https://raw.githubusercontent.com/PokeAPI/sprites/master/sprites/pokemon/27.png
28,サンドパン,Ground,,75,100,110,45,55,65,https://raw.githubusercontent.com/PokeAPI/sprites/master/sprites/pokemon/28.png
35,ピッピ,Fairy,,70,45,48,60,65,35,https://raw.githubusercontent.com/PokeAPI/sprites/master/sprites/pokemon/35.png
36,ピクシー,Fairy,,95,70,73,95,90,60,https://raw.githubusercontent.com/PokeAPI/sprites/master/sprites/pokemon/36.png
37,ロコン,Fire,,38,41,40,50,65,65,https://raw.githubusercontent.com/PokeAPI/sprites/master/sprites/pokemon/37.png
38,キュウコン,Fire,,73,76,75,81,100,100,https://raw.githubusercontent.com/PokeAPI/sprites/master/sprites/pokemon/38.png
39,プリン,Normal,Fairy,115,45,20,45,25,20,https://raw.githubusercontent.com/PokeAPI/sprites/master/sprites/pokemon/39.png
40,プクリン,Normal,Fairy,140,70,45,85,50,45,https://raw.githubusercontent.com/PokeAPI/sprites/master/sprites/pokemon/40.png
43,ナゾノクサ,Grass,Poison,45,50,55,75,65,30,https://raw.githubusercontent.com/PokeAPI/sprites/master/sprites/pokemon/43.png
44,クサイハナ,Grass,Poison,60,65,70,85,75,40,https://raw.githubusercontent.com/PokeAPI/sprites/master/sprites/pokemon/44.png
45,ラフレシア,Grass,Poison,75,80,85,110,90,50,https://raw.githubusercontent.com/PokeAPI/sprites/master/sprites/pokemon/45.png
48,コンパン,Bug,Poison,60,55,50,40,55,45,https://raw.githubusercontent.com/PokeAPI/sprites/master/sprites/pokemon/48.png
49,モルフォン,Bug,Poison,70,65,60,90,75,90,https://raw.githubusercontent.com/PokeAPI/sprites/master/sprites/pokemon/49.png
50,ディグダ,Ground,,10,55,25,35,45,95,https://raw.githubusercontent.com/PokeAPI/sprites/master/sprites/pokemon/50.png
51,ダグトリオ,Ground,,35,100,50,50,70,120,https://raw.githubusercontent.com/PokeAPI/sprites/master/sprites/pokemon/51.png
52,ニャース,Normal,,40,45,35,40,40,90,https://raw.githubusercontent.com/PokeAPI/sprites/master/sprites/pokemon/52.png
53,ペルシアン,Normal,,65,70,60,65,65,115,https://raw.githubusercontent.com/PokeAPI/sprites/master/sprites/pokemon/53.png
54,コダック,Water,,50,52,48,65,50,55,https://raw.githubusercontent.com/PokeAPI/sprites/master/sprites/pokemon/54.png
55,ゴルダック,Water,,80,82,78,95,80,85,https://raw.githubusercontent.com/PokeAPI/sprites/master/sprites/pokemon/55.png
56,マンキー,Fighting,,40,80,35,35,45,70,https://raw.githubusercontent.com/PokeAPI/sprites/master/sprites/pokemon/56.png
57,オコリザル,Fighting,,65,105,60,60,70,95,https://raw.githubusercontent.com/PokeAPI/sprites/master/sprites/pokemon/57.png
58,ガーディ,Fire,,55,70,45,70,50,60,https://raw.githubusercontent.com/PokeAPI/sprites/master/sprites/pokemon/58.png
59,ウインディ,Fire,,90,110,80,100,80,95,https://raw.githubusercontent.com/PokeAPI/sprites/master/sprites/pokemon/59.png
60,ニョロモ,Water,,40,50,40,40,40,90,https://raw.githubusercontent.com/PokeAPI/sprites/master/sprites/pokemon/60.png
61,ニョロゾ,Water,,65,65,65,50,50,90,https://raw.githubusercontent.com/PokeAPI/sprites/master/sprites/pokemon/61.png
62,ニョロボン,Water,Fighting,90,95,95,70,90,70,https://raw.githubusercontent.com/PokeAPI/sprites/master/sprites/pokemon/62.png
69,マダツボミ,Grass,Poison,50,75,35,70,30,40,https://raw.githubusercontent.com/PokeAPI/sprites/master/sprites/pokemon/69.png
70,ウツドン,Grass,Poison,65,90,50,85,45,55,https://raw.githubusercontent.com/PokeAPI/sprites/master/sprites/pokemon/70.png
71,ウツボット,Grass,Poison,80,105,65,100,70,70,https://raw.githubusercontent.com/PokeAPI/sprites/master/sprites/pokemon/71.png
72,メノクラゲ,Water,Poison,40,40,35,50,100,70,https://raw.githubusercontent.com/PokeAPI/sprites/master/sprites/pokemon/72.png
73,ドククラゲ,Water,Poison,80,70,65,80,120,100,https://raw.githubusercontent.com/PokeAPI/sprites/master/sprites/pokemon/73.png
74,イシツブテ,Rock,Ground,40,80,100,30,30,20,https://raw.githubusercontent.com/PokeAPI/sprites/master/sprites/pokemon/74.png
75,ゴローン,Rock,Ground,55,95,115,45,45,35,https://raw.githubusercontent.com/PokeAPI/sprites/master/sprites/pokemon/75.png
76,ゴローニャ,Rock,Ground,80,120,130,55,65,45,https://raw.githubusercontent.com/PokeAPI/sprites/master/sprites/pokemon/76.png
79,ヤドン,Water,Psychic,90,65,65,40,40,15,https://raw.githubusercontent.com/PokeAPI/sprites/master/sprites/pokemon/79.png
80,ヤドラン,Water,Psychic,95,75,110,100,80,30,https://raw.githubusercontent.com/PokeAPI/sprites/master/sprites/pokemon/80.png
81,コイル,Electric,Steel,25,35,70,95,55,45,https://raw.githubusercontent.com/PokeAPI/sprites/master/sprites/pokemon/81.png
82,レアコイル,Electric,Steel,50,60,95,120,70,70,https://raw.githubusercontent.com/PokeAPI/sprites/master/sprites/pokemon/82.png
84,ドードー,Normal,Flying,35,85,45,35,35,75,https://raw.githubusercontent.com/PokeAPI/sprites/master/sprites/pokemon/84.png
85,ドードリオ,Normal,Flying,60,110,70,60,60,110,https://raw.githubusercontent.com/PokeAPI/sprites/master/sprites/pokemon/85.png
86,パウワウ,Water,,65,45,55,45,70,45,https://raw.githubusercontent.com/PokeAPI/sprites/master/sprites/pokemon/86.png
87,ジュゴン,Water,Ice,90,70,80,70,95,70,https://raw.githubusercontent.com/PokeAPI/sprites/master/sprites/pokemon/87.png
88,ベトベター,Poison,,80,80,50,40,50,25,https://raw.githubusercontent.com/PokeAPI/sprites/master/sprites/pokemon/88.png
89,ベトベトン,Poison,,105,105,75,65,100,50,https://raw.githubusercontent.com/PokeAPI/sprites/master/sprites/pokemon/89.png
90,シェルダー,Water,,30,65,100,45,25,40,https://raw.githubusercontent.com/PokeAPI/sprites/master/sprites/pokemon/90.png
91,パルシェン,Water,Ice,50,95,180,85,45,70,https://raw.githubusercontent.com/PokeAPI/sprites/master/sprites/pokemon/91.png
92,ゴース,Ghost,Poison,30,35,30,100,35,80,https://raw.githubusercontent.com/PokeAPI/sprites/master/sprites/pokemon/92.png
93,ゴースト,Ghost,Poison,45,50,45,115,55,95,https://raw.githubusercontent.com/PokeAPI/sprites/master/sprites/pokemon/93.png
94,ゲンガー,Ghost,Poison,60,65,60,130,75,110,https://raw.githubusercontent.com/PokeAPI/sprites/master/sprites/pokemon/94.png
96,スリープ,Psychic,,60,48,45,43,90,42,https://raw.githubusercontent.com/PokeAPI/sprites/master/sprites/pokemon/96.png
97,スリーパー,Psychic,,85,73,70,73,115,67,https://raw.githubusercontent.com/PokeAPI/sprites/master/sprites/pokemon/97.png
100,ビリリダマ,Electric,,40,30,50,55,55,100,https://raw.githubusercontent.com/PokeAPI/sprites/master/sprites/pokemon/100.png
101,マルマイン,Electric,,60,50,70,80,80,150,https://raw.githubusercontent.com/PokeAPI/sprites/master/sprites/pokemon/101.png
102,タマタマ,Grass,Psychic,60,40,80,60,45,40,https://raw.githubusercontent.com/PokeAPI/sprites/master/sprites/pokemon/102.png
103,ナッシー,Grass,Psychic,95,95,85,125,75,55,https://raw.githubusercontent.com/PokeAPI/sprites/master/sprites/pokemon/103.png
106,サワムラー,Fighting,,50,120,53,35,110,87,https://raw.githubusercontent.com/PokeAPI/sprites/master/sprites/pokemon/106.png
107,エビワラー,Fighting,,50,105,79,35,110,76,https://raw.githubusercontent.com/PokeAPI/sprites/master/sprites/pokemon/107.png
109,ドガース,Poison,,40,65,95,60,45,35,https://raw.githubusercontent.com/PokeAPI/sprites/master/sprites/pokemon/109.png
110,マタドガス,Poison,,65,90,120,85,70,60,https://raw.githubusercontent.com/PokeAPI/sprites/master/sprites/pokemon/110.png
111,サイホーン,Ground,Rock,80,85,95,30,30,25,https://raw.githubusercontent.com/PokeAPI/sprites/master/sprites/pokemon/111.png
112,サイドン,Ground,Rock,105,130,120,45,45,40,https://raw.githubusercontent.com/PokeAPI/sprites/master/sprites/pokemon/112.png
113,ラッキー,Normal,,250,5,5,35,105,50,https://raw.githubusercontent.com/PokeAPI/sprites/master/sprites/pokemon/113.png
116,タッツー,Water,,30,40,70,70,25,60,https://raw.githubusercontent.com/PokeAPI/sprites/master/sprites/pokemon/116.png
117,シードラ,Water,,55,65,95,95,45,85,https://raw.githubusercontent.com/PokeAPI/sprites/master/sprites/pokemon/117.png
123,ストライク,Bug,Flying,70,110,80,55,80,105,https://raw.githubusercontent.com/PokeAPI/sprites/master/sprites/pokemon/123.png
125,エレブー,Electric,,65,83,57,95,85,105,https://raw.githubusercontent.com/PokeAPI/sprites/master/sprites/pokemon/125.png
126,ブーバー,Fire,,65,95,57,100,85,93,https://raw.githubusercontent.com/PokeAPI/sprites/master/sprites/pokemon/126.png
128,ケンタロス,Normal,,75,100,95,40,70,110,https://raw.githubusercontent.com/PokeAPI/sprites/master/sprites/pokemon/128.png
129,コイキング,Water,,20,10,55,15,20,80,https://raw.githubusercontent.com/PokeAPI/sprites/master/sprites/pokemon/129.png
130,ギャラドス,Water,Flying,95,125,79,60,100,81,https://raw.githubusercontent.com/PokeAPI/sprites/master/sprites/pokemon/130.png
131,ラプラス,Water,Ice,130,85,80,85,95,60,https://raw.githubusercontent.com/PokeAPI/sprites/master/sprites/pokemon/131.png
132,メタモン,Normal,,48,48,48,48,48,48,https://raw.githubusercontent.com/PokeAPI/sprites/master/sprites/pokemon/132.png
133,イーブイ,Normal,,55,55,50,45,65,55,https://raw.githubusercontent.com/PokeAPI/sprites/master/sprites/pokemon/133.png
134,シャワーズ,Water,,130,65,60,110,95,65,https://raw.githubusercontent.com/PokeAPI/sprites/master/sprites/pokemon/134.png
135,サンダース,Electric,,65,65,60,110,95,130,https://raw.githubusercontent.com/PokeAPI/sprites/master/sprites/pokemon/135.png
136,ブースター,Fire,,65,130,60,95,110,65,https://raw.githubusercontent.com/PokeAPI/sprites/master/sprites/pokemon/136.png
137,ポリゴン,Normal,,65,60,70,85,75,40,https://raw.githubusercontent.com/PokeAPI/sprites/master/sprites/pokemon/137.png
143,カビゴン,Normal,,160,110,65,65,110,30,https://raw.githubusercontent.com/PokeAPI/sprites/master/sprites/pokemon/143.png
144,フリーザー,Ice,Flying,90,85,100,95,125,85,https://raw.githubusercontent.com/PokeAPI/sprites/master/sprites/pokemon/144.png
145,サンダー,Electric,Flying,90,90,85,125,90,100,https://raw.githubusercontent.com/PokeAPI/sprites/master/sprites/pokemon/145.png
146,ファイヤー,Fire,Flying,90,100,90,125,85,90,https://raw.githubusercontent.com/PokeAPI/sprites/master/sprites/pokemon/146.png
147,ミニリュウ,Dragon,,41,64,45,50,50,50,https://raw.githubusercontent.com/PokeAPI/sprites/master/sprites/pokemon/147.png
148,ハクリュー,Dragon,,61,84,65,70,70,70,https://raw.githubusercontent.com/PokeAPI/sprites/master/sprites/pokemon/148.png
149,カイリュー,Dragon,Flying,91,134,95,100,100,80,https://raw.githubusercontent.com/PokeAPI/sprites/master/sprites/pokemon/149.png
150,ミュウツー,Psychic,,106,110,90,154,90,130,https://raw.githubusercontent.com/PokeAPI/sprites/master/sprites/pokemon/150.png
151,ミュウ,Psychic,,100,100,100,100,100,100,https://raw.githubusercontent.com/PokeAPI/sprites/master/sprites/pokemon/151.png
152,チコリータ,Grass,,45,49,65,49,65,45,https://raw.githubusercontent.com/PokeAPI/sprites/master/sprites/pokemon/152.png
153,ベイリーフ,Grass,,60,62,80,63,80,60,https://raw.githubusercontent.com/PokeAPI/sprites/master/sprites/pokemon/153.png
154,メガニウム,Grass,,80,82,100,83,100,80,https://raw.githubusercontent.com/PokeAPI/sprites/master/sprites/pokemon/154.png
155,ヒノアラシ,Fire,,39,52,43,60,50,65,https://raw.githubusercontent.com/PokeAPI/sprites/master/sprites/pokemon/155.png
156,マグマラシ,Fire,,58,64,58,80,65,80,https://raw.githubusercontent.com/PokeAPI/sprites/master/sprites/pokemon/156.png
157,バクフーン,Fire,,78,84,78,109,85,100,https://raw.githubusercontent.com/PokeAPI/sprites/master/sprites/pokemon/157.png
158,ワニノコ,Water,,50,65,64,44,48,43,https://raw.githubusercontent.com/PokeAPI/sprites/master/sprites/pokemon/158.png
159,アリゲイツ,Water,,65,80,80,59,63,58,https://raw.githubusercontent.com/PokeAPI/sprites/master/sprites/pokemon/159.png
160,オーダイル,Water,,85,105,100,79,83,78,https://raw.githubusercontent.com/PokeAPI/sprites/master/sprites/pokemon/160.png
161,オタチ,Normal,,35,46,34,35,45,20,https://raw.githubusercontent.com/PokeAPI/sprites/master/sprites/pokemon/161.png
162,オオタチ,Normal,,85,76,64,45,55,90,https://raw.githubusercontent.com/PokeAPI/sprites/master/sprites/pokemon/162.png
163,ホーホー,Normal,Flying,60,30,30,36,56,50,https://raw.githubusercontent.com/PokeAPI/sprites/master/sprites/pokemon/163.png
164,ヨルノズク,Normal,Flying,100,50,50,86,96,70,https://raw.githubusercontent.com/PokeAPI/sprites/master/sprites/pokemon/164.png
167,イトマル,Bug,Poison,40,60,40,40,40,30,https://raw.githubusercontent.com/PokeAPI/sprites/master/sprites/pokemon/167.png
168,アリアドス,Bug,Poison,70,90,70,60,70,40,https://raw.githubusercontent.com/PokeAPI/sprites/master/sprites/pokemon/168.png
170,チョンチー,Water,Electric,75,38,38,56,56,67,https://raw.githubusercontent.com/PokeAPI/sprites/master/sprites/pokemon/170.png
171,ランターン,Water,Electric,125,58,58,76,76,67,https://raw.githubusercontent.com/PokeAPI/sprites/master/sprites/pokemon/171.png
172,ピチュー,Electric,,20,40,15,35,35,60,https://raw.githubusercontent.com/PokeAPI/sprites/master/sprites/pokemon/172.png
173,ピィ,Fairy,,50,25,28,45,55,15,https://raw.githubusercontent.com/PokeAPI/sprites/master/sprites/pokemon/173.png
174,ププリン,Normal,Fairy,90,30,15,40,20,15,https://raw.githubusercontent.com/PokeAPI/sprites/master/sprites/pokemon/174.png
179,メリープ,Electric,,55,40,40,65,45,35,https://raw.githubusercontent.com/PokeAPI/sprites/master/sprites/pokemon/179.png
180,モココ,Electric,,70,55,55,80,60,45,https://raw.githubusercontent.com/PokeAPI/sprites/master/sprites/pokemon/180.png
181,デンリュウ,Electric,,90,75,85,115,90,55,https://raw.githubusercontent.com/PokeAPI/sprites/master/sprites/pokemon/181.png
182,キレイハナ,Grass,,75,80,95,90,100,50,https://raw.githubusercontent.com/PokeAPI/sprites/master/sprites/pokemon/182.png
183,マリル,Water,Fairy,70,20,50,20,50,40,https://raw.githubusercontent.com/PokeAPI/sprites/master/sprites/pokemon/183.png
184,マリルリ,Water,Fairy,100,50,80,60,80,50,https://raw.githubusercontent.com/PokeAPI/sprites/master/sprites/pokemon/184.png
185,ウソッキー,Rock,,70,100,115,30,65,30,https://raw.githubusercontent.com/PokeAPI/sprites/master/sprites/pokemon/185.png
186,ニョロトノ,Water,,90,75,75,90,100,70,https://raw.githubusercontent.com/PokeAPI/sprites/master/sprites/pokemon/186.png
187,ハネッコ,Grass,Flying,35,35,40,35,55,50,https://raw.githubusercontent.com/PokeAPI/sprites/master/sprites/pokemon/187.png
188,ポポッコ,Grass,Flying,55,45,50,45,65,80,https://raw.githubusercontent.com/PokeAPI/sprites/master/sprites/pokemon/188.png
189,ワタッコ,Grass,Flying,75,55,70,55,95,110,https://raw.githubusercontent.com/PokeAPI/sprites/master/sprites/pokemon/189.png
190,エイパム,Normal,,55,70,55,40,55,85,https://raw.githubusercontent.com/PokeAPI/sprites/master/sprites/pokemon/190.png
191,ヒマナッツ,Grass,,30,30,30,30,30,30,https://raw.githubusercontent.com/PokeAPI/sprites/master/sprites/pokemon/191.png
192,キマワリ,Grass,,75,75,55,105,85,30,https://raw.githubusercontent.com/PokeAPI/sprites/master/sprites/pokemon/192.png
193,ヤンヤンマ,Bug,Flying,65,65,45,75,45,95,https://raw.githubusercontent.com/PokeAPI/sprites/master/sprites/pokemon/193.png
194,ウパー,Water,Ground,55,45,45,25,25,15,https://raw.githubusercontent.com/PokeAPI/sprites/master/sprites/pokemon/194.png
195,ヌオー,Water,Ground,95,85,85,65,65,35,https://raw.githubusercontent.com/PokeAPI/sprites/master/sprites/pokemon/195.png
196,エーフィ,Psychic,,65,65,60,130,95,110,https://raw.githubusercontent.com/PokeAPI/sprites/master/sprites/pokemon/196.png
197,ブラッキー,Dark,,95,65,110,60,130,65,https://raw.githubusercontent.com/PokeAPI/sprites/master/sprites/pokemon/197.png
198,ヤミカラス,Dark,Flying,60,85,42,85,42,91,https://raw.githubusercontent.com/PokeAPI/sprites/master/sprites/pokemon/198.png
199,ヤドキング,Water,Psychic,95,75,80,100,110,30,https://raw.githubusercontent.com/PokeAPI/sprites/master/sprites/pokemon/199.png
200,ムウマ,Ghost,,60,60,60,85,85,85,https://raw.githubusercontent.com/PokeAPI/sprites/master/sprites/pokemon/200.png
203,キリンリキ,Normal,Psychic,70,80,65,90,65,85,https://raw.githubusercontent.com/PokeAPI/sprites/master/sprites/pokemon/203.png
204,クヌギダマ,Bug,,50,65,90,35,35,15,https://raw.githubusercontent.com/PokeAPI/sprites/master/sprites/pokemon/204.png
205,フォレトス,Bug,Steel,75,90,140,60,60,40,https://raw.githubusercontent.com/PokeAPI/sprites/master/sprites/pokemon/205.png
206,ノコッチ,Normal,,100,70,70,65,65,45,https://raw.githubusercontent.com/PokeAPI/sprites/master/sprites/pokemon/206.png
207,グライガー,Ground,Flying,65,75,105,35,65,85,https://raw.githubusercontent.com/PokeAPI/sprites/master/sprites/pokemon/207.png
209,ブルー,Fairy,,60,80,50,40,40,30,https://raw.githubusercontent.com/PokeAPI/sprites/master/sprites/pokemon/209.png
210,グランブル,Fairy,,90,120,75,60,60,45,https://raw.githubusercontent.com/PokeAPI/sprites/master/sprites/pokemon/210.png
211,ハリーセン,Water,Poison,65,95,85,55,55,85,https://raw.githubusercontent.com/PokeAPI/sprites/master/sprites/pokemon/211.png
212,ハッサム,Bug,Steel,70,130,100,55,80,65,https://raw.githubusercontent.com/PokeAPI/sprites/master/sprites/pokemon/212.png
214,ヘラクロス,Bug,Fighting,80,125,75,40,95,85,https://raw.githubusercontent.com/PokeAPI/sprites/master/sprites/pokemon/214.png
215,ニューラ,Dark,Ice,55,95,55,35,75,115,https://raw.githubusercontent.com/PokeAPI/sprites/master/sprites/pokemon/215.png
216,ヒメグマ,Normal,,60,80,50,50,50,40,https://raw.githubusercontent.com/PokeAPI/sprites/master/sprites/pokemon/216.png
217,リングマ,Normal,,90,130,75,75,75,55,https://raw.githubusercontent.com/PokeAPI/sprites/master/sprites/pokemon/217.png
218,マグマッグ,Fire,,40,40,40,70,40,20,https://raw.githubusercontent.com/PokeAPI/sprites/master/sprites/pokemon/218.png
219,マグカルゴ,Fire,Rock,60,50,120,90,80,30,https://raw.githubusercontent.com/PokeAPI/sprites/master/sprites/pokemon/219.png
220,ウリムー,Ice,Ground,50,50,40,30,30,50,https://raw.githubusercontent.com/PokeAPI/sprites/master/sprites/pokemon/220.png
221,イノムー,Ice,Ground,100,100,80,60,60,50,https://raw.githubusercontent.com/PokeAPI/sprites/master/sprites/pokemon/221.png
225,デリバード,Ice,Flying,45,55,45,65,45,75,https://raw.githubusercontent.com/PokeAPI/sprites/master/sprites/pokemon/225.png
227,エアームド,Steel,Flying,65,80,140,40,70,70,https://raw.githubusercontent.com/PokeAPI/sprites/master/sprites/pokemon/227.png
228,デルビル,Dark,Fire,45,60,30,80,50,65,https://raw.githubusercontent.com/PokeAPI/sprites/master/sprites/pokemon/228.png
229,ヘルガー,Dark,Fire,75,90,50,110,80,95,https://raw.githubusercontent.com/PokeAPI/sprites/master/sprites/pokemon/229.png
230,キングドラ,Water,Dragon,75,95,95,95,95,85,https://raw.githubusercontent.com/PokeAPI/sprites/master/sprites/pokemon/230.png
231,ゴマゾウ,Ground,,90,60,60,40,40,40,https://raw.githubusercontent.com/PokeAPI/sprites/master/sprites/pokemon/231.png
232,ドンファン,Ground,,90,120,120,60,60,50,https://raw.githubusercontent.com/PokeAPI/sprites/master/sprites/pokemon/232.png
233,ポリゴン２,Normal,,85,80,90,105,95,60,https://raw.githubusercontent.com/PokeAPI/sprites/master/sprites/pokemon/233.png
234,オドシシ,Normal,,73,95,62,85,65,85,https://raw.githubusercontent.com/PokeAPI/sprites/master/sprites/pokemon/234.png
235,ドーブル,Normal,,55,20,35,20,45,75,https://raw.githubusercontent.com/PokeAPI/sprites/master/sprites/pokemon/235.png
236,バルキー,Fighting,,35,35,35,35,35,35,https://raw.githubusercontent.com/PokeAPI/sprites/master/sprites/pokemon/236.png
237,カポエラー,Fighting,,50,95,95,35,110,70,https://raw.githubusercontent.com/PokeAPI/sprites/master/sprites/pokemon/237.png
239,エレキッド,Electric,,45,63,37,65,55,95,https://raw.githubusercontent.com/PokeAPI/sprites/master/sprites/pokemon/239.png
240,ブビィ,Fire,,45,75,37,70,55,83,https://raw.githubusercontent.com/PokeAPI/sprites/master/sprites/pokemon/240.png
242,ハピナス,Normal,,255,10,10,75,135,55,https://raw.githubusercontent.com/PokeAPI/sprites/master/sprites/pokemon/242.png
243,ライコウ,Electric,,90,85,75,115,100,115,https://raw.githubusercontent.com/PokeAPI/sprites/master/sprites/pokemon/243.png
244,エンテイ,Fire,,115,115,85,90,75,100,https://raw.githubusercontent.com/PokeAPI/sprites/master/sprites/pokemon/244.png
245,スイクン,Water,,100,75,115,90,115,85,https://raw.githubusercontent.com/PokeAPI/sprites/master/sprites/pokemon/245.png
246,ヨーギラス,Rock,Ground,50,64,50,45,50,41,https://raw.githubusercontent.com/PokeAPI/sprites/master/sprites/pokemon/246.png
247,サナギラス,Rock,Ground,70,84,70,65,70,51,https://raw.githubusercontent.com/PokeAPI/sprites/master/sprites/pokemon/247.png
248,バンギラス,Rock,Dark,100,134,110,95,100,61,https://raw.githubusercontent.com/PokeAPI/sprites/master/sprites/pokemon/248.png
249,ルギア,Psychic,Flying,106,90,130,90,154,110,https://raw.githubusercontent.com/PokeAPI/sprites/master/sprites/pokemon/249.png
250,ホウオウ,Fire,Flying,106,130,90,110,154,90,https://raw.githubusercontent.com/PokeAPI/sprites/master/sprites/pokemon/250.png
252,キモリ,Grass,,40,45,35,65,55,70,https://raw.githubusercontent.com/PokeAPI/sprites/master/sprites/pokemon/252.png
253,ジュプトル,Grass,,50,65,45,85,65,95,https://raw.githubusercontent.com/PokeAPI/sprites/master/sprites/pokemon/253.png
254,ジュカイン,Grass,,70,85,65,105,85,120,https://raw.githubusercontent.com/PokeAPI/sprites/master/sprites/pokemon/254.png
255,アチャモ,Fire,,45,60,40,70,50,45,https://raw.githubusercontent.com/PokeAPI/sprites/master/sprites/pokemon/255.png
256,ワカシャモ,Fire,Fighting,60,85,60,85,60,55,https://raw.githubusercontent.com/PokeAPI/sprites/master/sprites/pokemon/256.png
257,バシャーモ,Fire,Fighting,80,120,70,110,70,80,https://raw.githubusercontent.com/PokeAPI/sprites/master/sprites/pokemon/257.png
258,ミズゴロウ,Water,,50,70,50,50,50,40,https://raw.githubusercontent.com/PokeAPI/sprites/master/sprites/pokemon/258.png
259,ヌマクロー,Water,Ground,70,85,70,60,70,50,https://raw.githubusercontent.com/PokeAPI/sprites/master/sprites/pokemon/259.png
260,ラグラージ,Water,Ground,100,110,90,85,90,60,https://raw.githubusercontent.com/PokeAPI/sprites/master/sprites/pokemon/260.png
261,ポチエナ,Dark,,35,55,35,30,30,35,https://raw.githubusercontent.com/PokeAPI/sprites/master/sprites/pokemon/261.png
262,グラエナ,Dark,,70,90,70,60,60,70,https://raw.githubusercontent.com/PokeAPI/sprites/master/sprites/pokemon/262.png
270,ハスボー,Water,Grass,40,30,30,40,50,30,https://raw.githubusercontent.com/PokeAPI/sprites/master/sprites/pokemon/270.png
271,ハスブレロ,Water,Grass,60,50,50,60,70,50,https://raw.githubusercontent.com/PokeAPI/sprites/master/sprites/pokemon/271.png
272,ルンパッパ,Water,Grass,80,70,70,90,100,70,https://raw.githubusercontent.com/PokeAPI/sprites/master/sprites/pokemon/272.png
273,タネボー,Grass,,40,40,50,30,30,30,https://raw.githubusercontent.com/PokeAPI/sprites/master/sprites/pokemon/273.png
274,コノハナ,Grass,Dark,70,70,40,60,40,60,https://raw.githubusercontent.com/PokeAPI/sprites/master/sprites/pokemon/274.png
275,ダーテング,Grass,Dark,90,100,60,90,60,80,https://raw.githubusercontent.com/PokeAPI/sprites/master/sprites/pokemon/275.png
278,キャモメ,Water,Flying,40,30,30,55,30,85,https://raw.githubusercontent.com/PokeAPI/sprites/master/sprites/pokemon/278.png
279,ペリッパー,Water,Flying,60,50,100,95,70,65,https://raw.githubusercontent.com/PokeAPI/sprites/master/sprites/pokemon/279.png
280,ラルトス,Psychic,Fairy,28,25,25,45,35,40,https://raw.githubusercontent.com/PokeAPI/sprites/master/sprites/pokemon/280.png
281,キルリア,Psychic,Fairy,38,35,35,65,55,50,https://raw.githubusercontent.com/PokeAPI/sprites/master/sprites/pokemon/281.png
282,サーナイト,Psychic,Fairy,68,65,65,125,115,80,https://raw.githubusercontent.com/PokeAPI/sprites/master/sprites/pokemon/282.png
283,アメタマ,Bug,Water,40,30,32,50,52,65,https://raw.githubusercontent.com/PokeAPI/sprites/master/sprites/pokemon/283.png
284,アメモース,Bug,Flying,70,60,62,100,82,80,https://raw.githubusercontent.com/PokeAPI/sprites/master/sprites/pokemon/284.png
285,キノココ,Grass,,60,40,60,40,60,35,https://raw.githubusercontent.com/PokeAPI/sprites/master/sprites/pokemon/285.png
286,キノガッサ,Grass,Fighting,60,130,80,60,60,70,https://raw.githubusercontent.com/PokeAPI/sprites/master/sprites/pokemon/286.png
287,ナマケロ,Normal,,60,60,60,35,35,30,https://raw.githubusercontent.com/PokeAPI/sprites/master/sprites/pokemon/287.png
288,ヤルキモノ,Normal,,80,80,80,55,55,90,https://raw.githubusercontent.com/PokeAPI/sprites/master/sprites/pokemon/288.png
289,ケッキング,Normal,,150,160,100,95,65,100,https://raw.githubusercontent.com/PokeAPI/sprites/master/sprites/pokemon/289.png
296,マクノシタ,Fighting,,72,60,30,20,30,25,https://raw.githubusercontent.com/PokeAPI/sprites/master/sprites/pokemon/296.png
297,ハリテヤマ,Fighting,,144,120,60,40,60,50,https://raw.githubusercontent.com/PokeAPI/sprites/master/sprites/pokemon/297.png
298,ルリリ,Normal,Fairy,50,20,40,20,40,20,https://raw.githubusercontent.com/PokeAPI/sprites/master/sprites/pokemon/298.png
299,ノズパス,Rock,,30,45,135,45,90,30,https://raw.githubusercontent.com/PokeAPI/sprites/master/sprites/pokemon/299.png
302,ヤミラミ,Dark,Ghost,50,75,75,65,65,50,https://raw.githubusercontent.com/PokeAPI/sprites/master/sprites/pokemon/302.png
307,アサナン,Fighting,Psychic,30,40,55,40,55,60,https://raw.githubusercontent.com/PokeAPI/sprites/master/sprites/pokemon/307.png
308,チャーレム,Fighting,Psychic,60,60,75,60,75,80,https://raw.githubusercontent.com/PokeAPI/sprites/master/sprites/pokemon/308.png
311,プラスル,Electric,,60,50,40,85,75,95,https://raw.githubusercontent.com/PokeAPI/sprites/master/sprites/pokemon/311.png
312,マイナン,Electric,,60,40,50,75,85,95,https://raw.githubusercontent.com/PokeAPI/sprites/master/sprites/pokemon/312.png
313,バルビート,Bug,,65,73,75,47,85,85,https://raw.githubusercontent.com/PokeAPI/sprites/master/sprites/pokemon/313.png
314,イルミーゼ,Bug,,65,47,75,73,85,85,https://raw.githubusercontent.com/PokeAPI/sprites/master/sprites/pokemon/314.png
316,ゴクリン,Poison,,70,43,53,43,53,40,https://raw.githubusercontent.com/PokeAPI/sprites/master/sprites/pokemon/316.png
317,マルノーム,Poison,,100,73,83,73,83,55,https://raw.githubusercontent.com/PokeAPI/sprites/master/sprites/pokemon/317.png
322,ドンメル,Fire,Ground,60,60,40,65,45,35,https://raw.githubusercontent.com/PokeAPI/sprites/master/sprites/pokemon/322.png
323,バクーダ,Fire,Ground,70,100,70,105,75,40,https://raw.githubusercontent.com/PokeAPI/sprites/master/sprites/pokemon/323.png
324,コータス,Fire,,70,85,140,85,70,20,https://raw.githubusercontent.com/PokeAPI/sprites/master/sprites/pokemon/324.png
325,バネブー,Psychic,,60,25,35,70,80,60,https://raw.githubusercontent.com/PokeAPI/sprites/master/sprites/pokemon/325.png
326,ブーピッグ,Psychic,,80,45,65,90,110,80,https://raw.githubusercontent.com/PokeAPI/sprites/master/sprites/pokemon/326.png
328,ナックラー,Ground,,45,100,45,45,45,10,https://raw.githubusercontent.com/PokeAPI/sprites/master/sprites/pokemon/328.png
329,ビブラーバ,Ground,Dragon,50,70,50,50,50,70,https://raw.githubusercontent.com/PokeAPI/sprites/master/sprites/pokemon/329.png
330,フライゴン,Ground,Dragon,80,100,80,80,80,100,https://raw.githubusercontent.com/PokeAPI/sprites/master/sprites/pokemon/330.png
331,サボネア,Grass,,50,85,40,85,40,35,https://raw.githubusercontent.com/PokeAPI/sprites/master/sprites/pokemon/331.png
332,ノクタス,Grass,Dark,70,115,60,115,60,55,https://raw.githubusercontent.com/PokeAPI/sprites/master/sprites/pokemon/332.png
333,チルット,Normal,Flying,45,40,60,40,75,50,https://raw.githubusercontent.com/PokeAPI/sprites/master/sprites/pokemon/333.png
334,チルタリス,Dragon,Flying,75,70,90,70,105,80,https://raw.githubusercontent.com/PokeAPI/sprites/master/sprites/pokemon/334.png
335,ザングース,Normal,,73,115,60,60,60,90,https://raw.githubusercontent.com/PokeAPI/sprites/master/sprites/pokemon/335.png
336,ハブネーク,Poison,,73,100,60,100,60,65,https://raw.githubusercontent.com/PokeAPI/sprites/master/sprites/pokemon/336.png
339,ドジョッチ,Water,Ground,50,48,43,46,41,60,https://raw.githubusercontent.com/PokeAPI/sprites/master/sprites/pokemon/339.png
340,ナマズン,Water,Ground,110,78,73,76,71,60,https://raw.githubusercontent.com/PokeAPI/sprites/master/sprites/pokemon/340.png
341,ヘイガニ,Water,,43,80,65,50,35,35,https://raw.githubusercontent.com/PokeAPI/sprites/master/sprites/pokemon/341.png
342,シザリガー,Water,Dark,63,120,85,90,55,55,https://raw.githubusercontent.com/PokeAPI/sprites/master/sprites/pokemon/342.png
349,ヒンバス,Water,,20,15,20,10,55,80,https://raw.githubusercontent.com/PokeAPI/sprites/master/sprites/pokemon/349.png
350,ミロカロス,Water,,95,60,79,100,125,81,https://raw.githubusercontent.com/PokeAPI/sprites/master/sprites/pokemon/350.png
353,カゲボウズ,Ghost,,44,75,35,63,33,45,https://raw.githubusercontent.com/PokeAPI/sprites/master/sprites/pokemon/353.png
354,ジュペッタ,Ghost,,64,115,65,83,63,65,https://raw.githubusercontent.com/PokeAPI/sprites/master/sprites/pokemon/354.png
355,ヨマワル,Ghost,,20,40,90,30,90,25,https://raw.githubusercontent.com/PokeAPI/sprites/master/sprites/pokemon/355.png
356,サマヨール,Ghost,,40,70,130,60,130,25,https://raw.githubusercontent.com/PokeAPI/sprites/master/sprites/pokemon/356.png
357,トロピウス,Grass,Flying,99,68,83,72,87,51,https://raw.githubusercontent.com/PokeAPI/sprites/master/sprites/pokemon/357.png
358,チリーン,Psychic,,75,50,80,95,90,65,https://raw.githubusercontent.com/PokeAPI/sprites/master/sprites/pokemon/358.png
361,ユキワラシ,Ice,,50,50,50,50,50,50,https://raw.githubusercontent.com/PokeAPI/sprites/master/sprites/pokemon/361.png
362,オニゴーリ,Ice,,80,80,80,80,80,80,https://raw.githubusercontent.com/PokeAPI/sprites/master/sprites/pokemon/362.png
370,ラブカス,Water,,43,30,55,40,65,97,https://raw.githubusercontent.com/PokeAPI/sprites/master/sprites/pokemon/370.png
371,タツベイ,Dragon,,45,75,60,40,30,50,https://raw.githubusercontent.com/PokeAPI/sprites/master/sprites/pokemon/371.png
372,コモルー,Dragon,,65,95,100,60,50,50,https://raw.githubusercontent.com/PokeAPI/sprites/master/sprites/pokemon/372.png
373,ボーマンダ,Dragon,Flying,95,135,80,110,80,100,https://raw.githubusercontent.com/PokeAPI/sprites/master/sprites/pokemon/373.png
374,ダンバル,Steel,Psychic,40,55,80,35,60,30,https://raw.githubusercontent.com/PokeAPI/sprites/master/sprites/pokemon/374.png
375,メタング,Steel,Psychic,60,75,100,55,80,50,https://raw.githubusercontent.com/PokeAPI/sprites/master/sprites/pokemon/375.png
376,メタグロス,Steel,Psychic,80,135,130,95,90,70,https://raw.githubusercontent.com/PokeAPI/sprites/master/sprites/pokemon/376.png
377,レジロック,Rock,,80,100,200,50,100,50,https://raw.githubusercontent.com/PokeAPI/sprites/master/sprites/pokemon/377.png
378,レジアイス,Ice,,80,50,100,100,200,50,https://raw.githubusercontent.com/PokeAPI/sprites/master/sprites/pokemon/378.png
379,レジスチル,Steel,,80,75,150,75,150,50,https://raw.githubusercontent.com/PokeAPI/sprites/master/sprites/pokemon/379.png
380,ラティアス,Dragon,Psychic,80,80,90,110,130,110,https://raw.githubusercontent.com/PokeAPI/sprites/master/sprites/pokemon/380.png
381,ラティオス,Dragon,Psychic,80,90,80,130,110,110,https://raw.githubusercontent.com/PokeAPI/sprites/master/sprites/pokemon/381.png
382,カイオーガ,Water,,100,100,90,150,140,90,https://raw.githubusercontent.com/PokeAPI/sprites/master/sprites/pokemon/382.png
383,グラードン,Ground,,100,150,140,100,90,90,https://raw.githubusercontent.com/PokeAPI/sprites/master/sprites/pokemon/383.png
384,レックウザ,Dragon,Flying,105,150,90,150,90,95,https://raw.githubusercontent.com/PokeAPI/sprites/master/sprites/pokemon/384.png
385,ジラーチ,Steel,Psychic,100,100,100,100,100,100,https://raw.githubusercontent.com/PokeAPI/sprites/master/sprites/pokemon/385.png
386,デオキシス,Psychic,,50,150,50,150,50,150,https://raw.githubusercontent.com/PokeAPI/sprites/master/sprites/pokemon/386.png
387,ナエトル,Grass,,55,68,64,45,55,31,https://raw.githubusercontent.com/PokeAPI/sprites/master/sprites/pokemon/387.png
388,ハヤシガメ,Grass,,75,89,85,55,65,36,https://raw.githubusercontent.com/PokeAPI/sprites/master/sprites/pokemon/388.png
389,ドダイトス,Grass,Ground,95,109,105,75,85,56,https://raw.githubusercontent.com/PokeAPI/sprites/master/sprites/pokemon/389.png
390,ヒコザル,Fire,,44,58,44,58,44,61,https://raw.githubusercontent.com/PokeAPI/sprites/master/sprites/pokemon/390.png
391,モウカザル,Fire,Fighting,64,78,52,78,52,81,https://raw.githubusercontent.com/PokeAPI/sprites/master/sprites/pokemon/391.png
392,ゴウカザル,Fire,Fighting,76,104,71,104,71,108,https://raw.githubusercontent.com/PokeAPI/sprites/master/sprites/pokemon/392.png
393,ポッチャマ,Water,,53,51,53,61,56,40,https://raw.githubusercontent.com/PokeAPI/sprites/master/sprites/pokemon/393.png
394,ポッタイシ,Water,,64,66,68,81,76,50,https://raw.githubusercontent.com/PokeAPI/sprites/master/sprites/pokemon/394.png
395,エンペルト,Water,Steel,84,86,88,111,101,60,https://raw.githubusercontent.com/PokeAPI/sprites/master/sprites/pokemon/395.png
396,ムックル,Normal,Flying,40,55,30,30,30,60,https://raw.githubusercontent.com/PokeAPI/sprites/master/sprites/pokemon/396.png
397,ムクバード,Normal,Flying,55,75,50,40,40,80,https://raw.githubusercontent.com/PokeAPI/sprites/master/sprites/pokemon/397.png
398,ムクホーク,Normal,Flying,85,120,70,50,60,100,https://raw.githubusercontent.com/PokeAPI/sprites/master/sprites/pokemon/398.png
401,コロボーシ,Bug,,37,25,41,25,41,25,https://raw.githubusercontent.com/PokeAPI/sprites/master/sprites/pokemon/401.png
402,コロトック,Bug,,77,85,51,55,51,65,https://raw.githubusercontent.com/PokeAPI/sprites/master/sprites/pokemon/402.png
403,コリンク,Electric,,45,65,34,40,34,45,https://raw.githubusercontent.com/PokeAPI/sprites/master/sprites/pokemon/403.png
404,ルクシオ,Electric,,60,85,49,60,49,60,https://raw.githubusercontent.com/PokeAPI/sprites/master/sprites/pokemon/404.png
405,レントラー,Electric,,80,120,79,95,79,70,https://raw.githubusercontent.com/PokeAPI/sprites/master/sprites/pokemon/405.png
408,ズガイドス,Rock,,67,125,40,30,30,58,https://raw.githubusercontent.com/PokeAPI/sprites/master/sprites/pokemon/408.png
409,ラムパルド,Rock,,97,165,60,65,50,58,https://raw.githubusercontent.com/PokeAPI/sprites/master/sprites/pokemon/409.png
410,タテトプス,Rock,Steel,30,42,118,42,88,30,https://raw.githubusercontent.com/PokeAPI/sprites/master/sprites/pokemon/410.png
411,トリデプス,Rock,Steel,60,52,168,47,138,30,https://raw.githubusercontent.com/PokeAPI/sprites/master/sprites/pokemon/411.png
415,ミツハニー,Bug,Flying,30,30,42,30,42,70,https://raw.githubusercontent.com/PokeAPI/sprites/master/sprites/pokemon/415.png
416,ビークイン,Bug,Flying,70,80,102,80,102,40,https://raw.githubusercontent.com/PokeAPI/sprites/master/sprites/pokemon/416.png
417,パチリス,Electric,,60,45,70,45,90,95,https://raw.githubusercontent.com/PokeAPI/sprites/master/sprites/pokemon/417.png
418,ブイゼル,Water,,55,65,35,60,30,85,https://raw.githubusercontent.com/PokeAPI/sprites/master/sprites/pokemon/418.png
419,フローゼル,Water,,85,105,55,85,50,115,https://raw.githubusercontent.com/PokeAPI/sprites/master/sprites/pokemon/419.png
422,カラナクシ,Water,,76,48,48,57,62,34,https://raw.githubusercontent.com/PokeAPI/sprites/master/sprites/pokemon/422.png
423,トリトドン,Water,Ground,111,83,68,92,82,39,https://raw.githubusercontent.com/PokeAPI/sprites/master/sprites/pokemon/423.png
424,エテボース,Normal,,75,100,66,60,66,115,https://raw.githubusercontent.com/PokeAPI/sprites/master/sprites/pokemon/424.png
425,フワンテ,Ghost,Flying,90,50,34,60,44,70,https://raw.githubusercontent.com/PokeAPI/sprites/master/sprites/pokemon/425.png
426,フワライド,Ghost,Flying,150,80,44,90,54,80,https://raw.githubusercontent.com/PokeAPI/sprites/master/sprites/pokemon/426.png
429,ムウマージ,Ghost,,60,60,60,105,105,105,https://raw.githubusercontent.com/PokeAPI/sprites/master/sprites/pokemon/429.png
430,ドンカラス,Dark,Flying,100,125,52,105,52,71,https://raw.githubusercontent.com/PokeAPI/sprites/master/sprites/pokemon/430.png
433,リーシャン,Psychic,,45,30,50,65,50,45,https://raw.githubusercontent.com/PokeAPI/sprites/master/sprites/pokemon/433.png
434,スカンプー,Poison,Dark,63,63,47,41,41,74,https://raw.githubusercontent.com/PokeAPI/sprites/master/sprites/pokemon/434.png
435,スカタンク,Poison,Dark,103,93,67,71,61,84,https://raw.githubusercontent.com/PokeAPI/sprites/master/sprites/pokemon/435.png
436,ドーミラー,Steel,Psychic,57,24,86,24,86,23,https://raw.githubusercontent.com/PokeAPI/sprites/master/sprites/pokemon/436.png
437,ドータクン,Steel,Psychic,67,89,116,79,116,33,https://raw.githubusercontent.com/PokeAPI/sprites/master/sprites/pokemon/437.png
438,ウソハチ,Rock,,50,80,95,10,45,10,https://raw.githubusercontent.com/PokeAPI/sprites/master/sprites/pokemon/438.png
440,ピンプク,Normal,,100,5,5,15,65,30,https://raw.githubusercontent.com/PokeAPI/sprites/master/sprites/pokemon/440.png
442,ミカルゲ,Ghost,Dark,50,92,108,92,108,35,https://raw.githubusercontent.com/PokeAPI/sprites/master/sprites/pokemon/442.png
443,フカマル,Dragon,Ground,58,70,45,40,45,42,https://raw.githubusercontent.com/PokeAPI/sprites/master/sprites/pokemon/443.png
444,ガバイト,Dragon,Ground,68,90,65,50,55,82,https://raw.githubusercontent.com/PokeAPI/sprites/master/sprites/pokemon/444.png
445,ガブリアス,Dragon,Ground,108,130,95,80,85,102,https://raw.githubusercontent.com/PokeAPI/sprites/master/sprites/pokemon/445.png
446,ゴンベ,Normal,,135,85,40,40,85,5,https://raw.githubusercontent.com/PokeAPI/sprites/master/sprites/pokemon/446.png
447,リオル,Fighting,,40,70,40,35,40,60,https://raw.githubusercontent.com/PokeAPI/sprites/master/sprites/pokemon/447.png
448,ルカリオ,Fighting,Steel,70,110,70,115,70,90,https://raw.githubusercontent.com/PokeAPI/sprites/master/sprites/pokemon/448.png
449,ヒポポタス,Ground,,68,72,78,38,42,32,https://raw.githubusercontent.com/PokeAPI/sprites/master/sprites/pokemon/449.png
450,カバルドン,Ground,,108,112,118,68,72,47,https://raw.githubusercontent.com/PokeAPI/sprites/master/sprites/pokemon/450.png
453,グレッグル,Poison,Fighting,48,61,40,61,40,50,https://raw.githubusercontent.com/PokeAPI/sprites/master/sprites/pokemon/453.png
454,ドクロッグ,Poison,Fighting,83,106,65,86,65,85,https://raw.githubusercontent.com/PokeAPI/sprites/master/sprites/pokemon/454.png
456,ケイコウオ,Water,,49,49,56,49,61,66,https://raw.githubusercontent.com/PokeAPI/sprites/master/sprites/pokemon/456.png
457,ネオラント,Water,,69,69,76,69,86,91,https://raw.githubusercontent.com/PokeAPI/sprites/master/sprites/pokemon/457.png
459,ユキカブリ,Grass,Ice,60,62,50,62,60,40,https://raw.githubusercontent.com/PokeAPI/sprites/master/sprites/pokemon/459.png
460,ユキノオー,Grass,Ice,90,92,75,92,85,60,https://raw.githubusercontent.com/PokeAPI/sprites/master/sprites/pokemon/460.png
461,マニューラ,Dark,Ice,70,120,65,45,85,125,https://raw.githubusercontent.com/PokeAPI/sprites/master/sprites/pokemon/461.png
462,ジバコイル,Electric,Steel,70,70,115,130,90,60,https://raw.githubusercontent.com/PokeAPI/sprites/master/sprites/pokemon/462.png
464,ドサイドン,Ground,Rock,115,140,130,55,55,40,https://raw.githubusercontent.com/PokeAPI/sprites/master/sprites/pokemon/464.png
466,エレキブル,Electric,,75,123,67,95,85,95,https://raw.githubusercontent.com/PokeAPI/sprites/master/sprites/pokemon/466.png
467,ブーバーン,Fire,,75,95,67,125,95,83,https://raw.githubusercontent.com/PokeAPI/sprites/master/sprites/pokemon/467.png
469,メガヤンマ,Bug,Flying,86,76,86,116,56,95,https://raw.githubusercontent.com/PokeAPI/sprites/master/sprites/pokemon/469.png
470,リーフィア,Grass,,65,110,130,60,65,95,https://raw.githubusercontent.com/PokeAPI/sprites/master/sprites/pokemon/470.png
471,グレイシア,Ice,,65,60,110,130,95,65,https://raw.githubusercontent.com/PokeAPI/sprites/master/sprites/pokemon/471.png
472,グライオン,Ground,Flying,75,95,125,45,75,95,https://raw.githubusercontent.com/PokeAPI/sprites/master/sprites/pokemon/472.png
473,マンムー,Ice,Ground,110,130,80,70,60,80,https://raw.githubusercontent.com/PokeAPI/sprites/master/sprites/pokemon/473.png
474,ポリゴンＺ,Normal,,85,80,70,135,75,90,https://raw.githubusercontent.com/PokeAPI/sprites/master/sprites/pokemon/474.png
475,エルレイド,Psychic,Fighting,68,125,65,65,115,80,https://raw.githubusercontent.com/PokeAPI/sprites/master/sprites/pokemon/475.png
476,ダイノーズ,Rock,Steel,60,55,145,75,150,40,https://raw.githubusercontent.com/PokeAPI/sprites/master/sprites/pokemon/476.png
477,ヨノワール,Ghost,,45,100,135,65,135,45,https://raw.githubusercontent.com/PokeAPI/sprites/master/sprites/pokemon/477.png
478,ユキメノコ,Ice,Ghost,70,80,70,80,70,110,https://raw.githubusercontent.com/PokeAPI/sprites/master/sprites/pokemon/478.png
479,ロトム,Electric,Ghost,50,50,77,95,77,91,https://raw.githubusercontent.com/PokeAPI/sprites/master/sprites/pokemon/479.png
480,ユクシー,Psychic,,75,75,130,75,130,95,https://raw.githubusercontent.com/PokeAPI/sprites/master/sprites/pokemon/480.png
481,エムリット,Psychic,,80,105,105,105,105,80,https://raw.githubusercontent.com/PokeAPI/sprites/master/sprites/pokemon/481.png
482,アグノム,Psychic,,75,125,70,125,70,115,https://raw.githubusercontent.com/PokeAPI/sprites/master/sprites/pokemon/482.png
483,ディアルガ,Steel,Dragon,100,120,120,150,100,90,https://raw.githubusercontent.com/PokeAPI/sprites/master/sprites/pokemon/483.png
484,パルキア,Water,Dragon,90,120,100,150,120,100,https://raw.githubusercontent.com/PokeAPI/sprites/master/sprites/pokemon/484.png
485,ヒードラン,Fire,Steel,91,90,106,130,106,77,https://raw.githubusercontent.com/PokeAPI/sprites/master/sprites/pokemon/485.png
486,レジギガス,Normal,,110,160,110,80,110,100,https://raw.githubusercontent.com/PokeAPI/sprites/master/sprites/pokemon/486.png
487,ギラティナ,Ghost,Dragon,150,100,120,100,120,90,https://raw.githubusercontent.com/PokeAPI/sprites/master/sprites/pokemon/487.png
488,クレセリア,Psychic,,120,70,110,75,120,85,https://raw.githubusercontent.com/PokeAPI/sprites/master/sprites/pokemon/488.png
489,フィオネ,Water,,80,80,80,80,80,80,https://raw.githubusercontent.com/PokeAPI/sprites/master/sprites/pokemon/489.png
490,マナフィ,Water,,100,100,100,100,100,100,https://raw.githubusercontent.com/PokeAPI/sprites/master/sprites/pokemon/490.png
491,ダークライ,Dark,,70,90,90,135,90,125,https://raw.githubusercontent.com/PokeAPI/sprites/master/sprites/pokemon/491.png
492,シェイミ,Grass,,100,100,100,100,100,100,https://raw.githubusercontent.com/PokeAPI/sprites/master/sprites/pokemon/492.png
493,アルセウス,Normal,,120,120,120,120,120,120,https://raw.githubusercontent.com/PokeAPI/sprites/master/sprites/pokemon/493.png
495,ツタージャ,Grass,,45,45,55,45,55,63,https://raw.githubusercontent.com/PokeAPI/sprites/master/sprites/pokemon/495.png
496,ジャノビー,Grass,,60,60,75,60,75,83,https://raw.githubusercontent.com/PokeAPI/sprites/master/sprites/pokemon/496.png
497,ジャローダ,Grass,,75,75,95,75,95,113,https://raw.githubusercontent.com/PokeAPI/sprites/master/sprites/pokemon/497.png
498,ポカブ,Fire,,65,63,45,45,45,45,https://raw.githubusercontent.com/PokeAPI/sprites/master/sprites/pokemon/498.png
499,チャオブー,Fire,Fighting,90,93,55,70,55,55,https://raw.githubusercontent.com/PokeAPI/sprites/master/sprites/pokemon/499.png
500,エンブオー,Fire,Fighting,110,123,65,100,65,65,https://raw.githubusercontent.com/PokeAPI/sprites/master/sprites/pokemon/500.png
501,ミジュマル,Water,,55,55,45,63,45,45,https://raw.githubusercontent.com/PokeAPI/sprites/master/sprites/pokemon/501.png
502,フタチマル,Water,,75,75,60,83,60,60,https://raw.githubusercontent.com/PokeAPI/sprites/master/sprites/pokemon/502.png
503,ダイケンキ,Water,,95,100,85,108,70,70,https://raw.githubusercontent.com/PokeAPI/sprites/master/sprites/pokemon/503.png
522,シママ,Electric,,45,60,32,50,32,76,https://raw.githubusercontent.com/PokeAPI/sprites/master/sprites/pokemon/522.png
523,ゼブライカ,Electric,,75,100,63,80,63,116,https://raw.githubusercontent.com/PokeAPI/sprites/master/sprites/pokemon/523.png
529,モグリュー,Ground,,60,85,40,30,45,68,https://raw.githubusercontent.com/PokeAPI/sprites/master/sprites/pokemon/529.png
530,ドリュウズ,Ground,Steel,110,135,60,50,65,88,https://raw.githubusercontent.com/PokeAPI/sprites/master/sprites/pokemon/530.png
532,ドッコラー,Fighting,,75,80,55,25,35,35,https://raw.githubusercontent.com/PokeAPI/sprites/master/sprites/pokemon/532.png
533,ドテッコツ,Fighting,,85,105,85,40,50,40,https://raw.githubusercontent.com/PokeAPI/sprites/master/sprites/pokemon/533.png
534,ローブシン,Fighting,,105,140,95,55,65,45,https://raw.githubusercontent.com/PokeAPI/sprites/master/sprites/pokemon/534.png
540,クルミル,Bug,Grass,45,53,70,40,60,42,https://raw.githubusercontent.com/PokeAPI/sprites/master/sprites/pokemon/540.png
541,クルマユ,Bug,Grass,55,63,90,50,80,42,https://raw.githubusercontent.com/PokeAPI/sprites/master/sprites/pokemon/541.png
542,ハハコモリ,Bug,Grass,75,103,80,70,80,92,https://raw.githubusercontent.com/PokeAPI/sprites/master/sprites/pokemon/542.png
546,モンメン,Grass,Fairy,40,27,60,37,50,66,https://raw.githubusercontent.com/PokeAPI/sprites/master/sprites/pokemon/546.png
547,エルフーン,Grass,Fairy,60,67,85,77,75,116,https://raw.githubusercontent.com/PokeAPI/sprites/master/sprites/pokemon/547.png
548,チュリネ,Grass,,45,35,50,70,50,30,https://raw.githubusercontent.com/PokeAPI/sprites/master/sprites/pokemon/548.png
549,ドレディア,Grass,,70,60,75,110,75,90,https://raw.githubusercontent.com/PokeAPI/sprites/master/sprites/pokemon/549.png
550,バスラオ,Water,,70,92,65,80,55,98,https://raw.githubusercontent.com/PokeAPI/sprites/master/sprites/pokemon/550.png
551,メグロコ,Ground,Dark,50,72,35,35,35,65,https://raw.githubusercontent.com/PokeAPI/sprites/master/sprites/pokemon/551.png
552,ワルビル,Ground,Dark,60,82,45,45,45,74,https://raw.githubusercontent.com/PokeAPI/sprites/master/sprites/pokemon/552.png
553,ワルビアル,Ground,Dark,95,117,80,65,70,92,https://raw.githubusercontent.com/PokeAPI/sprites/master/sprites/pokemon/553.png
559,ズルッグ,Dark,Fighting,50,75,70,35,70,48,https://raw.githubusercontent.com/PokeAPI/sprites/master/sprites/pokemon/559.png
560,ズルズキン,Dark,Fighting,65,90,115,45,115,58,https://raw.githubusercontent.com/PokeAPI/sprites/master/sprites/pokemon/560.png
570,ゾロア,Dark,,40,65,40,80,40,65,https://raw.githubusercontent.com/PokeAPI/sprites/master/sprites/pokemon/570.png
571,ゾロアーク,Dark,,60,105,60,120,60,105,https://raw.githubusercontent.com/PokeAPI/sprites/master/sprites/pokemon/571.png
572,チラーミィ,Normal,,55,50,40,40,40,75,https://raw.githubusercontent.com/PokeAPI/sprites/master/sprites/pokemon/572.png
573,チラチーノ,Normal,,75,95,60,65,60,115,https://raw.githubusercontent.com/PokeAPI/sprites/master/sprites/pokemon/573.png
574,ゴチム,Psychic,,45,30,50,55,65,45,https://raw.githubusercontent.com/PokeAPI/sprites/master/sprites/pokemon/574.png
575,ゴチミル,Psychic,,60,45,70,75,85,55,https://raw.githubusercontent.com/PokeAPI/sprites/master/sprites/pokemon/575.png
576,ゴチルゼル,Psychic,,70,55,95,95,110,65,https://raw.githubusercontent.com/PokeAPI/sprites/master/sprites/pokemon/576.png
577,ユニラン,Psychic,,45,30,40,105,50,20,https://raw.githubusercontent.com/PokeAPI/sprites/master/sprites/pokemon/577.png
578,ダブラン,Psychic,,65,40,50,125,60,30,https://raw.githubusercontent.com/PokeAPI/sprites/master/sprites/pokemon/578.png
579,ランクルス,Psychic,,110,65,75,125,85,30,https://raw.githubusercontent.com/PokeAPI/sprites/master/sprites/pokemon/579.png
580,コアルヒー,Water,Flying,62,44,50,44,50,55,https://raw.githubusercontent.com/PokeAPI/sprites/master/sprites/pokemon/580.png
581,スワンナ,Water,Flying,75,87,63,87,63,98,https://raw.githubusercontent.com/PokeAPI/sprites/master/sprites/pokemon/581.png
585,シキジカ,Normal,Grass,60,60,50,40,50,75,https://raw.githubusercontent.com/PokeAPI/sprites/master/sprites/pokemon/585.png
586,メブキジカ,Normal,Grass,80,100,70,60,70,95,https://raw.githubusercontent.com/PokeAPI/sprites/master/sprites/pokemon/586.png
590,タマゲタケ,Grass,Poison,69,55,45,55,55,15,https://raw.githubusercontent.com/PokeAPI/sprites/master/sprites/pokemon/590.png
591,モロバレル,Grass,Poison,114,85,70,85,80,30,https://raw.githubusercontent.com/PokeAPI/sprites/master/sprites/pokemon/591.png
594,ママンボウ,Water,,165,75,80,40,45,65,https://raw.githubusercontent.com/PokeAPI/sprites/master/sprites/pokemon/594.png
595,バチュル,Bug,Electric,50,47,50,57,50,65,https://raw.githubusercontent.com/PokeAPI/sprites/master/sprites/pokemon/595.png
596,デンチュラ,Bug,Electric,70,77,60,97,60,108,https://raw.githubusercontent.com/PokeAPI/sprites/master/sprites/pokemon/596.png
602,シビシラス,Electric,,35,55,40,45,40,60,https://raw.githubusercontent.com/PokeAPI/sprites/master/sprites/pokemon/602.png
603,シビビール,Electric,,65,85,70,75,70,40,https://raw.githubusercontent.com/PokeAPI/sprites/master/sprites/pokemon/603.png
604,シビルドン,Electric,,85,115,80,105,80,50,https://raw.githubusercontent.com/PokeAPI/sprites/master/sprites/pokemon/604.png
607,ヒトモシ,Ghost,Fire,50,30,55,65,55,20,https://raw.githubusercontent.com/PokeAPI/sprites/master/sprites/pokemon/607.png
608,ランプラー,Ghost,Fire,60,40,60,95,60,55,https://raw.githubusercontent.com/PokeAPI/sprites/master/sprites/pokemon/608.png
609,シャンデラ,Ghost,Fire,60,55,90,145,90,80,https://raw.githubusercontent.com/PokeAPI/sprites/master/sprites/pokemon/609.png
610,キバゴ,Dragon,,46,87,60,30,40,57,https://raw.githubusercontent.com/PokeAPI/sprites/master/sprites/pokemon/610.png
611,オノンド,Dragon,,66,117,70,40,50,67,https://raw.githubusercontent.com/PokeAPI/sprites/master/sprites/pokemon/611.png
612,オノノクス,Dragon,,76,147,90,60,70,97,https://raw.githubusercontent.com/PokeAPI/sprites/master/sprites/pokemon/612.png
613,クマシュン,Ice,,55,70,40,60,40,40,https://raw.githubusercontent.com/PokeAPI/sprites/master/sprites/pokemon/613.png
614,ツンベアー,Ice,,95,130,80,70,80,50,https://raw.githubusercontent.com/PokeAPI/sprites/master/sprites/pokemon/614.png
615,フリージオ,Ice,,80,50,50,95,135,105,https://raw.githubusercontent.com/PokeAPI/sprites/master/sprites/pokemon/615.png
619,コジョフー,Fighting,,45,85,50,55,50,65,https://raw.githubusercontent.com/PokeAPI/sprites/master/sprites/pokemon/619.png
620,コジョンド,Fighting,,65,125,60,95,60,105,https://raw.githubusercontent.com/PokeAPI/sprites/master/sprites/pokemon/620.png
622,ゴビット,Ground,Ghost,59,74,50,35,50,35,https://raw.githubusercontent.com/PokeAPI/sprites/master/sprites/pokemon/622.png
623,ゴルーグ,Ground,Ghost,89,124,80,55,80,55,https://raw.githubusercontent.com/PokeAPI/sprites/master/sprites/pokemon/623.png
624,コマタナ,Dark,Steel,45,85,70,40,40,60,https://raw.githubusercontent.com/PokeAPI/sprites/master/sprites/pokemon/624.png
625,キリキザン,Dark,Steel,65,125,100,60,70,70,https://raw.githubusercontent.com/PokeAPI/sprites/master/sprites/pokemon/625.png
627,ワシボン,Normal,Flying,70,83,50,37,50,60,https://raw.githubusercontent.com/PokeAPI/sprites/master/sprites/pokemon/627.png
628,ウォーグル,Normal,Flying,100,123,75,57,75,80,https://raw.githubusercontent.com/PokeAPI/sprites/master/sprites/pokemon/628.png
629,バルチャイ,Dark,Flying,70,55,75,45,65,60,https://raw.githubusercontent.com/PokeAPI/sprites/master/sprites/pokemon/629.png
630,バルジーナ,Dark,Flying,110,65,105,55,95,80,https://raw.githubusercontent.com/PokeAPI/sprites/master/sprites/pokemon/630.png
633,モノズ,Dark,Dragon,52,65,50,45,50,38,https://raw.githubusercontent.com/PokeAPI/sprites/master/sprites/pokemon/633.png
634,ジヘッド,Dark,Dragon,72,85,70,65,70,58,https://raw.githubusercontent.com/PokeAPI/sprites/master/sprites/pokemon/634.png
635,サザンドラ,Dark,Dragon,92,105,90,125,90,98,https://raw.githubusercontent.com/PokeAPI/sprites/master/sprites/pokemon/635.png
636,メラルバ,Bug,Fire,55,85,55,50,55,60,https://raw.githubusercontent.com/PokeAPI/sprites/master/sprites/pokemon/636.png
637,ウルガモス,Bug,Fire,85,60,65,135,105,100,https://raw.githubusercontent.com/PokeAPI/sprites/master/sprites/pokemon/637.png
638,コバルオン,Steel,Fighting,91,90,129,90,72,108,https://raw.githubusercontent.com/PokeAPI/sprites/master/sprites/pokemon/638.png
639,テラキオン,Rock,Fighting,91,129,90,72,90,108,https://raw.githubusercontent.com/PokeAPI/sprites/master/sprites/pokemon/639.png
640,ビリジオン,Grass,Fighting,91,90,72,90,129,108,https://raw.githubusercontent.com/PokeAPI/sprites/master/sprites/pokemon/640.png
641,トルネロス,Flying,,79,115,70,125,80,111,https://raw.githubusercontent.com/PokeAPI/sprites/master/sprites/pokemon/641.png
642,ボルトロス,Electric,Flying,79,115,70,125,80,111,https://raw.githubusercontent.com/PokeAPI/sprites/master/sprites/pokemon/642.png
643,レシラム,Dragon,Fire,100,120,100,150,120,90,https://raw.githubusercontent.com/PokeAPI/sprites/master/sprites/pokemon/643.png
644,ゼクロム,Dragon,Electric,100,150,120,120,100,90,https://raw.githubusercontent.com/PokeAPI/sprites/master/sprites/pokemon/644.png
645,ランドロス,Ground,Flying,89,125,90,115,80,101,https://raw.githubusercontent.com/PokeAPI/sprites/master/sprites/pokemon/645.png
646,キュレム,Dragon,Ice,125,130,90,130,90,95,https://raw.githubusercontent.com/PokeAPI/sprites/master/sprites/pokemon/646.png
647,ケルディオ,Water,Fighting,91,72,90,129,90,108,https://raw.githubusercontent.com/PokeAPI/sprites/master/sprites/pokemon/647.png
648,メロエッタ,Normal,Psychic,100,77,77,128,128,90,https://raw.githubusercontent.com/PokeAPI/sprites/master/sprites/pokemon/648.png
650,ハリマロン,Grass,,56,61,65,48,45,38,https://raw.githubusercontent.com/PokeAPI/sprites/master/sprites/pokemon/650.png
651,ハリボーグ,Grass,,61,78,95,56,58,57,https://raw.githubusercontent.com/PokeAPI/sprites/master/sprites/pokemon/651.png
652,ブリガロン,Grass,Fighting,88,107,122,74,75,64,https://raw.githubusercontent.com/PokeAPI/sprites/master/sprites/pokemon/652.png
653,フォッコ,Fire,,40,45,40,62,60,60,https://raw.githubusercontent.com/PokeAPI/sprites/master/sprites/pokemon/653.png
654,テールナー,Fire,,59,59,58,90,70,73,https://raw.githubusercontent.com/PokeAPI/sprites/master/sprites/pokemon/654.png
655,マフォクシー,Fire,Psychic,75,69,72,114,100,104,https://raw.githubusercontent.com/PokeAPI/sprites/master/sprites/pokemon/655.png
656,ケロマツ,Water,,41,56,40,62,44,71,https://raw.githubusercontent.com/PokeAPI/sprites/master/sprites/pokemon/656.png
657,ゲコガシラ,Water,,54,63,52,83,56,97,https://raw.githubusercontent.com/PokeAPI/sprites/master/sprites/pokemon/657.png
658,ゲッコウガ,Water,Dark,72,95,67,103,71,122,https://raw.githubusercontent.com/PokeAPI/sprites/master/sprites/pokemon/658.png
661,ヤヤコマ,Normal,Flying,45,50,43,40,38,62,https://raw.githubusercontent.com/PokeAPI/sprites/master/sprites/pokemon/661.png
662,ヒノヤコマ,Fire,Flying,62,73,55,56,52,84,https://raw.githubusercontent.com/PokeAPI/sprites/master/sprites/pokemon/662.png
663,ファイアロー,Fire,Flying,78,81,71,74,69,126,https://raw.githubusercontent.com/PokeAPI/sprites/master/sprites/pokemon/663.png
664,コフキムシ,Bug,,38,35,40,27,25,35,https://raw.githubusercontent.com/PokeAPI/sprites/master/sprites/pokemon/664.png
665,コフーライ,Bug,,45,22,60,27,30,29,https://raw.githubusercontent.com/PokeAPI/sprites/master/sprites/pokemon/665.png
666,ビビヨン,Bug,Flying,80,52,50,90,50,89,https://raw.githubusercontent.com/PokeAPI/sprites/master/sprites/pokemon/666.png
667,シシコ,Fire,Normal,62,50,58,73,54,72,https://raw.githubusercontent.com/PokeAPI/sprites/master/sprites/pokemon/667.png
668,カエンジシ,Fire,Normal,86,68,72,109,66,106,https://raw.githubusercontent.com/PokeAPI/sprites/master/sprites/pokemon/668.png
669,フラベベ,Fairy,,44,38,39,61,79,42,https://raw.githubusercontent.com/PokeAPI/sprites/master/sprites/pokemon/669.png
670,フラエッテ,Fairy,,54,45,47,75,98,52,https://raw.githubusercontent.com/PokeAPI/sprites/master/sprites/pokemon/670.png
671,フラージェス,Fairy,,78,65,68,112,154,75,https://raw.githubusercontent.com/PokeAPI/sprites/master/sprites/pokemon/671.png
672,メェークル,Grass,,66,65,48,62,57,52,https://raw.githubusercontent.com/PokeAPI/sprites/master/sprites/pokemon/672.png
673,ゴーゴート,Grass,,123,100,62,97,81,68,https://raw.githubusercontent.com/PokeAPI/sprites/master/sprites/pokemon/673.png
677,ニャスパー,Psychic,,62,48,54,63,60,68,https://raw.githubusercontent.com/PokeAPI/sprites/master/sprites/pokemon/677.png
678,ニャオニクス,Psychic,,74,48,76,83,81,104,https://raw.githubusercontent.com/PokeAPI/sprites/master/sprites/pokemon/678.png
686,マーイーカ,Dark,Psychic,53,54,53,37,46,45,https://raw.githubusercontent.com/PokeAPI/sprites/master/sprites/pokemon/686.png
687,カラマネロ,Dark,Psychic,86,92,88,68,75,73,https://raw.githubusercontent.com/PokeAPI/sprites/master/sprites/pokemon/687.png
690,クズモー,Poison,Water,50,60,60,60,60,30,https://raw.githubusercontent.com/PokeAPI/sprites/master/sprites/pokemon/690.png
691,ドラミドロ,Poison,Dragon,65,75,90,97,123,44,https://raw.githubusercontent.com/PokeAPI/sprites/master/sprites/pokemon/691.png
692,ウデッポウ,Water,,50,53,62,58,63,44,https://raw.githubusercontent.com/PokeAPI/sprites/master/sprites/pokemon/692.png
693,ブロスター,Water,,71,73,88,120,89,59,https://raw.githubusercontent.com/PokeAPI/sprites/master/sprites/pokemon/693.png
700,ニンフィア,Fairy,,95,65,65,110,130,60,https://raw.githubusercontent.com/PokeAPI/sprites/master/sprites/pokemon/700.png
701,ルチャブル,Fighting,Flying,78,92,75,74,63,118,https://raw.githubusercontent.com/PokeAPI/sprites/master/sprites/pokemon/701.png
702,デデンネ,Electric,Fairy,67,58,57,81,67,101,https://raw.githubusercontent.com/PokeAPI/sprites/master/sprites/pokemon/702.png
703,メレシー,Rock,Fairy,50,50,150,50,150,50,https://raw.githubusercontent.com/PokeAPI/sprites/master/sprites/pokemon/703.png
704,ヌメラ,Dragon,,45,50,35,55,75,40,https://raw.githubusercontent.com/PokeAPI/sprites/master/sprites/pokemon/704.png
705,ヌメイル,Dragon,,68,75,53,83,113,60,https://raw.githubusercontent.com/PokeAPI/sprites/master/sprites/pokemon/705.png
706,ヌメルゴン,Dragon,,90,100,70,110,150,80,https://raw.githubusercontent.com/PokeAPI/sprites/master/sprites/pokemon/706.png
707,クレッフィ,Steel,Fairy,57,80,91,80,87,75,https://raw.githubusercontent.com/PokeAPI/sprites/master/sprites/pokemon/707.png
708,ボクレー,Ghost,Grass,43,70,48,50,60,38,https://raw.githubusercontent.com/PokeAPI/sprites/master/sprites/pokemon/708.png
709,オーロット,Ghost,Grass,85,110,76,65,82,56,https://raw.githubusercontent.com/PokeAPI/sprites/master/sprites/pokemon/709.png
712,カチコール,Ice,,55,69,85,32,35,28,https://raw.githubusercontent.com/PokeAPI/sprites/master/sprites/pokemon/712.png
713,クレベース,Ice,,95,117,184,44,46,28,https://raw.githubusercontent.com/PokeAPI/sprites/master/sprites/pokemon/713.png
714,オンバット,Flying,Dragon,40,30,35,45,40,55,https://raw.githubusercontent.com/PokeAPI/sprites/master/sprites/pokemon/714.png
715,オンバーン,Flying,Dragon,85,70,80,97,80,123,https://raw.githubusercontent.com/PokeAPI/sprites/master/sprites/pokemon/715.png
719,ディアンシー,Rock,Fairy,50,100,150,100,150,50,https://raw.githubusercontent.com/PokeAPI/sprites/master/sprites/pokemon/719.png
720,フーパ,Psychic,Ghost,80,110,60,150,130,70,https://raw.githubusercontent.com/PokeAPI/sprites/master/sprites/pokemon/720.png
721,ボルケニオン,Fire,Water,80,110,120,130,90,70,https://raw.githubusercontent.com/PokeAPI/sprites/master/sprites/pokemon/721.png
722,モクロー,Grass,Flying,68,55,55,50,50,42,https://raw.githubusercontent.com/PokeAPI/sprites/master/sprites/pokemon/722.png
723,フクスロー,Grass,Flying,78,75,75,70,70,52,https://raw.githubusercontent.com/PokeAPI/sprites/master/sprites/pokemon/723.png
724,ジュナイパー,Grass,Ghost,78,107,75,100,100,70,https://raw.githubusercontent.com/PokeAPI/sprites/master/sprites/pokemon/724.png
725,ニャビー,Fire,,45,65,40,60,40,70,https://raw.githubusercontent.com/PokeAPI/sprites/master/sprites/pokemon/725.png
726,ニャヒート,Fire,,65,85,50,80,50,90,https://raw.githubusercontent.com/PokeAPI/sprites/master/sprites/pokemon/726.png
727,ガオガエン,Fire,Dark,95,115,90,80,90,60,https://raw.githubusercontent.com/PokeAPI/sprites/master/sprites/pokemon/727.png
728,アシマリ,Water,,50,54,54,66,56,40,https://raw.githubusercontent.com/PokeAPI/sprites/master/sprites/pokemon/728.png
729,オシャマリ,Water,,60,69,69,91,81,50,https://raw.githubusercontent.com/PokeAPI/sprites/master/sprites/pokemon/729.png
730,アシレーヌ,Water,Fairy,80,74,74,126,116,60,https://raw.githubusercontent.com/PokeAPI/sprites/master/sprites/pokemon/730.png
731,ツツケラ,Normal,Flying,35,75,30,30,30,65,https://raw.githubusercontent.com/PokeAPI/sprites/master/sprites/pokemon/731.png
732,ケララッパ,Normal,Flying,55,85,50,40,50,75,https://raw.githubusercontent.com/PokeAPI/sprites/master/sprites/pokemon/732.png
733,ドデカバシ,Normal,Flying,80,120,75,75,75,60,https://raw.githubusercontent.com/PokeAPI/sprites/master/sprites/pokemon/733.png
734,ヤングース,Normal,,48,70,30,30,30,45,https://raw.githubusercontent.com/PokeAPI/sprites/master/sprites/pokemon/734.png
735,デカグース,Normal,,88,110,60,55,60,45,https://raw.githubusercontent.com/PokeAPI/sprites/master/sprites/pokemon/735.png
736,アゴジムシ,Bug,,47,62,45,55,45,46,https://raw.githubusercontent.com/PokeAPI/sprites/master/sprites/pokemon/736.png
737,デンヂムシ,Bug,Electric,57,82,95,55,75,36,https://raw.githubusercontent.com/PokeAPI/sprites/master/sprites/pokemon/737.png
738,クワガノン,Bug,Electric,77,70,90,145,75,43,https://raw.githubusercontent.com/PokeAPI/sprites/master/sprites/pokemon/738.png
739,マケンカニ,Fighting,,47,82,57,42,47,63,https://raw.githubusercontent.com/PokeAPI/sprites/master/sprites/pokemon/739.png
740,ケケンカニ,Fighting,Ice,97,132,77,62,67,43,https://raw.githubusercontent.com/PokeAPI/sprites/master/sprites/pokemon/740.png
741,オドリドリ,Fire,Flying,75,70,70,98,70,93,https://raw.githubusercontent.com/PokeAPI/sprites/master/sprites/pokemon/741.png
742,アブリー,Bug,Fairy,40,45,40,55,40,84,https://raw.githubusercontent.com/PokeAPI/sprites/master/sprites/pokemon/742.png
743,アブリボン,Bug,Fairy,60,55,60,95,70,124,https://raw.githubusercontent.com/PokeAPI/sprites/master/sprites/pokemon/743.png
744,イワンコ,Rock,,45,65,40,30,40,60,https://raw.githubusercontent.com/PokeAPI/sprites/master/sprites/pokemon/744.png
745,ルガルガン,Rock,,75,115,65,55,65,112,https://raw.githubusercontent.com/PokeAPI/sprites/master/sprites/pokemon/745.png
747,ヒドイデ,Poison,Water,50,53,62,43,52,45,https://raw.githubusercontent.com/PokeAPI/sprites/master/sprites/pokemon/747.png
748,ドヒドイデ,Poison,Water,50,63,152,53,142,35,https://raw.githubusercontent.com/PokeAPI/sprites/master/sprites/pokemon/748.png
749,ドロバンコ,Ground,,70,100,70,45,55,45,https://raw.githubusercontent.com/PokeAPI/sprites/master/sprites/pokemon/749.png
750,バンバドロ,Ground,,100,125,100,55,85,35,https://raw.githubusercontent.com/PokeAPI/sprites/master/sprites/pokemon/750.png
751,シズクモ,Water,Bug,38,40,52,40,72,27,https://raw.githubusercontent.com/PokeAPI/sprites/master/sprites/pokemon/751.png
752,オニシズクモ,Water,Bug,68,70,92,50,132,42,https://raw.githubusercontent.com/PokeAPI/sprites/master/sprites/pokemon/752.png
753,カリキリ,Grass,,40,55,35,50,35,35,https://raw.githubusercontent.com/PokeAPI/sprites/master/sprites/pokemon/753.png
754,ラランテス,Grass,,70,105,90,80,90,45,https://raw.githubusercontent.com/PokeAPI/sprites/master/sprites/pokemon/754.png
757,ヤトウモリ,Poison,Fire,48,44,40,71,40,77,https://raw.githubusercontent.com/PokeAPI/sprites/master/sprites/pokemon/757.png
758,エンニュート,Poison,Fire,68,64,60,111,60,117,https://raw.githubusercontent.com/PokeAPI/sprites/master/sprites/pokemon/758.png
761,アマカジ,Grass,,42,30,38,30,38,32,https://raw.githubusercontent.com/PokeAPI/sprites/master/sprites/pokemon/761.png
762,アママイコ,Grass,,52,40,48,40,48,62,https://raw.githubusercontent.com/PokeAPI/sprites/master/sprites/pokemon/762.png
763,アマージョ,Grass,,72,120,98,50,98,72,https://raw.githubusercontent.com/PokeAPI/sprites/master/sprites/pokemon/763.png
764,キュワワー,Fairy,,51,52,90,82,110,100,https://raw.githubusercontent.com/PokeAPI/sprites/master/sprites/pokemon/764.png
765,ヤレユータン,Normal,Psychic,90,60,80,90,110,60,https://raw.githubusercontent.com/PokeAPI/sprites/master/sprites/pokemon/765.png
766,ナゲツケサル,Fighting,,100,120,90,40,60,80,https://raw.githubusercontent.com/PokeAPI/sprites/master/sprites/pokemon/766.png
769,スナバァ,Ghost,Ground,55,55,80,70,45,15,https://raw.githubusercontent.com/PokeAPI/sprites/master/sprites/pokemon/769.png
770,シロデスナ,Ghost,Ground,85,75,110,100,75,35,https://raw.githubusercontent.com/PokeAPI/sprites/master/sprites/pokemon/770.png
774,メテノ,Rock,Flying,60,60,100,60,100,60,https://raw.githubusercontent.com/PokeAPI/sprites/master/sprites/pokemon/774.png
775,ネッコアラ,Normal,,65,115,65,75,95,65,https://raw.githubusercontent.com/PokeAPI/sprites/master/sprites/pokemon/775.png
778,ミミッキュ,Ghost,Fairy,55,90,80,50,105,96,https://raw.githubusercontent.com/PokeAPI/sprites/master/sprites/pokemon/778.png
779,ハギギシリ,Water,Psychic,68,105,70,70,70,92,https://raw.githubusercontent.com/PokeAPI/sprites/master/sprites/pokemon/779.png
782,ジャラコ,Dragon,,45,55,65,45,45,45,https://raw.githubusercontent.com/PokeAPI/sprites/master/sprites/pokemon/782.png
783,ジャランゴ,Dragon,Fighting,55,75,90,65,70,65,https://raw.githubusercontent.com/PokeAPI/sprites/master/sprites/pokemon/783.png
784,ジャラランガ,Dragon,Fighting,75,110,125,100,105,85,https://raw.githubusercontent.com/PokeAPI/sprites/master/sprites/pokemon/784.png
789,コスモッグ,Psychic,,43,29,31,29,31,37,https://raw.githubusercontent.com/PokeAPI/sprites/master/sprites/pokemon/789.png
790,コスモウム,Psychic,,43,29,131,29,131,37,https://raw.githubusercontent.com/PokeAPI/sprites/master/sprites/pokemon/790.png
791,ソルガレオ,Psychic,Steel,137,137,107,113,89,97,https://raw.githubusercontent.com/PokeAPI/sprites/master/sprites/pokemon/791.png
792,ルナアーラ,Psychic,Ghost,137,113,89,137,107,97,https://raw.githubusercontent.com/PokeAPI/sprites/master/sprites/pokemon/792.png
800,ネクロズマ,Psychic,,97,107,101,127,89,79,https://raw.githubusercontent.com/PokeAPI/sprites/master/sprites/pokemon/800.png
801,マギアナ,Steel,Fairy,80,95,115,130,115,65,https://raw.githubusercontent.com/PokeAPI/sprites/master/sprites/pokemon/801.png
810,サルノリ,Grass,,50,65,50,40,40,65,https://raw.githubusercontent.com/PokeAPI/sprites/master/sprites/pokemon/810.png
811,バチンキー,Grass,,70,85,70,55,60,80,https://raw.githubusercontent.com/PokeAPI/sprites/master/sprites/pokemon/811.png
812,ゴリランダー,Grass,,100,125,90,60,70,85,https://raw.githubusercontent.com/PokeAPI/sprites/master/sprites/pokemon/812.png
813,ヒバニー,Fire,,50,71,40,40,40,69,https://raw.githubusercontent.com/PokeAPI/sprites/master/sprites/pokemon/813.png
814,ラビフット,Fire,,65,86,60,55,60,94,https://raw.githubusercontent.com/PokeAPI/sprites/master/sprites/pokemon/814.png
815,エースバーン,Fire,,80,116,75,65,75,119,https://raw.githubusercontent.com/PokeAPI/sprites/master/sprites/pokemon/815.png
816,メッソン,Water,,50,40,40,70,40,70,https://raw.githubusercontent.com/PokeAPI/sprites/master/sprites/pokemon/816.png
817,ジメレオン,Water,,65,60,55,95,55,90,https://raw.githubusercontent.com/PokeAPI/sprites/master/sprites/pokemon/817.png
818,インテレオン,Water,,70,85,65,125,65,120,https://raw.githubusercontent.com/PokeAPI/sprites/master/sprites/pokemon/818.png
819,ホシガリス,Normal,,70,55,55,35,35,25,https://raw.githubusercontent.com/PokeAPI/sprites/master/sprites/pokemon/819.png
820,ヨクバリス,Normal,,120,95,95,55,75,20,https://raw.githubusercontent.com/PokeAPI/sprites/master/sprites/pokemon/820.png
821,ココガラ,Flying,,38,47,35,33,35,57,https://raw.githubusercontent.com/PokeAPI/sprites/master/sprites/pokemon/821.png
822,アオガラス,Flying,,68,67,55,43,55,77,https://raw.githubusercontent.com/PokeAPI/sprites/master/sprites/pokemon/822.png
823,アーマーガア,Flying,Steel,98,87,105,53,85,67,https://raw.githubusercontent.com/PokeAPI/sprites/master/sprites/pokemon/823.png
833,カムカメ,Water,,50,64,50,38,38,44,https://raw.githubusercontent.com/PokeAPI/sprites/master/sprites/pokemon/833.png
834,カジリガメ,Water,Rock,90,115,90,48,68,74,https://raw.githubusercontent.com/PokeAPI/sprites/master/sprites/pokemon/834.png
837,タンドン,Rock,,30,40,50,40,50,30,https://raw.githubusercontent.com/PokeAPI/sprites/master/sprites/pokemon/837.png
838,トロッゴン,Rock,Fire,80,60,90,60,70,50,https://raw.githubusercontent.com/PokeAPI/sprites/master/sprites/pokemon/838.png
839,セキタンザン,Rock,Fire,110,80,120,80,90,30,https://raw.githubusercontent.com/PokeAPI/sprites/master/sprites/pokemon/839.png
840,カジッチュ,Grass,Dragon,40,40,80,40,40,20,https://raw.githubusercontent.com/PokeAPI/sprites/master/sprites/pokemon/840.png
841,アップリュー,Grass,Dragon,70,110,80,95,60,70,https://raw.githubusercontent.com/PokeAPI/sprites/master/sprites/pokemon/841.png
842,タルップル,Grass,Dragon,110,85,80,100,80,30,https://raw.githubusercontent.com/PokeAPI/sprites/master/sprites/pokemon/842.png
843,スナヘビ,Ground,,52,57,75,35,50,46,https://raw.githubusercontent.com/PokeAPI/sprites/master/sprites/pokemon/843.png
844,サダイジャ,Ground,,72,107,125,65,70,71,https://raw.githubusercontent.com/PokeAPI/sprites/master/sprites/pokemon/844.png
845,ウッウ,Flying,Water,70,85,55,85,95,85,https://raw.githubusercontent.com/PokeAPI/sprites/master/sprites/pokemon/845.png
846,サシカマス,Water,,41,63,40,40,30,66,https://raw.githubusercontent.com/PokeAPI/sprites/master/sprites/pokemon/846.png
847,カマスジョー,Water,,61,123,60,60,50,136,https://raw.githubusercontent.com/PokeAPI/sprites/master/sprites/pokemon/847.png
848,エレズン,Electric,Poison,40,38,35,54,35,40,https://raw.githubusercontent.com/PokeAPI/sprites/master/sprites/pokemon/848.png
849,ストリンダー,Electric,Poison,75,98,70,114,70,75,https://raw.githubusercontent.com/PokeAPI/sprites/master/sprites/pokemon/849.png
854,ヤバチャ,Ghost,,40,45,45,74,54,50,https://raw.githubusercontent.com/PokeAPI/sprites/master/sprites/pokemon/854.png
855,ポットデス,Ghost,,60,65,65,134,114,70,https://raw.githubusercontent.com/PokeAPI/sprites/master/sprites/pokemon/855.png
856,ミブリム,Psychic,,42,30,45,56,53,39,https://raw.githubusercontent.com/PokeAPI/sprites/master/sprites/pokemon/856.png
857,テブリム,Psychic,,57,40,65,86,73,49,https://raw.githubusercontent.com/PokeAPI/sprites/master/sprites/pokemon/857.png
858,ブリムオン,Psychic,Fairy,57,90,95,136,103,29,https://raw.githubusercontent.com/PokeAPI/sprites/master/sprites/pokemon/858.png
859,ベロバー,Dark,Fairy,45,45,30,55,40,50,https://raw.githubusercontent.com/PokeAPI/sprites/master/sprites/pokemon/859.png
860,ギモー,Dark,Fairy,65,60,45,75,55,70,https://raw.githubusercontent.com/PokeAPI/sprites/master/sprites/pokemon/860.png
861,オーロンゲ,Dark,Fairy,95,120,65,95,75,60,https://raw.githubusercontent.com/PokeAPI/sprites/master/sprites/pokemon/861.png
863,ニャイキング,Steel,,70,110,100,50,60,50,https://raw.githubusercontent.com/PokeAPI/sprites/master/sprites/pokemon/863.png
868,マホミル,Fairy,,45,40,40,50,61,34,https://raw.githubusercontent.com/PokeAPI/sprites/master/sprites/pokemon/868.png
869,マホイップ,Fairy,,65,60,75,110,121,64,https://raw.githubusercontent.com/PokeAPI/sprites/master/sprites/pokemon/869.png
870,タイレーツ,Fighting,,65,100,100,70,60,75,https://raw.githubusercontent.com/PokeAPI/sprites/master/sprites/pokemon/870.png
871,バチンウニ,Electric,,48,101,95,91,85,15,https://raw.githubusercontent.com/PokeAPI/sprites/master/sprites/pokemon/871.png
872,ユキハミ,Ice,Bug,30,25,35,45,30,20,https://raw.githubusercontent.com/PokeAPI/sprites/master/sprites/pokemon/872.png
873,モスノウ,Ice,Bug,70,65,60,125,90,65,https://raw.githubusercontent.com/PokeAPI/sprites/master/sprites/pokemon/873.png
874,イシヘンジン,Rock,,100,125,135,20,20,70,https://raw.githubusercontent.com/PokeAPI/sprites/master/sprites/pokemon/874.png
875,コオリッポ,Ice,,75,80,110,65,90,50,https://raw.githubusercontent.com/PokeAPI/sprites/master/sprites/pokemon/875.png
876,イエッサン,Psychic,Normal,60,65,55,105,95,95,https://raw.githubusercontent.com/PokeAPI/sprites/master/sprites/pokemon/876.png
877,モルペコ,Electric,Dark,58,95,58,70,58,97,https://raw.githubusercontent.com/PokeAPI/sprites/master/sprites/pokemon/877.png
878,ゾウドウ,Steel,,72,80,49,40,49,40,https://raw.githubusercontent.com/PokeAPI/sprites/master/sprites/pokemon/878.png
879,ダイオウドウ,Steel,,122,130,69,80,69,30,https://raw.githubusercontent.com/PokeAPI/sprites/master/sprites/pokemon/879.png
884,ジュラルドン,Steel,Dragon,70,95,115,120,50,85,https://raw.githubusercontent.com/PokeAPI/sprites/master/sprites/pokemon/884.png
885,ドラメシヤ,Dragon,Ghost,28,60,30,40,30,82,https://raw.githubusercontent.com/PokeAPI/sprites/master/sprites/pokemon/885.png
886,ドロンチ,Dragon,Ghost,68,80,50,60,50,102,https://raw.githubusercontent.com/PokeAPI/sprites/master/sprites/pokemon/886.png
887,ドラパルト,Dragon,Ghost,88,120,75,100,75,142,https://raw.githubusercontent.com/PokeAPI/sprites/master/sprites/pokemon/887.png
888,ザシアン,Fairy,,92,120,115,80,115,138,https://raw.githubusercontent.com/PokeAPI/sprites/master/sprites/pokemon/888.png
889,ザマゼンタ,Fighting,,92,120,115,80,115,138,https://raw.githubusercontent.com/PokeAPI/sprites/master/sprites/pokemon/889.png
890,ムゲンダイナ,Poison,Dragon,140,85,95,145,95,130,https://raw.githubusercontent.com/PokeAPI/sprites/master/sprites/pokemon/890.png
891,ダクマ,Fighting,,60,90,60,53,50,72,https://raw.githubusercontent.com/PokeAPI/sprites/master/sprites/pokemon/891.png
892,ウーラオス(いちげきのかた),Fighting,Dark,100,130,100,63,60,97,https://raw.githubusercontent.com/PokeAPI/sprites/master/sprites/pokemon/892.png
893,ザルード,Dark,Grass,105,120,105,70,95,105,https://raw.githubusercontent.com/PokeAPI/sprites/master/sprites/pokemon/893.png
894,レジエレキ,Electric,,80,100,50,100,50,200,https://raw.githubusercontent.com/PokeAPI/sprites/master/sprites/pokemon/894.png
895,レジドラゴ,Dragon,,200,100,50,100,50,80,https://raw.githubusercontent.com/PokeAPI/sprites/master/sprites/pokemon/895.png
896,ブリザポス,Ice,,100,145,130,65,110,30,https://raw.githubusercontent.com/PokeAPI/sprites/master/sprites/pokemon/896.png
897,レイスポス,Ghost,,100,65,60,145,80,130,https://raw.githubusercontent.com/PokeAPI/sprites/master/sprites/pokemon/897.png
898,バドレックス,Psychic,Grass,100,80,80,80,80,80,https://raw.githubusercontent.com/PokeAPI/sprites/master/sprites/pokemon/898.png
899,アヤシシ,Normal,Psychic,103,105,72,105,75,65,https://raw.githubusercontent.com/PokeAPI/sprites/master/sprites/pokemon/899.png
900,バサギリ,Bug,Rock,70,135,95,45,70,85,https://raw.githubusercontent.com/PokeAPI/sprites/master/sprites/pokemon/900.png
901,ガチグマ,Ground,Normal,130,140,105,45,80,50,https://raw.githubusercontent.com/PokeAPI/sprites/master/sprites/pokemon/901.png
902,イダイトウ,Water,Ghost,120,112,65,80,75,78,https://raw.githubusercontent.com/PokeAPI/sprites/master/sprites/pokemon/902.png
903,オオニューラ,Fighting,Poison,80,130,60,40,80,120,https://raw.githubusercontent.com/PokeAPI/sprites/master/sprites/pokemon/903.png
904,ハリーマン,Dark,Poison,85,115,95,65,65,85,https://raw.githubusercontent.com/PokeAPI/sprites/master/sprites/pokemon/904.png
905,ラブトロス,Fairy,Flying,74,115,70,135,80,106,https://raw.githubusercontent.com/PokeAPI/sprites/master/sprites/pokemon/905.png
906,ニャオハ,Grass,,40,61,54,45,45,65,https://raw.githubusercontent.com/PokeAPI/sprites/master/sprites/pokemon/906.png
907,ニャローテ,Grass,,61,80,63,60,63,83,https://raw.githubusercontent.com/PokeAPI/sprites/master/sprites/pokemon/907.png
908,マスカーニャ,Grass,Dark,76,110,70,81,70,123,https://raw.githubusercontent.com/PokeAPI/sprites/master/sprites/pokemon/908.png
909,ホゲータ,Fire,,67,45,59,63,40,36,https://raw.githubusercontent.com/PokeAPI/sprites/master/sprites/pokemon/909.png
910,アチゲータ,Fire,,81,55,78,90,58,49,https://raw.githubusercontent.com/PokeAPI/sprites/master/sprites/pokemon/910.png
911,ラウドボーン,Fire,Ghost,104,75,100,110,75,66,https://raw.githubusercontent.com/PokeAPI/sprites/master/sprites/pokemon/911.png
912,クワッス,Water,,55,65,45,50,45,50,https://raw.githubusercontent.com/PokeAPI/sprites/master/sprites/pokemon/912.png
913,ウェルカモ,Water,,70,85,65,65,60,65,https://raw.githubusercontent.com/PokeAPI/sprites/master/sprites/pokemon/913.png
914,ウェーニバル,Water,Fighting,85,120,80,85,75,85,https://raw.githubusercontent.com/PokeAPI/sprites/master/sprites/pokemon/914.png
915,グルトン,Normal,,54,45,40,35,45,35,https://raw.githubusercontent.com/PokeAPI/sprites/master/sprites/pokemon/915.png
916,パフュートン,Normal,,110,100,75,59,80,65,https://raw.githubusercontent.com/PokeAPI/sprites/master/sprites/pokemon/916.png
917,タマンチュラ,Bug,,35,41,45,29,40,20,https://raw.githubusercontent.com/PokeAPI/sprites/master/sprites/pokemon/917.png
918,ワナイダー,Bug,,60,79,92,52,86,35,https://raw.githubusercontent.com/PokeAPI/sprites/master/sprites/pokemon/918.png
919,マメバッタ,Bug,,33,46,40,21,25,45,https://raw.githubusercontent.com/PokeAPI/sprites/master/sprites/pokemon/919.png
920,エクスレッグ,Bug,Dark,71,102,78,52,55,92,https://raw.githubusercontent.com/PokeAPI/sprites/master/sprites/pokemon/920.png
921,パモ,Electric,,45,50,20,40,25,60,https://raw.githubusercontent.com/PokeAPI/sprites/master/sprites/pokemon/921.png
922,パモット,Electric,Fighting,60,75,40,50,40,85,https://raw.githubusercontent.com/PokeAPI/sprites/master/sprites/pokemon/922.png
923,パーモット,Electric,Fighting,70,115,70,70,60,105,https://raw.githubusercontent.com/PokeAPI/sprites/master/sprites/pokemon/923.png
924,ワッカネズミ,Normal,,50,50,45,40,45,75,https://raw.githubusercontent.com/PokeAPI/sprites/master/sprites/pokemon/924.png
925,イッカネズミ,Normal,,74,75,70,65,75,111,https://raw.githubusercontent.com/PokeAPI/sprites/master/sprites/pokemon/925.png
926,パピモッチ,Fairy,,37,55,70,30,55,65,https://raw.githubusercontent.com/PokeAPI/sprites/master/sprites/pokemon/926.png
927,バウッツェル,Fairy,,57,80,115,50,80,95,https://raw.githubusercontent.com/PokeAPI/sprites/master/sprites/pokemon/927.png
928,ミニーブ,Grass,Normal,41,35,45,58,51,30,https://raw.githubusercontent.com/PokeAPI/sprites/master/sprites/pokemon/928.png
929,オリーニョ,Grass,Normal,52,53,60,78,78,33,https://raw.githubusercontent.com/PokeAPI/sprites/master/sprites/pokemon/929.png
930,オリーヴァ,Grass,Normal,78,69,90,125,109,39,https://raw.githubusercontent.com/PokeAPI/sprites/master/sprites/pokemon/930.png
931,イキリンコ,Normal,Flying,82,96,51,45,51,92,https://raw.githubusercontent.com/PokeAPI/sprites/master/sprites/pokemon/931.png
932,コジオ,Rock,,55,55,75,35,35,25,https://raw.githubusercontent.com/PokeAPI/sprites/master/sprites/pokemon/932.png
933,ジオヅム,Rock,,60,60,100,35,65,35,https://raw.githubusercontent.com/PokeAPI/sprites/master/sprites/pokemon/933.png
934,キョジオーン,Rock,,100,100,130,45,90,35,https://raw.githubusercontent.com/PokeAPI/sprites/master/sprites/pokemon/934.png
935,カルボウ,Fire,,40,50,40,50,40,35,https://raw.githubusercontent.com/PokeAPI/sprites/master/sprites/pokemon/935.png
936,グレンアルマ,Fire,Psychic,85,60,100,125,80,75,https://raw.githubusercontent.com/PokeAPI/sprites/master/sprites/pokemon/936.png
937,ソウブレイズ,Fire,Ghost,75,125,80,60,100,85,https://raw.githubusercontent.com/PokeAPI/sprites/master/sprites/pokemon/937.png
938,ズピカ,Electric,,61,31,41,59,35,45,https://raw.githubusercontent.com/PokeAPI/sprites/master/sprites/pokemon/938.png
939,ハラバリー,Electric,,109,64,91,103,83,45,https://raw.githubusercontent.com/PokeAPI/sprites/master/sprites/pokemon/939.png
940,カイデン,Electric,Flying,40,40,35,55,40,70,https://raw.githubusercontent.com/PokeAPI/sprites/master/sprites/pokemon/940.png
941,タイカイデン,Electric,Flying,70,70,60,105,60,125,https://raw.githubusercontent.com/PokeAPI/sprites/master/sprites/pokemon/941.png
942,オラチフ,Dark,,60,78,60,40,51,51,https://raw.githubusercontent.com/PokeAPI/sprites/master/sprites/pokemon/942.png
943,マフィティフ,Dark,,80,120,90,60,70,85,https://raw.githubusercontent.com/PokeAPI/sprites/master/sprites/pokemon/943.png
944,シルシュルー,Poison,Normal,40,65,35,40,35,75,https://raw.githubusercontent.com/PokeAPI/sprites/master/sprites/pokemon/944.png
945,タギングル,Poison,Normal,63,95,65,80,72,110,https://raw.githubusercontent.com/PokeAPI/sprites/master/sprites/pokemon/945.png
946,アノクサ,Grass,Ghost,40,65,30,45,35,60,https://raw.githubusercontent.com/PokeAPI/sprites/master/sprites/pokemon/946.png
947,アノホラグサ,Grass,Ghost,55,115,70,80,70,90,https://raw.githubusercontent.com/PokeAPI/sprites/master/sprites/pokemon/947.png
948,ノノクラゲ,Ground,Grass,40,40,35,50,100,70,https://raw.githubusercontent.com/PokeAPI/sprites/master/sprites/pokemon/948.png
949,リククラゲ,Ground,Grass,80,70,65,80,120,100,https://raw.githubusercontent.com/PokeAPI/sprites/master/sprites/pokemon/949.png
950,ガケガニ,Rock,,70,100,115,35,55,75,https://raw.githubusercontent.com/PokeAPI/sprites/master/sprites/pokemon/950.png
951,カプサイジ,Grass,,50,62,40,62,40,50,https://raw.githubusercontent.com/PokeAPI/sprites/master/sprites/pokemon/951.png
952,スコヴィラン,Grass,Fire,65,108,65,108,65,75,https://raw.githubusercontent.com/PokeAPI/sprites/master/sprites/pokemon/952.png
953,シガロコ,Bug,,41,50,60,31,58,30,https://raw.githubusercontent.com/PokeAPI/sprites/master/sprites/pokemon/953.png
954,ベラカス,Bug,Psychic,75,50,85,115,100,45,https://raw.githubusercontent.com/PokeAPI/sprites/master/sprites/pokemon/954.png
955,ヒラヒナ,Psychic,,30,35,30,55,30,75,https://raw.githubusercontent.com/PokeAPI/sprites/master/sprites/pokemon/955.png
956,クエスパトラ,Psychic,,95,60,60,101,60,105,https://raw.githubusercontent.com/PokeAPI/sprites/master/sprites/pokemon/956.png
957,カヌチャン,Fairy,Steel,50,45,45,35,64,58,https://raw.githubusercontent.com/PokeAPI/sprites/master/sprites/pokemon/957.png
958,ナカヌチャン,Fairy,Steel,65,55,55,45,82,78,https://raw.githubusercontent.com/PokeAPI/sprites/master/sprites/pokemon/958.png
959,デカヌチャン,Fairy,Steel,85,75,77,70,105,94,https://raw.githubusercontent.com/PokeAPI/sprites/master/sprites/pokemon/959.png
960,ウミディグダ,Water,,10,55,25,35,25,95,https://raw.githubusercontent.com/PokeAPI/sprites/master/sprites/pokemon/960.png
961,ウミトリオ,Water,,35,100,50,50,70,120,https://raw.githubusercontent.com/PokeAPI/sprites/master/sprites/pokemon/961.png
962,オトシドリ,Flying,Dark,70,103,85,60,85,82,https://raw.githubusercontent.com/PokeAPI/sprites/master/sprites/pokemon/962.png
963,ナミイルカ,Water,,70,45,40,45,40,75,https://raw.githubusercontent.com/PokeAPI/sprites/master/sprites/pokemon/963.png
964,イルカマン,Water,,100,70,72,53,62,100,https://raw.githubusercontent.com/PokeAPI/sprites/master/sprites/pokemon/964.png
965,ブロロン,Steel,Poison,45,70,63,30,45,47,https://raw.githubusercontent.com/PokeAPI/sprites/master/sprites/pokemon/965.png
966,ブロロローム,Steel,Poison,80,119,90,54,67,90,https://raw.githubusercontent.com/PokeAPI/sprites/master/sprites/pokemon/966.png
967,モトトカゲ,Dragon,Normal,70,95,65,85,65,121,https://raw.githubusercontent.com/PokeAPI/sprites/master/sprites/pokemon/967.png
968,ミミズズ,Steel,,70,85,145,60,55,65,https://raw.githubusercontent.com/PokeAPI/sprites/master/sprites/pokemon/968.png
969,キラーメ,Rock,Poison,48,35,42,105,60,60,https://raw.githubusercontent.com/PokeAPI/sprites/master/sprites/pokemon/969.png
970,キラフロル,Rock,Poison,83,55,90,130,81,86,https://raw.githubusercontent.com/PokeAPI/sprites/master/sprites/pokemon/970.png
971,ボチ,Ghost,,50,61,60,30,55,34,https://raw.githubusercontent.com/PokeAPI/sprites/master/sprites/pokemon/971.png
972,ハカドッグ,Ghost,,72,101,100,50,97,68,https://raw.githubusercontent.com/PokeAPI/sprites/master/sprites/pokemon/972.png
973,カラミンゴ,Flying,Fighting,82,115,74,75,64,90,https://raw.githubusercontent.com/PokeAPI/sprites/master/sprites/pokemon/973.png
974,アルクジラ,Ice,,108,68,45,30,40,43,https://raw.githubusercontent.com/PokeAPI/sprites/master/sprites/pokemon/974.png
975,ハルクジラ,Ice,,170,113,65,45,55,73,https://raw.githubusercontent.com/PokeAPI/sprites/master/sprites/pokemon/975.png
976,ミガルーサ,Water,Psychic,90,102,73,78,65,70,https://raw.githubusercontent.com/PokeAPI/sprites/master/sprites/pokemon/976.png
977,ヘイラッシャ,Water,,150,100,115,65,65,35,https://raw.githubusercontent.com/PokeAPI/sprites/master/sprites/pokemon/977.png
978,シャリタツ,Dragon,Water,68,50,60,120,95,82,https://raw.githubusercontent.com/PokeAPI/sprites/master/sprites/pokemon/978.png
979,コノヨザル,Fighting,Ghost,110,115,80,50,90,90,https://raw.githubusercontent.com/PokeAPI/sprites/master/sprites/pokemon/979.png
980,ドオー,Poison,Ground,130,75,60,45,100,20,https://raw.githubusercontent.com/PokeAPI/sprites/master/sprites/pokemon/980.png
981,リキキリン,Normal,Psychic,120,90,70,110,70,60,https://raw.githubusercontent.com/PokeAPI/sprites/master/sprites/pokemon/981.png
982,ノココッチ,Normal,,125,100,80,85,75,55,https://raw.githubusercontent.com/PokeAPI/sprites/master/sprites/pokemon/982.png
983,ドドゲザン,Dark,Steel,100,135,120,60,85,50,https://raw.githubusercontent.com/PokeAPI/sprites/master/sprites/pokemon/983.png
984,イダイナキバ,Ground,Fighting,115,131,131,53,53,87,https://raw.githubusercontent.com/PokeAPI/sprites/master/sprites/pokemon/984.png
985,サケブシッポ,Fairy,Psychic,115,65,99,65,115,111,https://raw.githubusercontent.com/PokeAPI/sprites/master/sprites/pokemon/985.png
986,アラブルタケ,Grass,Dark,111,127,99,79,99,55,https://raw.githubusercontent.com/PokeAPI/sprites/master/sprites/pokemon/986.png
987,ハバタクカミ,Ghost,Fairy,55,55,55,135,135,135,https://raw.githubusercontent.com/PokeAPI/sprites/master/sprites/pokemon/987.png
988,チヲハウハネ,Bug,Fighting,85,135,79,85,105,81,https://raw.githubusercontent.com/PokeAPI/sprites/master/sprites/pokemon/988.png
989,スナノケガワ,Electric,Ground,85,81,97,121,85,101,https://raw.githubusercontent.com/PokeAPI/sprites/master/sprites/pokemon/989.png
990,テツノワダチ,Ground,Steel,90,112,120,72,70,106,https://raw.githubusercontent.com/PokeAPI/sprites/master/sprites/pokemon/990.png
991,テツノツツミ,Ice,Water,56,80,114,124,60,136,https://raw.githubusercontent.com/PokeAPI/sprites/master/sprites/pokemon/991.png
992,テツノカイナ,Fighting,Electric,154,140,108,50,68,50,https://raw.githubusercontent.com/PokeAPI/sprites/master/sprites/pokemon/992.png
993,テツノコウベ,Dark,Flying,94,80,86,122,80,108,https://raw.githubusercontent.com/PokeAPI/sprites/master/sprites/pokemon/993.png
994,テツノドクガ,Fire,Poison,80,70,60,140,110,110,https://raw.githubusercontent.com/PokeAPI/sprites/master/sprites/pokemon/994.png
995,テツノイバラ,Rock,Electric,100,134,110,70,84,72,https://raw.githubusercontent.com/PokeAPI/sprites/master/sprites/pokemon/995.png
996,セビエ,Dragon,Ice,65,75,45,35,45,55,https://raw.githubusercontent.com/PokeAPI/sprites/master/sprites/pokemon/996.png
997,セゴール,Dragon,Ice,90,95,66,45,65,62,https://raw.githubusercontent.com/PokeAPI/sprites/master/sprites/pokemon/997.png
998,セグレイブ,Dragon,Ice,115,145,92,75,86,87,https://raw.githubusercontent.com/PokeAPI/sprites/master/sprites/pokemon/998.png
999,コレクレー,Ghost,,45,30,70,75,70,10,https://raw.githubusercontent.com/PokeAPI/sprites/master/sprites/pokemon/999.png
1000,サーフゴー,Steel,Ghost,87,60,95,133,91,84,https://raw.githubusercontent.com/PokeAPI/sprites/master/sprites/pokemon/1000.png
1001,チオンジェン,Dark,Grass,85,85,100,95,135,70,https://raw.githubusercontent.com/PokeAPI/sprites/master/sprites/pokemon/1001.png
1002,パオジアン,Dark,Ice,80,120,80,90,65,135,https://raw.githubusercontent.com/PokeAPI/sprites/master/sprites/pokemon/1002.png
1003,ディンルー,Dark,Ground,155,110,125,55,80,45,https://raw.githubusercontent.com/PokeAPI/sprites/master/sprites/pokemon/1003.png
1004,イーユイ,Dark,Fire,55,80,80,135,120,100,https://raw.githubusercontent.com/PokeAPI/sprites/master/sprites/pokemon/1004.png
1005,トドロクツキ,Dragon,Dark,105,139,71,55,101,119,https://raw.githubusercontent.com/PokeAPI/sprites/master/sprites/pokemon/1005.png
1006,テツノブジン,Fairy,Fighting,74,130,90,120,60,116,https://raw.githubusercontent.com/PokeAPI/sprites/master/sprites/pokemon/1006.png
1007,コライドン,Fighting,Dragon,100,135,115,85,100,135,https://raw.githubusercontent.com/PokeAPI/sprites/master/sprites/pokemon/1007.png
1008,ミライドン,Electric,Dragon,100,85,100,135,115,135,https://raw.githubusercontent.com/PokeAPI/sprites/master/sprites/pokemon/1008.png
1009,ウネルミナモ,Water,Dragon,99,83,91,125,83,109,https://raw.githubusercontent.com/PokeAPI/sprites/master/sprites/pokemon/1009.png
1010,テツノイサハ,Grass,Psychic,90,130,88,70,108,104,https://raw.githubusercontent.com/PokeAPI/sprites/master/sprites/pokemon/1010.png
1011,カミッチュ,Grass,Dragon,80,80,110,95,80,40,https://raw.githubusercontent.com/PokeAPI/sprites/master/sprites/pokemon/1011.png
1012,チャデス,Grass,Ghost,40,45,45,74,54,50,https://raw.githubusercontent.com/PokeAPI/sprites/master/sprites/pokemon/1012.png
1013,ヤバソチャ,Grass,Ghost,71,60,106,121,80,70,https://raw.githubusercontent.com/PokeAPI/sprites/master/sprites/pokemon/1013.png
1014,イイネイヌ,Poison,Fighting,88,128,115,58,86,80,https://raw.githubusercontent.com/PokeAPI/sprites/master/sprites/pokemon/1014.png
1015,マシマシラ,Poison,Psychic,88,75,66,130,90,106,https://raw.githubusercontent.com/PokeAPI/sprites/master/sprites/pokemon/1015.png
1016,キチキギス,Poison,Fairy,88,91,82,70,125,99,https://raw.githubusercontent.com/PokeAPI/sprites/master/sprites/pokemon/1016.png
1017,オーガポン,Grass,,80,120,84,60,96,110,https://raw.githubusercontent.com/PokeAPI/sprites/master/sprites/pokemon/1017.png
1018,ブリジュラス,Steel,Dragon,90,105,130,125,65,85,https://raw.githubusercontent.com/PokeAPI/sprites/master/sprites/pokemon/1018.png
1019,カミツオロチ,Grass,Dragon,106,80,110,120,80,44,https://raw.githubusercontent.com/PokeAPI/sprites/master/sprites/pokemon/1019.png
1020,ウガツホムラ,Fire,Dragon,105,115,121,65,93,91,https://raw.githubusercontent.com/PokeAPI/sprites/master/sprites/pokemon/1020.png
1021,タケルライコ,Electric,Dragon,125,73,91,137,89,75,https://raw.githubusercontent.com/PokeAPI/sprites/master/sprites/pokemon/1021.png
1022,テツノイワオ,Rock,Psychic,90,120,80,68,108,124,https://raw.githubusercontent.com/PokeAPI/sprites/master/sprites/pokemon/1022.png
1023,テツノカシラ,Steel,Psychic,90,72,100,122,108,98,https://raw.githubusercontent.com/PokeAPI/sprites/master/sprites/pokemon/1023.png
1024,テラパゴス,Normal,,90,65,85,65,85,60,https://raw.githubusercontent.com/PokeAPI/sprites/master/sprites/pokemon/1024.png
1025,モモワロウ,Poison,Ghost,88,88,160,88,88,88,https://raw.githubusercontent.com/PokeAPI/sprites/master/sprites/pokemon/1025.png
10001,デオキシス(アタックフォルム),Psychic,,50,180,20,180,20,150,https://raw.githubusercontent.com/PokeAPI/sprites/master/sprites/pokemon/10001.png
10002,デオキシス(ディフェンスフォルム),Psychic,,50,70,160,70,160,90,https://raw.githubusercontent.com/PokeAPI/sprites/master/sprites/pokemon/10002.png
10003,デオキシス(スピードフォルム),Psychic,,50,95,90,95,90,180,https://raw.githubusercontent.com/PokeAPI/sprites/master/sprites/pokemon/10003.png
10006,シェイミ(スカイフォルム),Grass,Flying,100,103,75,120,75,127,https://raw.githubusercontent.com/PokeAPI/sprites/master/sprites/pokemon/10006.png
10007,ギラティナ(オリジンフォルム),Ghost,Dragon,150,120,100,120,100,90,https://raw.githubusercontent.com/PokeAPI/sprites/master/sprites/pokemon/10007.png
10008,ロトム(ヒート),Electric,Fire,50,65,107,105,107,86,https://raw.githubusercontent.com/PokeAPI/sprites/master/sprites/pokemon/10008.png
10009,ロトム(ウォッシュ),Electric,Water,50,65,107,105,107,86,https://raw.githubusercontent.com/PokeAPI/sprites/master/sprites/pokemon/10009.png
10010,ロトム(フロスト),Electric,Ice,50,65,107,105,107,86,https://raw.githubusercontent.com/PokeAPI/sprites/master/sprites/pokemon/10010.png
10011,ロトム(スピン),Electric,Flying,50,65,107,105,107,86,https://raw.githubusercontent.com/PokeAPI/sprites/master/sprites/pokemon/10011.png
10012,ロトム(カット),Electric,Grass,50,65,107,105,107,86,https://raw.githubusercontent.com/PokeAPI/sprites/master/sprites/pokemon/10012.png
10016,バスラオ(あおすじのすがた),Water,,70,92,65,80,55,98,https://raw.githubusercontent.com/PokeAPI/sprites/master/sprites/pokemon/10016.png
10018,メロエッタ(ステップフォルム),Normal,Fighting,100,128,90,77,77,128,https://raw.githubusercontent.com/PokeAPI/sprites/master/sprites/pokemon/10018.png
10019,トルネロス(れいじゅうフォルム),Flying,,79,100,80,110,90,121,https://raw.githubusercontent.com/PokeAPI/sprites/master/sprites/pokemon/10019.png
10020,ボルトロス(れいじゅうフォルム),Electric,Flying,79,105,70,145,80,101,https://raw.githubusercontent.com/PokeAPI/sprites/master/sprites/pokemon/10020.png
10021,ランドロス(れいじゅうフォルム),Ground,Flying,89,145,90,105,80,91,https://raw.githubusercontent.com/PokeAPI/sprites/master/sprites/pokemon/10021.png
10022,キュレム(ブラックキュレム),Dragon,Ice,125,170,100,120,90,95,https://raw.githubusercontent.com/PokeAPI/sprites/master/sprites/pokemon/10022.png
10023,キュレム(ホワイトキュレム),Dragon,Ice,125,120,90,170,100,95,https://raw.githubusercontent.com/PokeAPI/sprites/master/sprites/pokemon/10023.png
10024,ケルディオ(かくごのすがた),Water,Fighting,91,72,90,129,90,108,https://raw.githubusercontent.com/PokeAPI/sprites/master/sprites/pokemon/10024.png
10025,ニャオニクス(メスのすがた),Psychic,,74,48,76,83,81,104,https://raw.githubusercontent.com/PokeAPI/sprites/master/sprites/pokemon/10025.png
10061,フラエッテ(えいえん),Fairy,,74,65,67,125,128,92,https://raw.githubusercontent.com/PokeAPI/sprites/master/sprites/pokemon/10061.png
10086,フーパ(ときはなたれしフーパ),Psychic,Dark,80,160,60,170,130,80,https://raw.githubusercontent.com/PokeAPI/sprites/master/sprites/pokemon/10086.png
10094,ピカチュウ(オリジナルキャップ),Electric,,35,55,40,50,50,90,https://raw.githubusercontent.com/PokeAPI/sprites/master/sprites/pokemon/10094.png
10095,ピカチュウ(ホウエンキャップ),Electric,,35,55,40,50,50,90,https://raw.githubusercontent.com/PokeAPI/sprites/master/sprites/pokemon/10095.png
10096,ピカチュウ(シンオウキャップ),Electric,,35,55,40,50,50,90,https://raw.githubusercontent.com/PokeAPI/sprites/master/sprites/pokemon/10096.png
10097,ピカチュウ(イッシュキャップ),Electric,,35,55,40,50,50,90,https://raw.githubusercontent.com/PokeAPI/sprites/master/sprites/pokemon/10097.png
10098,ピカチュウ(カロスキャップ),Electric,,35,55,40,50,50,90,https://raw.githubusercontent.com/PokeAPI/sprites/master/sprites/pokemon/10098.png
10099,ピカチュウ(アローラキャップ),Electric,,35,55,40,50,50,90,https://raw.githubusercontent.com/PokeAPI/sprites/master/sprites/pokemon/10099.png
10100,ライチュウ(アローラ),Electric,Psychic,60,85,50,95,85,110,https://raw.githubusercontent.com/PokeAPI/sprites/master/sprites/pokemon/10100.png
10101,サンド(アローラ),Ice,Steel,50,75,90,10,35,40,https://raw.githubusercontent.com/PokeAPI/sprites/master/sprites/pokemon/10101.png
10102,サンドパン(アローラ),Ice,Steel,75,100,120,25,65,65,https://raw.githubusercontent.com/PokeAPI/sprites/master/sprites/pokemon/10102.png
10103,ロコン(アローラ),Ice,,38,41,40,50,65,65,https://raw.githubusercontent.com/PokeAPI/sprites/master/sprites/pokemon/10103.png
10104,キュウコン(アローラ),Ice,Fairy,73,67,75,81,100,109,https://raw.githubusercontent.com/PokeAPI/sprites/master/sprites/pokemon/10104.png
10105,ディグダ(アローラ),Ground,Steel,10,55,30,35,45,90,https://raw.githubusercontent.com/PokeAPI/sprites/master/sprites/pokemon/10105.png
10106,ダグトリオ(アローラ),Ground,Steel,35,100,60,50,70,110,https://raw.githubusercontent.com/PokeAPI/sprites/master/sprites/pokemon/10106.png
10107,ニャース(アローラ),Dark,,40,35,35,50,40,90,https://raw.githubusercontent.com/PokeAPI/sprites/master/sprites/pokemon/10107.png
10108,ペルシアン(アローラ),Dark,,65,60,60,75,65,115,https://raw.githubusercontent.com/PokeAPI/sprites/master/sprites/pokemon/10108.png
10109,イシツブテ(アローラ),Rock,Electric,40,80,100,30,30,20,https://raw.githubusercontent.com/PokeAPI/sprites/master/sprites/pokemon/10109.png
10110,ゴローン(アローラ),Rock,Electric,55,95,115,45,45,35,https://raw.githubusercontent.com/PokeAPI/sprites/master/sprites/pokemon/10110.png
10111,ゴローニャ(アローラ),Rock,Electric,80,120,130,55,65,45,https://raw.githubusercontent.com/PokeAPI/sprites/master/sprites/pokemon/10111.png
10112,ベトベター(アローラ),Poison,Dark,80,80,50,40,50,25,https://raw.githubusercontent.com/PokeAPI/sprites/master/sprites/pokemon/10112.png
10113,ベトベトン(アローラ),Poison,Dark,105,105,75,65,100,50,https://raw.githubusercontent.com/PokeAPI/sprites/master/sprites/pokemon/10113.png
10114,ナッシー(アローラ),Grass,Dragon,95,105,85,125,75,45,https://raw.githubusercontent.com/PokeAPI/sprites/master/sprites/pokemon/10114.png
10117,ゲッコウガ(サトシ),Water,Dark,72,145,67,153,71,132,https://raw.githubusercontent.com/PokeAPI/sprites/master/sprites/pokemon/10117.png
10123,オドリドリ(ぱちぱち),Electric,Flying,75,70,70,98,70,93,https://raw.githubusercontent.com/PokeAPI/sprites/master/sprites/pokemon/10123.png
10124,オドリドリ(ふらふら),Psychic,Flying,75,70,70,98,70,93,https://raw.githubusercontent.com/PokeAPI/sprites/master/sprites/pokemon/10124.png
10125,オドリドリ(まいまい),Ghost,Flying,75,70,70,98,70,93,https://raw.githubusercontent.com/PokeAPI/sprites/master/sprites/pokemon/10125.png
10126,ルガルガン(まよなか),Rock,,85,115,75,55,75,82,https://raw.githubusercontent.com/PokeAPI/sprites/master/sprites/pokemon/10126.png
10130,メテノ(りゅうせいのすがた),Rock,Flying,60,60,100,60,100,60,https://raw.githubusercontent.com/PokeAPI/sprites/master/sprites/pokemon/10130.png
10131,メテノ(りゅうせいのすがた),Rock,Flying,60,60,100,60,100,60,https://raw.githubusercontent.com/PokeAPI/sprites/master/sprites/pokemon/10131.png
10132,メテノ(りゅうせいのすがた),Rock,Flying,60,60,100,60,100,60,https://raw.githubusercontent.com/PokeAPI/sprites/master/sprites/pokemon/10132.png
10133,メテノ(りゅうせいのすがた),Rock,Flying,60,60,100,60,100,60,https://raw.githubusercontent.com/PokeAPI/sprites/master/sprites/pokemon/10133.png
10134,メテノ(りゅうせいのすがた),Rock,Flying,60,60,100,60,100,60,https://raw.githubusercontent.com/PokeAPI/sprites/master/sprites/pokemon/10134.png
10135,メテノ(りゅうせいのすがた),Rock,Flying,60,60,100,60,100,60,https://raw.githubusercontent.com/PokeAPI/sprites/master/sprites/pokemon/10135.png
10136,メテノ(コア),Rock,Flying,60,100,60,100,60,120,https://raw.githubusercontent.com/PokeAPI/sprites/master/sprites/pokemon/10136.png
10137,メテノ(orange),Rock,Flying,60,100,60,100,60,120,https://raw.githubusercontent.com/PokeAPI/sprites/master/sprites/pokemon/10137.png
10138,メテノ(yellow),Rock,Flying,60,100,60,100,60,120,https://raw.githubusercontent.com/PokeAPI/sprites/master/sprites/pokemon/10138.png
10139,メテノ(green),Rock,Flying,60,100,60,100,60,120,https://raw.githubusercontent.com/PokeAPI/sprites/master/sprites/pokemon/10139.png
10140,メテノ(blue),Rock,Flying,60,100,60,100,60,120,https://raw.githubusercontent.com/PokeAPI/sprites/master/sprites/pokemon/10140.png
10141,メテノ(indigo),Rock,Flying,60,100,60,100,60,120,https://raw.githubusercontent.com/PokeAPI/sprites/master/sprites/pokemon/10141.png
10142,メテノ(violet),Rock,Flying,60,100,60,100,60,120,https://raw.githubusercontent.com/PokeAPI/sprites/master/sprites/pokemon/10142.png
10143,ミミッキュ(ばれたすがた),Ghost,Fairy,55,90,80,50,105,96,https://raw.githubusercontent.com/PokeAPI/sprites/master/sprites/pokemon/10143.png
10147,マギアナ(５００ねんまえのいろ),Steel,Fairy,80,95,115,130,115,65,https://raw.githubusercontent.com/PokeAPI/sprites/master/sprites/pokemon/10147.png
10148,ピカチュウ(キミにきめたキャップ),Electric,,35,55,40,50,50,90,https://raw.githubusercontent.com/PokeAPI/sprites/master/sprites/pokemon/10148.png
10151,イワンコ(own-tempo),Rock,,45,65,40,30,40,60,https://raw.githubusercontent.com/PokeAPI/sprites/master/sprites/pokemon/10151.png
10152,ルガルガン(たそがれ),Rock,,75,117,65,55,65,110,https://raw.githubusercontent.com/PokeAPI/sprites/master/sprites/pokemon/10152.png
10155,ネクロズマ(たそがれのたてがみ),Psychic,Steel,97,157,127,113,109,77,https://raw.githubusercontent.com/PokeAPI/sprites/master/sprites/pokemon/10155.png
10156,ネクロズマ(あかつきのつばさ),Psychic,Ghost,97,113,109,157,127,77,https://raw.githubusercontent.com/PokeAPI/sprites/master/sprites/pokemon/10156.png
10160,ピカチュウ(ワールドキャップ),Electric,,35,55,40,50,50,90,https://raw.githubusercontent.com/PokeAPI/sprites/master/sprites/pokemon/10160.png
10161,ニャース(ガラル),Steel,,50,65,55,40,40,40,https://raw.githubusercontent.com/PokeAPI/sprites/master/sprites/pokemon/10161.png
10164,ヤドン(ガラル),Psychic,,90,65,65,40,40,15,https://raw.githubusercontent.com/PokeAPI/sprites/master/sprites/pokemon/10164.png
10165,ヤドラン(ガラル),Poison,Psychic,95,100,95,100,70,30,https://raw.githubusercontent.com/PokeAPI/sprites/master/sprites/pokemon/10165.png
10167,マタドガス(ガラル),Poison,Fairy,65,90,120,85,70,60,https://raw.githubusercontent.com/PokeAPI/sprites/master/sprites/pokemon/10167.png
10169,フリーザー(ガラルのすがた),Psychic,Flying,90,85,85,125,100,95,https://raw.githubusercontent.com/PokeAPI/sprites/master/sprites/pokemon/10169.png
10170,サンダー(ガラルのすがた),Fighting,Flying,90,125,90,85,90,100,https://raw.githubusercontent.com/PokeAPI/sprites/master/sprites/pokemon/10170.png
10171,ファイヤー(ガラルのすがた),Dark,Flying,90,85,90,100,125,90,https://raw.githubusercontent.com/PokeAPI/sprites/master/sprites/pokemon/10171.png
10172,ヤドキング(ガラル),Poison,Psychic,95,65,80,110,110,30,https://raw.githubusercontent.com/PokeAPI/sprites/master/sprites/pokemon/10172.png
10184,ストリンダー(ローなすがた),Electric,Poison,75,98,70,114,70,75,https://raw.githubusercontent.com/PokeAPI/sprites/master/sprites/pokemon/10184.png
10185,コオリッポ(ナイスフェイス),Ice,,75,80,70,65,50,130,https://raw.githubusercontent.com/PokeAPI/sprites/master/sprites/pokemon/10185.png
10186,イエッサン(♀),Psychic,Normal,70,55,65,95,105,85,https://raw.githubusercontent.com/PokeAPI/sprites/master/sprites/pokemon/10186.png
10187,モルペコ(はらぺこもよう),Electric,Dark,58,95,58,70,58,97,https://raw.githubusercontent.com/PokeAPI/sprites/master/sprites/pokemon/10187.png
10188,ザシアン(けんのおう),Fairy,Steel,92,150,115,80,115,148,https://raw.githubusercontent.com/PokeAPI/sprites/master/sprites/pokemon/10188.png
10189,ザマゼンタ(たてのおう),Fighting,Steel,92,120,140,80,140,128,https://raw.githubusercontent.com/PokeAPI/sprites/master/sprites/pokemon/10189.png
10191,ウーラオス(れんげきのかた),Fighting,Water,100,130,100,63,60,97,https://raw.githubusercontent.com/PokeAPI/sprites/master/sprites/pokemon/10191.png
10192,ザルード(とうちゃん),Dark,Grass,105,120,105,70,95,105,https://raw.githubusercontent.com/PokeAPI/sprites/master/sprites/pokemon/10192.png
10193,バドレックス(はくばじょうのすがた),Psychic,Ice,100,165,150,85,130,50,https://raw.githubusercontent.com/PokeAPI/sprites/master/sprites/pokemon/10193.png
10194,バドレックス(こくばじょうのすがた),Psychic,Ghost,100,85,80,165,100,150,https://raw.githubusercontent.com/PokeAPI/sprites/master/sprites/pokemon/10194.png
10229,ガーディ(ヒスイ),Fire,Rock,60,75,45,65,50,55,https://raw.githubusercontent.com/PokeAPI/sprites/master/sprites/pokemon/10229.png
10230,ウインディ(ヒスイ),Fire,Rock,95,115,80,95,80,90,https://raw.githubusercontent.com/PokeAPI/sprites/master/sprites/pokemon/10230.png
10231,ビリリダマ(ヒスイ),Electric,Grass,40,30,50,55,55,100,https://raw.githubusercontent.com/PokeAPI/sprites/master/sprites/pokemon/10231.png
10232,マルマイン(ヒスイ),Electric,Grass,60,50,70,80,80,150,https://raw.githubusercontent.com/PokeAPI/sprites/master/sprites/pokemon/10232.png
10233,バクフーン(ヒスイ),Fire,Ghost,73,84,78,119,85,95,https://raw.githubusercontent.com/PokeAPI/sprites/master/sprites/pokemon/10233.png
10234,ハリーセン(ヒスイ),Dark,Poison,65,95,85,55,55,85,https://raw.githubusercontent.com/PokeAPI/sprites/master/sprites/pokemon/10234.png
10235,ニューラ(ヒスイ),Fighting,Poison,55,95,55,35,75,115,https://raw.githubusercontent.com/PokeAPI/sprites/master/sprites/pokemon/10235.png
10236,ダイケンキ(ヒスイ),Water,Dark,90,108,80,100,65,85,https://raw.githubusercontent.com/PokeAPI/sprites/master/sprites/pokemon/10236.png
10237,ドレディア(ヒスイ),Grass,Fighting,70,105,75,50,75,105,https://raw.githubusercontent.com/PokeAPI/sprites/master/sprites/pokemon/10237.png
10238,ゾロア(ヒスイ),Normal,Ghost,35,60,40,85,40,70,https://raw.githubusercontent.com/PokeAPI/sprites/master/sprites/pokemon/10238.png
10239,ゾロアーク(ヒスイ),Normal,Ghost,55,100,60,125,60,110,https://raw.githubusercontent.com/PokeAPI/sprites/master/sprites/pokemon/10239.png
10240,ウォーグル(ヒスイ),Psychic,Flying,110,83,70,112,70,65,https://raw.githubusercontent.com/PokeAPI/sprites/master/sprites/pokemon/10240.png
10241,ヌメイル(ヒスイ),Steel,Dragon,58,75,83,83,113,40,https://raw.githubusercontent.com/PokeAPI/sprites/master/sprites/pokemon/10241.png
10242,ヌメルゴン(ヒスイ),Steel,Dragon,80,100,100,110,150,60,https://raw.githubusercontent.com/PokeAPI/sprites/master/sprites/pokemon/10242.png
10243,クレベース(ヒスイ),Ice,Rock,95,127,184,34,36,38,https://raw.githubusercontent.com/PokeAPI/sprites/master/sprites/pokemon/10243.png
10244,ジュナイパー(ヒスイ),Grass,Fighting,88,112,80,95,95,60,https://raw.githubusercontent.com/PokeAPI/sprites/master/sprites/pokemon/10244.png
10245,ディアルガ(オリジンフォルム),Steel,Dragon,100,100,120,150,120,90,https://raw.githubusercontent.com/PokeAPI/sprites/master/sprites/pokemon/10245.png
10246,パルキア(オリジンフォルム),Water,Dragon,90,100,100,150,120,120,https://raw.githubusercontent.com/PokeAPI/sprites/master/sprites/pokemon/10246.png
10247,バスラオ(しろすじのすがた),Water,,70,92,65,80,55,98,https://raw.githubusercontent.com/PokeAPI/sprites/master/sprites/pokemon/10247.png
10248,イダイトウ(♀),Water,Ghost,120,92,65,100,75,78,https://raw.githubusercontent.com/PokeAPI/sprites/master/sprites/pokemon/10248.png
10249,ラブトロス(れいじゅうフォルム),Fairy,Flying,74,115,110,135,100,46,https://raw.githubusercontent.com/PokeAPI/sprites/master/sprites/pokemon/10249.png
10250,ケンタロス(パルデア・コンバット),Fighting,,75,110,105,30,70,100,https://raw.githubusercontent.com/PokeAPI/sprites/master/sprites/pokemon/10250.png
10251,ケンタロス(パルデア・ブレイズ),Fighting,Fire,75,110,105,30,70,100,https://raw.githubusercontent.com/PokeAPI/sprites/master/sprites/pokemon/10251.png
10252,ケンタロス(パルデア・ウォーター),Fighting,Water,75,110,105,30,70,100,https://raw.githubusercontent.com/PokeAPI/sprites/master/sprites/pokemon/10252.png
10253,ウパー(パルデア),Poison,Ground,55,45,45,25,25,15,https://raw.githubusercontent.com/PokeAPI/sprites/master/sprites/pokemon/10253.png
10254,パフュートン(♀),Normal,,115,90,70,59,90,65,https://raw.githubusercontent.com/PokeAPI/sprites/master/sprites/pokemon/10254.png
10255,ノココッチ(みつふしフォルム),Normal,,125,100,80,85,75,55,https://raw.githubusercontent.com/PokeAPI/sprites/master/sprites/pokemon/10255.png
10256,イルカマン(マイティ),Water,,100,160,97,106,87,100,https://raw.githubusercontent.com/PokeAPI/sprites/master/sprites/pokemon/10256.png
10257,イッカネズミ(３びきかぞく),Normal,,74,75,70,65,75,111,https://raw.githubusercontent.com/PokeAPI/sprites/master/sprites/pokemon/10257.png
10258,シャリタツ(たれたすがた),Dragon,Water,68,50,60,120,95,82,https://raw.githubusercontent.com/PokeAPI/sprites/master/sprites/pokemon/10258.png
10259,シャリタツ(のびたすがた),Dragon,Water,68,50,60,120,95,82,https://raw.githubusercontent.com/PokeAPI/sprites/master/sprites/pokemon/10259.png
10260,イキリンコ(ブルーフェザー),Normal,Flying,82,96,51,45,51,92,https://raw.githubusercontent.com/PokeAPI/sprites/master/sprites/pokemon/10260.png
10261,イキリンコ(イエローフェザー),Normal,Flying,82,96,51,45,51,92,https://raw.githubusercontent.com/PokeAPI/sprites/master/sprites/pokemon/10261.png
10262,イキリンコ(ホワイトフェザー),Normal,Flying,82,96,51,45,51,92,https://raw.githubusercontent.com/PokeAPI/sprites/master/sprites/pokemon/10262.png
10263,コレクレー(とほ),Ghost,,45,30,25,75,45,80,https://raw.githubusercontent.com/PokeAPI/sprites/master/sprites/pokemon/10263.png
10264,コライドン(せいげんけいたい),Fighting,Dragon,100,135,115,85,100,135,https://raw.githubusercontent.com/PokeAPI/sprites/master/sprites/pokemon/10264.png
10265,コライドン(しっそうけいたい),Fighting,Dragon,100,135,115,85,100,135,https://raw.githubusercontent.com/PokeAPI/sprites/master/sprites/pokemon/10265.png
10266,コライドン(ゆうえいけいたい),Fighting,Dragon,100,135,115,85,100,135,https://raw.githubusercontent.com/PokeAPI/sprites/master/sprites/pokemon/10266.png
10267,コライドン(かっくうけいたい),Fighting,Dragon,100,135,115,85,100,135,https://raw.githubusercontent.com/PokeAPI/sprites/master/sprites/pokemon/10267.png
10268,ミライドン(リミテッドモード),Electric,Dragon,100,85,100,135,115,135,https://raw.githubusercontent.com/PokeAPI/sprites/master/sprites/pokemon/10268.png
10269,ミライドン(ドライブモード),Electric,Dragon,100,85,100,135,115,135,https://raw.githubusercontent.com/PokeAPI/sprites/master/sprites/pokemon/10269.png
10270,ミライドン(フロートモード),Electric,Dragon,100,85,100,135,115,135,https://raw.githubusercontent.com/PokeAPI/sprites/master/sprites/pokemon/10270.png
10271,ミライドン(グライドモード),Electric,Dragon,100,85,100,135,115,135,https://raw.githubusercontent.com/PokeAPI/sprites/master/sprites/pokemon/10271.png
10272,ガチグマ(あかつき),Ground,Normal,113,70,120,135,65,52,https://raw.githubusercontent.com/PokeAPI/sprites/master/sprites/pokemon/10272.png
10273,オーガポン(いどのめん),Grass,Water,80,120,84,60,96,110,https://raw.githubusercontent.com/PokeAPI/sprites/master/sprites/pokemon/10273.png
10274,オーガポン(かまどのめん),Grass,Fire,80,120,84,60,96,110,https://raw.githubusercontent.com/PokeAPI/sprites/master/sprites/pokemon/10274.png
10275,オーガポン(いしずえのめん),Grass,Rock,80,120,84,60,96,110,https://raw.githubusercontent.com/PokeAPI/sprites/master/sprites/pokemon/10275.png
10276,テラパゴス(テラスタル),Normal,,95,95,110,105,110,85,https://raw.githubusercontent.com/PokeAPI/sprites/master/sprites/pokemon/10276.png
10277,テラパゴス(ステラ),Normal,,160,105,110,130,110,85,https://raw.githubusercontent.com/PokeAPI/sprites/master/sprites/pokemon/10277.png
